,State Name,Year,Month,Day of Week,Time of Day,Accident Severity,Number of Vehicles Involved,Vehicle Type Involved,Weather Conditions,Road Condition,Speed Limit (km/h),Driver License Status,Alcohol Involvement,Accident Location Details,Total Number of Casualties
0,Jammu and Kashmir,2021,May,Monday,1:46,Serious,5,Cycle,Hazy,Wet,61,Not Available,Yes,Curve,4
1,Uttar Pradesh,2018,January,Wednesday,21:30,Minor,5,Truck,Hazy,Dry,92,Not Available,Yes,Straight Road,9
2,Chhattisgarh,2023,May,Wednesday,5:37,Minor,5,Pedestrian,Foggy,Under Construction,120,Not Available,No,Bridge,11
3,Uttar Pradesh,2020,June,Saturday,0:31,Minor,3,Bus,Rainy,Dry,76,Valid,Yes,Straight Road,15
4,Sikkim,2021,August,Thursday,11:21,Minor,5,Cycle,Foggy,Wet,115,Not Available,No,Intersection,8
5,Meghalaya,2020,November,Tuesday,8:4,Serious,1,Truck,Stormy,Dry,48,Expired,Yes,Bridge,8
6,Sikkim,2021,October,Monday,18:55,Fatal,2,Two-Wheeler,Foggy,Under Construction,111,Not Available,No,Straight Road,14
7,Himachal Pradesh,2022,December,Wednesday,11:40,Minor,3,Truck,Clear,Damaged,62,Valid,No,Curve,6
8,Rajasthan,2021,July,Saturday,8:26,Fatal,3,Truck,Clear,Damaged,35,Valid,No,Straight Road,8
9,Rajasthan,2018,August,Saturday,2:1,Fatal,2,Car,Foggy,Under Construction,110,Not Available,Yes,Straight Road,5
10,Himachal Pradesh,2020,April,Thursday,22:25,Minor,5,Pedestrian,Hazy,Dry,35,Not Available,Yes,Straight Road,4
11,Uttar Pradesh,2018,August,Tuesday,16:49,Fatal,3,Bus,Clear,Wet,46,Valid,Yes,Curve,5
12,Assam,2021,September,Saturday,23:22,Serious,1,Cycle,Hazy,Under Construction,46,Not Available,Yes,Straight Road,5
13,Bihar,2020,June,Wednesday,6:47,Serious,5,Car,Foggy,Wet,98,Valid,No,Bridge,0
14,Telangana,2021,August,Friday,18:57,Serious,3,Bus,Foggy,Wet,47,Valid,Yes,Intersection,9
15,Arunachal Pradesh,2018,August,Friday,12:6,Minor,4,Cycle,Stormy,Under Construction,60,Not Available,Yes,Curve,9
16,Andhra Pradesh,2019,October,Sunday,12:47,Minor,2,Cycle,Rainy,Damaged,90,Valid,Yes,Curve,11
17,Karnataka,2023,October,Thursday,18:59,Fatal,5,Car,Hazy,Wet,114,Expired,Yes,Intersection,12
18,Sikkim,2023,November,Wednesday,10:51,Serious,3,Auto-Rickshaw,Rainy,Under Construction,80,Valid,Yes,Bridge,8
19,Chhattisgarh,2022,April,Saturday,6:39,Fatal,3,Car,Foggy,Wet,46,Valid,Yes,Straight Road,12
20,Madhya Pradesh,2018,June,Tuesday,8:10,Serious,5,Two-Wheeler,Rainy,Dry,30,Expired,Yes,Bridge,9
21,Puducherry,2022,February,Wednesday,1:35,Serious,2,Car,Hazy,Dry,55,Valid,Yes,Straight Road,13
22,Uttar Pradesh,2022,July,Friday,18:51,Fatal,1,Two-Wheeler,Clear,Wet,34,Expired,Yes,Bridge,13
23,Maharashtra,2022,December,Tuesday,13:34,Serious,3,Cycle,Foggy,Dry,106,Not Available,Yes,Intersection,4
24,Jammu and Kashmir,2022,February,Monday,3:29,Serious,1,Two-Wheeler,Foggy,Damaged,31,Not Available,Yes,Straight Road,2
25,Tamil Nadu,2018,August,Tuesday,11:10,Fatal,3,Auto-Rickshaw,Stormy,Wet,92,Not Available,Yes,Intersection,4
26,Madhya Pradesh,2019,April,Wednesday,15:58,Minor,2,Pedestrian,Clear,Under Construction,71,Not Available,Yes,Straight Road,12
27,Madhya Pradesh,2023,August,Wednesday,0:54,Fatal,1,Car,Stormy,Damaged,90,Expired,Yes,Bridge,11
28,Chandigarh,2019,March,Friday,15:42,Serious,2,Bus,Stormy,Wet,83,Expired,Yes,Curve,8
29,Uttar Pradesh,2018,May,Sunday,10:53,Minor,3,Two-Wheeler,Hazy,Under Construction,33,Valid,Yes,Straight Road,3
30,Gujarat,2019,March,Thursday,15:1,Fatal,2,Car,Stormy,Under Construction,69,Valid,Yes,Bridge,7
31,Uttar Pradesh,2022,November,Tuesday,9:25,Fatal,1,Bus,Clear,Under Construction,53,Valid,Yes,Straight Road,3
32,Maharashtra,2020,July,Saturday,23:21,Serious,5,Bus,Hazy,Damaged,82,Valid,Yes,Curve,8
33,Odisha,2018,July,Thursday,12:1,Minor,3,Auto-Rickshaw,Stormy,Damaged,79,Valid,Yes,Curve,9
34,Telangana,2023,August,Saturday,17:37,Minor,2,Pedestrian,Stormy,Dry,30,Not Available,Yes,Bridge,11
35,West Bengal,2023,February,Sunday,11:2,Serious,3,Cycle,Hazy,Damaged,106,Expired,Yes,Straight Road,14
36,Kerala,2019,January,Tuesday,16:3,Fatal,2,Car,Foggy,Damaged,102,Expired,Yes,Bridge,4
37,Assam,2020,July,Thursday,19:18,Minor,2,Car,Foggy,Under Construction,48,Expired,Yes,Curve,6
38,Nagaland,2018,June,Saturday,17:43,Minor,5,Truck,Foggy,Under Construction,32,Valid,Yes,Intersection,8
39,Meghalaya,2022,February,Monday,6:20,Serious,1,Truck,Hazy,Under Construction,59,Valid,Yes,Straight Road,5
40,Chhattisgarh,2022,February,Wednesday,17:8,Fatal,2,Truck,Rainy,Under Construction,88,Expired,Yes,Bridge,10
41,Gujarat,2022,July,Tuesday,20:19,Serious,5,Auto-Rickshaw,Foggy,Damaged,83,Valid,Yes,Intersection,4
42,West Bengal,2020,April,Friday,7:58,Minor,2,Auto-Rickshaw,Clear,Under Construction,58,Valid,Yes,Bridge,7
43,West Bengal,2018,December,Sunday,7:46,Serious,5,Cycle,Rainy,Damaged,30,Valid,Yes,Straight Road,7
44,Tripura,2022,February,Sunday,10:52,Serious,1,Truck,Foggy,Damaged,104,Valid,Yes,Curve,9
45,Karnataka,2021,February,Wednesday,22:36,Minor,3,Truck,Rainy,Under Construction,93,Not Available,Yes,Intersection,6
46,West Bengal,2021,November,Friday,9:4,Minor,3,Auto-Rickshaw,Foggy,Damaged,82,Not Available,Yes,Intersection,8
47,Chhattisgarh,2020,January,Tuesday,19:34,Fatal,5,Cycle,Rainy,Wet,82,Valid,Yes,Curve,2
48,Himachal Pradesh,2019,October,Wednesday,5:0,Serious,2,Car,Stormy,Under Construction,108,Not Available,Yes,Intersection,7
49,Gujarat,2023,May,Sunday,4:33,Minor,4,Auto-Rickshaw,Hazy,Dry,41,Valid,Yes,Curve,13
50,Gujarat,2019,December,Wednesday,0:26,Fatal,4,Two-Wheeler,Rainy,Wet,61,Not Available,Yes,Intersection,8
51,Uttar Pradesh,2018,May,Thursday,18:57,Minor,2,Two-Wheeler,Rainy,Wet,109,Valid,Yes,Bridge,8
52,Odisha,2022,August,Tuesday,22:43,Fatal,4,Two-Wheeler,Foggy,Under Construction,30,Expired,Yes,Curve,4
53,Uttarakhand,2022,May,Sunday,9:10,Minor,5,Auto-Rickshaw,Hazy,Damaged,114,Not Available,Yes,Straight Road,5
54,Chhattisgarh,2021,April,Saturday,5:38,Serious,4,Pedestrian,Foggy,Dry,37,Valid,Yes,Intersection,10
55,Karnataka,2020,October,Thursday,20:21,Serious,2,Bus,Hazy,Under Construction,50,Expired,Yes,Straight Road,6
56,Uttarakhand,2022,February,Sunday,0:35,Serious,1,Car,Stormy,Wet,89,Not Available,Yes,Intersection,9
57,Arunachal Pradesh,2023,February,Friday,22:31,Fatal,2,Two-Wheeler,Rainy,Under Construction,117,Not Available,Yes,Bridge,11
58,West Bengal,2022,November,Tuesday,0:24,Fatal,5,Cycle,Rainy,Wet,45,Not Available,Yes,Bridge,11
59,Chhattisgarh,2018,April,Monday,7:9,Serious,3,Two-Wheeler,Foggy,Dry,70,Valid,Yes,Bridge,11
60,Haryana,2021,August,Sunday,8:33,Fatal,1,Two-Wheeler,Hazy,Dry,60,Not Available,Yes,Intersection,10
61,Andhra Pradesh,2022,January,Monday,7:51,Minor,1,Pedestrian,Clear,Dry,95,Expired,Yes,Bridge,0
62,Assam,2023,June,Saturday,6:10,Fatal,2,Bus,Clear,Dry,31,Expired,Yes,Straight Road,6
63,Himachal Pradesh,2018,October,Saturday,10:6,Minor,1,Cycle,Foggy,Damaged,85,Valid,Yes,Intersection,9
64,Odisha,2019,June,Thursday,21:56,Fatal,5,Two-Wheeler,Hazy,Dry,110,Valid,Yes,Curve,5
65,Telangana,2019,August,Saturday,10:54,Serious,3,Bus,Foggy,Wet,90,Valid,Yes,Intersection,5
66,Uttarakhand,2021,February,Thursday,20:23,Serious,1,Auto-Rickshaw,Foggy,Wet,61,Expired,Yes,Straight Road,5
67,Goa,2018,February,Saturday,15:1,Fatal,3,Auto-Rickshaw,Clear,Damaged,35,Not Available,Yes,Curve,4
68,Chandigarh,2023,August,Wednesday,17:55,Fatal,4,Auto-Rickshaw,Rainy,Damaged,85,Valid,Yes,Straight Road,7
69,Assam,2023,April,Sunday,5:27,Fatal,2,Pedestrian,Stormy,Wet,99,Valid,Yes,Intersection,0
70,Odisha,2018,May,Wednesday,0:29,Serious,3,Pedestrian,Hazy,Wet,30,Not Available,Yes,Intersection,3
71,Mizoram,2018,June,Friday,16:53,Serious,4,Truck,Hazy,Dry,97,Not Available,Yes,Intersection,2
72,Gujarat,2023,March,Wednesday,13:40,Fatal,3,Truck,Foggy,Wet,105,Expired,No,Intersection,5
73,Meghalaya,2018,April,Tuesday,2:42,Serious,5,Auto-Rickshaw,Hazy,Under Construction,94,Expired,Yes,Straight Road,8
74,Karnataka,2019,October,Monday,5:10,Minor,4,Bus,Stormy,Wet,44,Not Available,Yes,Bridge,12
75,Uttarakhand,2020,April,Saturday,16:57,Minor,3,Bus,Clear,Wet,66,Expired,Yes,Straight Road,8
76,Delhi,2018,January,Tuesday,4:43,Serious,5,Two-Wheeler,Rainy,Under Construction,77,Not Available,Yes,Intersection,5
77,Jharkhand,2022,April,Thursday,0:43,Fatal,4,Cycle,Clear,Dry,38,Not Available,Yes,Straight Road,13
78,Assam,2020,April,Saturday,19:42,Minor,1,Car,Clear,Damaged,43,Not Available,No,Straight Road,5
79,Jammu and Kashmir,2023,February,Saturday,9:18,Fatal,1,Cycle,Clear,Dry,41,Not Available,No,Bridge,4
80,Punjab,2018,April,Tuesday,15:40,Serious,5,Car,Stormy,Dry,30,Not Available,No,Curve,4
81,Jammu and Kashmir,2023,December,Friday,17:12,Fatal,5,Cycle,Rainy,Under Construction,68,Expired,Yes,Intersection,13
82,Gujarat,2018,August,Thursday,9:3,Minor,4,Pedestrian,Foggy,Dry,74,Expired,No,Bridge,10
83,Maharashtra,2019,June,Monday,16:44,Minor,2,Car,Hazy,Under Construction,101,Not Available,Yes,Bridge,10
84,Manipur,2020,May,Sunday,8:53,Minor,5,Two-Wheeler,Hazy,Wet,33,Valid,Yes,Bridge,11
85,Maharashtra,2023,May,Wednesday,12:2,Fatal,4,Two-Wheeler,Hazy,Under Construction,57,Expired,No,Straight Road,8
86,Chandigarh,2020,October,Wednesday,17:6,Minor,1,Car,Rainy,Damaged,43,Expired,Yes,Curve,2
87,Madhya Pradesh,2022,July,Sunday,2:57,Minor,1,Car,Hazy,Dry,81,Expired,Yes,Intersection,10
88,Bihar,2023,March,Monday,3:27,Fatal,4,Bus,Hazy,Dry,67,Expired,No,Bridge,2
89,Tripura,2022,February,Saturday,2:35,Fatal,4,Cycle,Foggy,Under Construction,98,Expired,Yes,Curve,6
90,Madhya Pradesh,2018,October,Tuesday,11:17,Serious,2,Bus,Clear,Under Construction,73,Expired,No,Curve,7
91,Jharkhand,2021,November,Tuesday,23:18,Minor,2,Bus,Stormy,Dry,95,Expired,Yes,Intersection,3
92,Assam,2022,May,Saturday,12:31,Minor,2,Bus,Stormy,Damaged,82,Not Available,Yes,Bridge,8
93,Punjab,2018,August,Sunday,14:45,Serious,1,Cycle,Rainy,Wet,74,Expired,No,Curve,4
94,Nagaland,2018,July,Friday,9:17,Fatal,3,Auto-Rickshaw,Stormy,Damaged,47,Valid,No,Curve,10
95,Uttar Pradesh,2020,April,Saturday,1:29,Minor,4,Car,Clear,Damaged,36,Expired,No,Curve,8
96,Gujarat,2022,August,Sunday,12:26,Serious,1,Two-Wheeler,Rainy,Under Construction,59,Expired,Yes,Bridge,6
97,Tripura,2020,August,Monday,16:40,Serious,5,Cycle,Rainy,Dry,37,Expired,No,Straight Road,15
98,Assam,2020,February,Saturday,12:7,Minor,2,Car,Stormy,Damaged,73,Not Available,Yes,Curve,3
99,Karnataka,2020,December,Tuesday,12:46,Fatal,2,Car,Foggy,Dry,60,Expired,Yes,Straight Road,9
100,Telangana,2023,September,Sunday,13:12,Minor,1,Car,Stormy,Dry,84,Expired,No,Bridge,9
101,Tripura,2020,December,Sunday,10:51,Fatal,4,Auto-Rickshaw,Clear,Dry,100,Not Available,No,Intersection,8
102,Andhra Pradesh,2019,August,Saturday,6:11,Serious,4,Cycle,Rainy,Wet,98,Not Available,No,Intersection,8
103,Kerala,2022,April,Monday,5:20,Minor,3,Two-Wheeler,Clear,Under Construction,86,Expired,Yes,Curve,13
104,Jammu and Kashmir,2019,March,Sunday,7:50,Serious,1,Car,Hazy,Dry,50,Expired,Yes,Bridge,0
105,Goa,2020,June,Sunday,15:50,Fatal,1,Auto-Rickshaw,Stormy,Wet,49,Valid,Yes,Curve,13
106,Gujarat,2023,August,Wednesday,10:13,Serious,4,Pedestrian,Stormy,Wet,102,Valid,No,Curve,9
107,Uttarakhand,2021,May,Thursday,5:29,Fatal,2,Bus,Stormy,Damaged,86,Valid,Yes,Straight Road,4
108,Meghalaya,2019,September,Friday,20:43,Fatal,5,Bus,Hazy,Dry,103,Expired,No,Straight Road,6
109,Manipur,2022,August,Saturday,11:22,Minor,4,Car,Foggy,Under Construction,41,Expired,Yes,Straight Road,12
110,Chhattisgarh,2020,October,Friday,18:43,Fatal,4,Auto-Rickshaw,Clear,Damaged,111,Expired,No,Curve,8
111,Karnataka,2022,December,Tuesday,22:37,Serious,4,Auto-Rickshaw,Stormy,Wet,92,Not Available,No,Intersection,13
112,Manipur,2021,June,Wednesday,3:40,Fatal,5,Pedestrian,Foggy,Under Construction,32,Valid,Yes,Intersection,9
113,Jharkhand,2019,October,Wednesday,8:16,Minor,1,Auto-Rickshaw,Hazy,Under Construction,50,Not Available,No,Curve,15
114,Mizoram,2021,May,Monday,3:50,Serious,3,Truck,Rainy,Under Construction,83,Expired,Yes,Intersection,14
115,Chandigarh,2018,October,Tuesday,18:24,Fatal,5,Two-Wheeler,Stormy,Damaged,120,Expired,No,Intersection,5
116,Punjab,2023,May,Friday,2:20,Minor,3,Truck,Clear,Dry,66,Not Available,Yes,Intersection,0
117,Tripura,2023,February,Wednesday,13:20,Serious,4,Auto-Rickshaw,Clear,Dry,69,Not Available,No,Straight Road,1
118,Telangana,2020,June,Monday,3:19,Minor,5,Two-Wheeler,Stormy,Damaged,73,Not Available,Yes,Curve,11
119,Karnataka,2022,June,Sunday,17:25,Fatal,3,Bus,Rainy,Wet,86,Not Available,Yes,Curve,12
120,Madhya Pradesh,2023,July,Monday,21:40,Fatal,4,Cycle,Rainy,Wet,81,Expired,Yes,Intersection,4
121,Chandigarh,2020,May,Sunday,17:9,Minor,2,Bus,Rainy,Under Construction,61,Valid,Yes,Bridge,10
122,Tamil Nadu,2019,May,Friday,22:3,Minor,3,Bus,Hazy,Wet,35,Valid,Yes,Intersection,14
123,Delhi,2019,April,Monday,16:44,Fatal,5,Bus,Stormy,Under Construction,77,Expired,Yes,Intersection,10
124,Chhattisgarh,2018,October,Wednesday,10:18,Fatal,1,Bus,Clear,Wet,119,Expired,Yes,Bridge,3
125,Puducherry,2022,February,Wednesday,4:31,Serious,5,Cycle,Hazy,Under Construction,30,Valid,Yes,Bridge,15
126,West Bengal,2018,June,Saturday,20:12,Serious,1,Bus,Rainy,Under Construction,88,Expired,Yes,Intersection,3
127,Tamil Nadu,2023,November,Thursday,21:27,Serious,5,Two-Wheeler,Rainy,Under Construction,80,Not Available,Yes,Intersection,11
128,Punjab,2019,May,Tuesday,22:18,Minor,5,Pedestrian,Stormy,Wet,49,Expired,Yes,Intersection,8
129,Karnataka,2020,May,Thursday,6:49,Serious,2,Cycle,Rainy,Wet,96,Valid,Yes,Intersection,10
130,Nagaland,2020,November,Sunday,20:49,Serious,3,Cycle,Foggy,Dry,79,Expired,Yes,Intersection,4
131,Maharashtra,2019,July,Monday,20:4,Fatal,3,Pedestrian,Clear,Wet,35,Valid,Yes,Bridge,4
132,Meghalaya,2022,October,Thursday,4:47,Fatal,5,Bus,Clear,Damaged,95,Not Available,Yes,Curve,12
133,Karnataka,2023,June,Sunday,23:33,Serious,3,Two-Wheeler,Rainy,Wet,31,Valid,Yes,Straight Road,8
134,Haryana,2023,August,Sunday,6:1,Minor,1,Cycle,Foggy,Dry,70,Not Available,Yes,Curve,9
135,Tamil Nadu,2018,January,Friday,22:19,Minor,1,Truck,Hazy,Damaged,55,Not Available,Yes,Straight Road,10
136,Sikkim,2022,September,Thursday,22:7,Serious,2,Car,Foggy,Wet,107,Valid,Yes,Bridge,5
137,Bihar,2021,June,Tuesday,6:44,Fatal,5,Car,Stormy,Under Construction,44,Valid,Yes,Curve,14
138,Odisha,2019,September,Friday,8:19,Serious,2,Two-Wheeler,Stormy,Damaged,68,Expired,Yes,Curve,8
139,Telangana,2019,July,Friday,20:20,Serious,1,Car,Hazy,Wet,53,Valid,Yes,Intersection,6
140,Andhra Pradesh,2021,December,Thursday,7:47,Minor,4,Bus,Clear,Under Construction,119,Not Available,Yes,Curve,9
141,Chhattisgarh,2019,May,Friday,0:21,Minor,4,Auto-Rickshaw,Foggy,Dry,56,Valid,Yes,Intersection,2
142,Madhya Pradesh,2019,November,Thursday,10:31,Serious,1,Car,Stormy,Dry,117,Valid,Yes,Curve,1
143,Assam,2021,August,Sunday,23:25,Fatal,2,Pedestrian,Rainy,Under Construction,52,Expired,Yes,Curve,10
144,Nagaland,2018,March,Monday,8:16,Minor,1,Pedestrian,Foggy,Under Construction,53,Not Available,Yes,Curve,1
145,Karnataka,2020,May,Monday,2:21,Fatal,1,Two-Wheeler,Rainy,Wet,54,Expired,Yes,Straight Road,7
146,Chandigarh,2021,September,Thursday,23:48,Minor,3,Truck,Clear,Wet,119,Expired,Yes,Bridge,3
147,Arunachal Pradesh,2018,June,Sunday,4:11,Fatal,4,Cycle,Hazy,Under Construction,101,Valid,Yes,Curve,5
148,Puducherry,2018,July,Friday,12:56,Minor,3,Truck,Clear,Under Construction,86,Expired,Yes,Curve,0
149,Gujarat,2021,June,Saturday,6:52,Fatal,5,Car,Stormy,Under Construction,56,Not Available,Yes,Bridge,6
150,Tamil Nadu,2022,April,Saturday,14:54,Serious,1,Truck,Hazy,Under Construction,69,Expired,Yes,Curve,5
151,Assam,2022,November,Saturday,7:50,Minor,5,Two-Wheeler,Foggy,Damaged,54,Not Available,Yes,Intersection,10
152,Jharkhand,2018,March,Saturday,2:29,Serious,3,Bus,Clear,Damaged,38,Not Available,Yes,Straight Road,9
153,Meghalaya,2020,February,Sunday,14:16,Serious,1,Cycle,Hazy,Under Construction,54,Not Available,Yes,Bridge,11
154,Bihar,2019,March,Tuesday,20:20,Minor,5,Car,Stormy,Dry,67,Expired,Yes,Straight Road,10
155,Manipur,2020,April,Monday,21:52,Fatal,1,Car,Clear,Under Construction,69,Not Available,Yes,Intersection,6
156,Uttarakhand,2019,July,Wednesday,19:50,Serious,4,Bus,Hazy,Dry,69,Expired,Yes,Curve,9
157,Delhi,2018,January,Saturday,20:38,Serious,3,Pedestrian,Clear,Damaged,90,Valid,Yes,Intersection,9
158,Bihar,2019,March,Saturday,6:4,Fatal,1,Two-Wheeler,Stormy,Under Construction,35,Valid,Yes,Intersection,6
159,Tripura,2019,September,Friday,7:15,Minor,1,Car,Rainy,Under Construction,118,Expired,Yes,Curve,11
160,Haryana,2023,September,Wednesday,2:36,Serious,2,Truck,Rainy,Dry,75,Not Available,Yes,Bridge,9
161,Telangana,2019,October,Thursday,20:47,Minor,2,Pedestrian,Hazy,Under Construction,116,Expired,Yes,Curve,3
162,Rajasthan,2018,August,Saturday,14:14,Serious,3,Auto-Rickshaw,Stormy,Dry,120,Valid,Yes,Bridge,3
163,Puducherry,2019,December,Wednesday,15:21,Minor,1,Bus,Hazy,Dry,73,Valid,Yes,Curve,4
164,Puducherry,2023,July,Sunday,12:12,Fatal,5,Cycle,Hazy,Wet,40,Not Available,Yes,Bridge,2
165,Madhya Pradesh,2019,August,Saturday,12:46,Minor,5,Two-Wheeler,Hazy,Dry,31,Valid,Yes,Bridge,4
166,Uttar Pradesh,2023,November,Friday,15:18,Minor,1,Car,Stormy,Wet,45,Valid,Yes,Bridge,8
167,Assam,2019,May,Sunday,20:55,Serious,3,Truck,Clear,Under Construction,100,Expired,Yes,Bridge,7
168,Chandigarh,2019,August,Thursday,17:40,Serious,3,Truck,Clear,Dry,64,Valid,Yes,Curve,2
169,Himachal Pradesh,2023,December,Friday,5:36,Minor,3,Auto-Rickshaw,Clear,Under Construction,78,Valid,Yes,Curve,4
170,Sikkim,2021,September,Saturday,4:57,Serious,5,Pedestrian,Clear,Under Construction,91,Not Available,Yes,Bridge,0
171,Odisha,2020,December,Monday,2:24,Fatal,5,Truck,Clear,Dry,66,Not Available,Yes,Straight Road,9
172,Tamil Nadu,2023,January,Sunday,4:46,Fatal,2,Cycle,Foggy,Under Construction,34,Not Available,Yes,Curve,14
173,Karnataka,2020,August,Monday,19:24,Fatal,5,Cycle,Rainy,Damaged,73,Not Available,Yes,Intersection,2
174,Delhi,2018,October,Sunday,17:59,Minor,5,Bus,Foggy,Dry,67,Valid,Yes,Bridge,10
175,Madhya Pradesh,2023,September,Saturday,23:11,Minor,4,Bus,Rainy,Under Construction,108,Expired,Yes,Curve,9
176,Puducherry,2020,October,Tuesday,20:35,Minor,5,Pedestrian,Foggy,Damaged,65,Expired,Yes,Bridge,9
177,Kerala,2020,July,Saturday,13:27,Fatal,4,Cycle,Rainy,Dry,78,Not Available,Yes,Curve,12
178,Assam,2020,December,Saturday,3:48,Fatal,2,Pedestrian,Stormy,Damaged,49,Valid,Yes,Intersection,2
179,Delhi,2022,September,Thursday,9:15,Minor,2,Two-Wheeler,Rainy,Damaged,87,Not Available,Yes,Straight Road,0
180,Haryana,2020,March,Monday,20:24,Fatal,2,Bus,Clear,Under Construction,91,Expired,Yes,Curve,7
181,Punjab,2023,July,Saturday,10:14,Minor,5,Pedestrian,Clear,Wet,111,Not Available,Yes,Intersection,9
182,Assam,2020,January,Sunday,23:22,Serious,5,Cycle,Foggy,Damaged,99,Valid,Yes,Curve,8
183,Odisha,2023,May,Wednesday,6:14,Fatal,5,Cycle,Foggy,Damaged,58,Valid,Yes,Straight Road,8
184,Chhattisgarh,2023,April,Tuesday,17:10,Fatal,1,Auto-Rickshaw,Hazy,Dry,117,Not Available,Yes,Straight Road,7
185,Sikkim,2018,June,Saturday,5:53,Serious,2,Two-Wheeler,Rainy,Wet,40,Valid,Yes,Curve,5
186,Mizoram,2019,June,Monday,5:35,Minor,4,Cycle,Foggy,Under Construction,35,Expired,Yes,Straight Road,11
187,West Bengal,2018,August,Thursday,3:40,Serious,1,Auto-Rickshaw,Stormy,Under Construction,48,Valid,Yes,Bridge,8
188,Bihar,2019,May,Sunday,5:19,Minor,3,Truck,Stormy,Under Construction,118,Valid,Yes,Straight Road,11
189,Tripura,2018,February,Wednesday,0:6,Serious,5,Cycle,Clear,Damaged,53,Not Available,Yes,Intersection,5
190,West Bengal,2021,July,Saturday,3:30,Minor,3,Auto-Rickshaw,Clear,Under Construction,38,Expired,Yes,Intersection,2
191,Rajasthan,2023,December,Tuesday,22:0,Minor,5,Car,Clear,Wet,62,Expired,Yes,Straight Road,10
192,Tripura,2018,April,Wednesday,20:12,Serious,1,Bus,Foggy,Damaged,90,Expired,Yes,Curve,11
193,Bihar,2021,January,Sunday,20:17,Fatal,3,Bus,Foggy,Wet,40,Expired,Yes,Intersection,12
194,Rajasthan,2022,February,Tuesday,12:25,Serious,4,Car,Hazy,Under Construction,51,Not Available,Yes,Intersection,9
195,Jharkhand,2023,June,Tuesday,7:2,Fatal,5,Two-Wheeler,Stormy,Wet,83,Expired,Yes,Curve,2
196,Delhi,2023,October,Tuesday,22:37,Serious,3,Pedestrian,Clear,Damaged,55,Expired,Yes,Straight Road,9
197,Punjab,2018,June,Monday,0:54,Minor,4,Car,Hazy,Wet,106,Valid,Yes,Intersection,4
198,Sikkim,2020,April,Saturday,4:9,Minor,5,Pedestrian,Stormy,Under Construction,120,Not Available,Yes,Bridge,7
199,Tamil Nadu,2018,May,Tuesday,12:58,Minor,4,Pedestrian,Foggy,Under Construction,117,Expired,Yes,Straight Road,11
200,Uttarakhand,2020,June,Monday,13:34,Fatal,1,Auto-Rickshaw,Hazy,Under Construction,50,Expired,Yes,Curve,3
201,Himachal Pradesh,2020,November,Monday,3:3,Minor,4,Bus,Rainy,Damaged,32,Valid,Yes,Intersection,5
202,Gujarat,2022,June,Wednesday,15:17,Fatal,1,Cycle,Hazy,Damaged,32,Valid,Yes,Intersection,10
203,Uttar Pradesh,2018,October,Tuesday,19:42,Serious,2,Car,Stormy,Dry,106,Expired,Yes,Curve,7
204,Madhya Pradesh,2020,August,Sunday,14:42,Serious,5,Two-Wheeler,Hazy,Under Construction,34,Valid,Yes,Straight Road,7
205,Karnataka,2019,January,Tuesday,12:21,Fatal,3,Cycle,Hazy,Damaged,41,Expired,Yes,Curve,8
206,Manipur,2019,August,Friday,2:1,Minor,5,Truck,Hazy,Wet,120,Expired,Yes,Straight Road,5
207,Madhya Pradesh,2019,February,Thursday,8:19,Serious,2,Cycle,Clear,Under Construction,84,Valid,Yes,Curve,10
208,Uttarakhand,2021,November,Sunday,13:44,Minor,4,Car,Stormy,Under Construction,49,Not Available,Yes,Curve,13
209,Jammu and Kashmir,2021,October,Friday,11:52,Minor,1,Two-Wheeler,Stormy,Under Construction,79,Expired,Yes,Straight Road,5
210,Goa,2022,February,Friday,21:5,Fatal,4,Two-Wheeler,Hazy,Wet,95,Not Available,Yes,Intersection,13
211,Uttarakhand,2021,May,Tuesday,0:41,Fatal,5,Cycle,Rainy,Damaged,105,Not Available,Yes,Straight Road,3
212,Chhattisgarh,2021,November,Friday,4:24,Minor,1,Auto-Rickshaw,Stormy,Damaged,111,Expired,Yes,Intersection,2
213,Maharashtra,2021,May,Thursday,13:53,Minor,2,Two-Wheeler,Stormy,Wet,75,Not Available,Yes,Intersection,12
214,Maharashtra,2021,May,Monday,1:4,Serious,3,Two-Wheeler,Hazy,Damaged,50,Valid,Yes,Straight Road,8
215,Manipur,2022,October,Saturday,0:6,Fatal,4,Bus,Clear,Dry,98,Expired,Yes,Straight Road,3
216,Himachal Pradesh,2023,March,Tuesday,5:14,Minor,3,Two-Wheeler,Stormy,Damaged,93,Valid,Yes,Intersection,6
217,Delhi,2021,September,Thursday,20:15,Serious,1,Truck,Stormy,Damaged,102,Expired,Yes,Straight Road,10
218,Nagaland,2021,January,Wednesday,14:19,Minor,1,Two-Wheeler,Foggy,Dry,38,Valid,Yes,Intersection,3
219,Karnataka,2023,March,Friday,21:18,Serious,3,Two-Wheeler,Clear,Wet,118,Expired,Yes,Curve,10
220,Manipur,2022,May,Wednesday,17:8,Serious,5,Pedestrian,Hazy,Damaged,120,Valid,Yes,Intersection,10
221,Meghalaya,2021,November,Saturday,22:53,Fatal,4,Auto-Rickshaw,Hazy,Damaged,99,Not Available,Yes,Straight Road,6
222,Telangana,2019,June,Wednesday,9:33,Minor,2,Truck,Hazy,Damaged,30,Valid,Yes,Straight Road,8
223,Arunachal Pradesh,2021,November,Monday,13:4,Minor,5,Cycle,Rainy,Under Construction,43,Expired,Yes,Curve,3
224,Goa,2019,August,Thursday,16:7,Minor,2,Car,Clear,Damaged,62,Expired,Yes,Intersection,8
225,Punjab,2021,November,Saturday,19:19,Serious,2,Truck,Hazy,Under Construction,67,Expired,Yes,Straight Road,1
226,Bihar,2023,April,Thursday,16:26,Minor,2,Car,Stormy,Dry,54,Expired,Yes,Bridge,11
227,Goa,2021,May,Friday,11:16,Minor,1,Pedestrian,Rainy,Wet,97,Valid,Yes,Bridge,13
228,Haryana,2023,December,Wednesday,13:48,Minor,1,Cycle,Rainy,Damaged,68,Expired,Yes,Straight Road,11
229,Gujarat,2020,April,Sunday,17:25,Minor,2,Auto-Rickshaw,Foggy,Damaged,110,Expired,Yes,Bridge,12
230,Nagaland,2021,April,Wednesday,22:45,Fatal,5,Auto-Rickshaw,Rainy,Wet,35,Valid,Yes,Bridge,5
231,Manipur,2021,January,Wednesday,0:54,Serious,2,Truck,Foggy,Under Construction,42,Not Available,Yes,Intersection,6
232,Kerala,2021,December,Friday,17:1,Serious,2,Two-Wheeler,Hazy,Dry,100,Not Available,Yes,Curve,14
233,Goa,2019,June,Wednesday,14:59,Serious,2,Cycle,Foggy,Dry,109,Expired,Yes,Straight Road,4
234,Sikkim,2021,August,Thursday,13:11,Serious,1,Auto-Rickshaw,Clear,Wet,59,Expired,Yes,Straight Road,4
235,Puducherry,2023,December,Wednesday,21:33,Serious,3,Auto-Rickshaw,Clear,Under Construction,86,Expired,Yes,Straight Road,6
236,Arunachal Pradesh,2019,December,Thursday,11:33,Fatal,3,Pedestrian,Rainy,Under Construction,75,Not Available,Yes,Curve,7
237,Uttar Pradesh,2021,April,Tuesday,21:9,Serious,2,Bus,Clear,Damaged,49,Not Available,Yes,Straight Road,4
238,Goa,2019,June,Monday,4:45,Fatal,5,Pedestrian,Foggy,Under Construction,106,Not Available,Yes,Straight Road,6
239,Jharkhand,2023,April,Monday,9:22,Serious,2,Two-Wheeler,Rainy,Damaged,118,Valid,Yes,Bridge,11
240,West Bengal,2020,August,Thursday,13:42,Fatal,4,Auto-Rickshaw,Hazy,Wet,112,Not Available,Yes,Bridge,12
241,Odisha,2018,November,Thursday,16:36,Serious,4,Auto-Rickshaw,Foggy,Under Construction,88,Not Available,Yes,Curve,12
242,Punjab,2020,January,Monday,8:9,Serious,5,Truck,Stormy,Wet,85,Expired,Yes,Bridge,6
243,Jharkhand,2020,August,Monday,8:31,Serious,1,Pedestrian,Hazy,Wet,46,Valid,Yes,Bridge,8
244,Bihar,2023,April,Tuesday,8:55,Minor,5,Truck,Stormy,Wet,45,Valid,Yes,Straight Road,4
245,Nagaland,2019,March,Thursday,7:29,Serious,5,Auto-Rickshaw,Foggy,Damaged,62,Not Available,Yes,Straight Road,6
246,Jharkhand,2023,February,Thursday,22:27,Minor,1,Car,Clear,Dry,65,Expired,Yes,Straight Road,1
247,Kerala,2022,October,Tuesday,0:7,Serious,4,Pedestrian,Stormy,Under Construction,66,Valid,Yes,Curve,10
248,Sikkim,2021,January,Wednesday,0:0,Minor,4,Bus,Stormy,Wet,91,Expired,Yes,Bridge,7
249,Telangana,2022,September,Wednesday,16:38,Fatal,3,Two-Wheeler,Clear,Dry,46,Valid,Yes,Curve,7
250,Goa,2018,May,Tuesday,6:54,Minor,1,Cycle,Clear,Wet,119,Not Available,Yes,Bridge,3
251,Karnataka,2019,March,Wednesday,17:11,Serious,1,Auto-Rickshaw,Hazy,Wet,57,Valid,Yes,Intersection,12
252,West Bengal,2018,May,Friday,17:10,Fatal,4,Car,Foggy,Under Construction,115,Valid,Yes,Intersection,12
253,Karnataka,2018,July,Sunday,23:46,Serious,5,Two-Wheeler,Clear,Dry,85,Valid,Yes,Bridge,15
254,Jammu and Kashmir,2022,January,Saturday,2:23,Serious,4,Two-Wheeler,Hazy,Under Construction,103,Expired,Yes,Curve,8
255,Chandigarh,2021,November,Friday,14:20,Serious,1,Two-Wheeler,Clear,Wet,46,Not Available,Yes,Bridge,5
256,Madhya Pradesh,2020,January,Sunday,20:5,Minor,4,Two-Wheeler,Clear,Under Construction,81,Not Available,Yes,Straight Road,12
257,Odisha,2021,November,Friday,9:13,Minor,3,Two-Wheeler,Hazy,Damaged,31,Expired,No,Bridge,13
258,Rajasthan,2022,August,Friday,10:34,Minor,3,Two-Wheeler,Clear,Wet,90,Valid,Yes,Bridge,9
259,Uttarakhand,2018,July,Friday,6:40,Serious,5,Cycle,Hazy,Damaged,61,Expired,Yes,Bridge,3
260,Uttarakhand,2022,August,Monday,23:32,Serious,3,Auto-Rickshaw,Clear,Under Construction,66,Valid,Yes,Bridge,4
261,Kerala,2020,January,Thursday,19:54,Serious,3,Bus,Clear,Dry,44,Expired,No,Intersection,6
262,Madhya Pradesh,2022,November,Wednesday,20:31,Fatal,3,Pedestrian,Clear,Under Construction,69,Not Available,Yes,Curve,12
263,Meghalaya,2022,March,Thursday,3:10,Serious,5,Pedestrian,Hazy,Wet,98,Not Available,No,Intersection,11
264,Himachal Pradesh,2020,June,Tuesday,1:8,Serious,5,Car,Stormy,Damaged,37,Valid,No,Straight Road,5
265,Karnataka,2022,June,Friday,20:12,Fatal,4,Auto-Rickshaw,Clear,Wet,39,Expired,Yes,Straight Road,1
266,Goa,2019,May,Friday,12:0,Serious,3,Two-Wheeler,Rainy,Under Construction,60,Valid,Yes,Intersection,2
267,Tamil Nadu,2019,October,Monday,18:40,Minor,5,Two-Wheeler,Clear,Damaged,61,Valid,No,Bridge,6
268,Telangana,2020,June,Monday,8:7,Fatal,3,Cycle,Stormy,Under Construction,54,Expired,Yes,Curve,5
269,Tripura,2020,January,Friday,6:37,Minor,5,Pedestrian,Rainy,Damaged,82,Not Available,No,Intersection,9
270,West Bengal,2018,September,Friday,8:31,Fatal,4,Truck,Stormy,Wet,76,Expired,Yes,Bridge,5
271,Meghalaya,2021,March,Sunday,4:8,Serious,3,Bus,Foggy,Damaged,116,Valid,No,Curve,9
272,Telangana,2021,February,Friday,22:4,Serious,2,Two-Wheeler,Clear,Dry,60,Expired,No,Curve,7
273,West Bengal,2020,August,Saturday,6:27,Fatal,2,Car,Foggy,Under Construction,103,Expired,Yes,Intersection,14
274,Madhya Pradesh,2019,July,Sunday,17:12,Fatal,3,Bus,Clear,Dry,32,Not Available,Yes,Straight Road,2
275,Sikkim,2021,December,Friday,21:32,Fatal,5,Bus,Stormy,Wet,109,Expired,Yes,Straight Road,11
276,Goa,2019,November,Wednesday,14:26,Minor,1,Cycle,Stormy,Damaged,62,Not Available,No,Bridge,4
277,Chandigarh,2019,January,Thursday,23:5,Serious,2,Bus,Hazy,Dry,46,Not Available,Yes,Intersection,8
278,Jharkhand,2020,July,Wednesday,12:46,Serious,2,Two-Wheeler,Rainy,Under Construction,70,Valid,No,Intersection,3
279,Uttarakhand,2022,January,Sunday,6:53,Fatal,3,Bus,Stormy,Damaged,87,Expired,Yes,Bridge,2
280,Tamil Nadu,2021,October,Wednesday,8:38,Fatal,3,Bus,Clear,Damaged,67,Expired,No,Bridge,9
281,Maharashtra,2022,February,Tuesday,0:14,Minor,5,Car,Hazy,Wet,105,Expired,Yes,Straight Road,10
282,Maharashtra,2019,February,Tuesday,13:31,Fatal,3,Bus,Foggy,Dry,120,Valid,Yes,Intersection,9
283,Andhra Pradesh,2022,October,Tuesday,9:38,Serious,1,Cycle,Hazy,Wet,112,Expired,No,Curve,8
284,Delhi,2021,May,Sunday,4:51,Minor,3,Pedestrian,Stormy,Dry,54,Not Available,Yes,Curve,10
285,Gujarat,2023,June,Thursday,4:39,Minor,2,Pedestrian,Clear,Dry,40,Expired,No,Intersection,4
286,Andhra Pradesh,2020,December,Saturday,21:46,Fatal,2,Cycle,Stormy,Wet,40,Expired,No,Straight Road,12
287,Rajasthan,2021,July,Monday,0:53,Minor,5,Two-Wheeler,Rainy,Damaged,65,Not Available,No,Bridge,5
288,Assam,2023,May,Tuesday,0:12,Serious,4,Truck,Foggy,Under Construction,103,Expired,Yes,Curve,7
289,Andhra Pradesh,2020,November,Friday,13:3,Fatal,2,Pedestrian,Stormy,Under Construction,32,Not Available,Yes,Intersection,2
290,Haryana,2022,February,Thursday,14:54,Serious,5,Cycle,Clear,Damaged,37,Valid,Yes,Bridge,9
291,Goa,2021,February,Monday,8:27,Fatal,4,Two-Wheeler,Foggy,Dry,114,Valid,Yes,Intersection,11
292,Arunachal Pradesh,2018,December,Saturday,3:45,Serious,5,Auto-Rickshaw,Clear,Damaged,72,Valid,Yes,Straight Road,6
293,Nagaland,2020,July,Sunday,14:58,Minor,5,Cycle,Stormy,Dry,80,Valid,Yes,Intersection,13
294,West Bengal,2023,May,Tuesday,13:36,Minor,5,Two-Wheeler,Hazy,Damaged,61,Expired,No,Intersection,4
295,Odisha,2019,March,Thursday,15:5,Serious,1,Car,Hazy,Dry,90,Valid,No,Bridge,6
296,West Bengal,2023,February,Saturday,0:13,Fatal,1,Bus,Hazy,Dry,71,Valid,Yes,Bridge,11
297,Jammu and Kashmir,2023,August,Sunday,14:59,Fatal,2,Truck,Stormy,Under Construction,88,Not Available,No,Intersection,13
298,Chhattisgarh,2018,April,Sunday,6:33,Fatal,1,Bus,Foggy,Dry,68,Valid,Yes,Bridge,2
299,Punjab,2018,May,Saturday,7:0,Minor,1,Two-Wheeler,Hazy,Damaged,42,Expired,No,Straight Road,6
300,Manipur,2019,October,Thursday,2:4,Minor,2,Cycle,Clear,Under Construction,58,Not Available,No,Curve,9
301,West Bengal,2018,September,Thursday,18:31,Serious,5,Truck,Foggy,Under Construction,100,Valid,No,Curve,8
302,Manipur,2019,March,Wednesday,13:17,Serious,4,Pedestrian,Rainy,Under Construction,111,Not Available,No,Straight Road,6
303,Himachal Pradesh,2023,March,Sunday,15:2,Fatal,1,Cycle,Foggy,Wet,89,Not Available,No,Curve,6
304,Delhi,2022,March,Sunday,17:14,Minor,4,Auto-Rickshaw,Foggy,Dry,61,Not Available,No,Straight Road,10
305,Nagaland,2019,September,Thursday,9:24,Minor,2,Car,Stormy,Wet,90,Valid,No,Intersection,13
306,Punjab,2019,September,Thursday,0:49,Minor,3,Pedestrian,Hazy,Wet,99,Expired,Yes,Intersection,8
307,Himachal Pradesh,2020,January,Tuesday,17:24,Serious,4,Auto-Rickshaw,Hazy,Dry,111,Valid,Yes,Intersection,9
308,Haryana,2023,January,Friday,0:26,Minor,1,Bus,Stormy,Under Construction,98,Valid,Yes,Intersection,4
309,Sikkim,2023,July,Friday,12:30,Minor,2,Cycle,Rainy,Dry,37,Not Available,No,Bridge,4
310,Mizoram,2021,January,Wednesday,15:27,Fatal,1,Cycle,Hazy,Dry,67,Not Available,Yes,Intersection,15
311,Sikkim,2021,February,Saturday,10:12,Serious,5,Pedestrian,Foggy,Dry,78,Not Available,No,Bridge,4
312,Sikkim,2020,August,Friday,8:34,Serious,4,Two-Wheeler,Rainy,Wet,73,Expired,No,Curve,12
313,Telangana,2020,March,Wednesday,8:29,Fatal,3,Cycle,Clear,Under Construction,41,Not Available,No,Bridge,7
314,Meghalaya,2019,February,Tuesday,17:2,Fatal,5,Two-Wheeler,Foggy,Dry,100,Expired,No,Intersection,1
315,Chhattisgarh,2022,July,Monday,19:58,Fatal,3,Bus,Clear,Dry,54,Expired,No,Intersection,10
316,Gujarat,2022,December,Thursday,2:20,Minor,5,Cycle,Clear,Under Construction,84,Not Available,No,Intersection,6
317,Jharkhand,2022,July,Thursday,14:18,Serious,4,Truck,Foggy,Under Construction,103,Not Available,Yes,Straight Road,5
318,Chhattisgarh,2019,October,Saturday,8:59,Minor,3,Pedestrian,Rainy,Wet,103,Expired,No,Curve,13
319,Nagaland,2019,September,Saturday,21:35,Serious,5,Auto-Rickshaw,Rainy,Dry,97,Valid,No,Straight Road,14
320,Assam,2023,September,Saturday,23:25,Fatal,1,Bus,Clear,Under Construction,60,Valid,Yes,Intersection,4
321,Tripura,2018,July,Thursday,12:28,Fatal,5,Auto-Rickshaw,Foggy,Damaged,38,Not Available,No,Intersection,1
322,Bihar,2018,January,Thursday,14:33,Fatal,4,Auto-Rickshaw,Foggy,Under Construction,56,Valid,No,Intersection,2
323,Goa,2022,August,Wednesday,14:42,Fatal,2,Two-Wheeler,Clear,Under Construction,100,Expired,No,Intersection,11
324,Assam,2020,June,Tuesday,0:49,Fatal,2,Two-Wheeler,Hazy,Wet,79,Expired,No,Bridge,14
325,Mizoram,2020,June,Tuesday,9:21,Fatal,4,Bus,Stormy,Damaged,104,Not Available,Yes,Intersection,4
326,Nagaland,2020,June,Sunday,13:47,Serious,1,Auto-Rickshaw,Hazy,Wet,40,Expired,No,Bridge,12
327,West Bengal,2018,December,Sunday,11:33,Fatal,4,Car,Hazy,Under Construction,49,Valid,Yes,Curve,7
328,Manipur,2022,August,Sunday,14:5,Fatal,3,Two-Wheeler,Stormy,Damaged,93,Expired,Yes,Intersection,14
329,Goa,2022,January,Sunday,1:23,Minor,4,Truck,Hazy,Damaged,59,Not Available,No,Straight Road,11
330,Maharashtra,2023,December,Sunday,15:36,Fatal,2,Cycle,Clear,Damaged,46,Expired,Yes,Intersection,8
331,Goa,2020,January,Friday,4:11,Serious,5,Two-Wheeler,Clear,Wet,49,Valid,Yes,Straight Road,11
332,Mizoram,2018,January,Tuesday,18:22,Serious,4,Pedestrian,Rainy,Dry,46,Expired,Yes,Curve,9
333,Sikkim,2019,April,Sunday,21:28,Serious,2,Two-Wheeler,Rainy,Under Construction,109,Valid,Yes,Straight Road,2
334,Haryana,2019,January,Sunday,20:13,Minor,3,Auto-Rickshaw,Clear,Dry,96,Not Available,Yes,Intersection,6
335,Tripura,2019,May,Friday,5:23,Serious,5,Pedestrian,Rainy,Under Construction,35,Not Available,Yes,Bridge,6
336,Assam,2023,January,Tuesday,8:24,Fatal,2,Two-Wheeler,Clear,Under Construction,95,Not Available,Yes,Bridge,7
337,Maharashtra,2022,July,Wednesday,5:39,Fatal,5,Pedestrian,Stormy,Damaged,75,Expired,Yes,Straight Road,10
338,Manipur,2021,February,Wednesday,23:9,Fatal,3,Auto-Rickshaw,Rainy,Damaged,49,Not Available,No,Bridge,10
339,Madhya Pradesh,2023,April,Tuesday,13:9,Fatal,2,Cycle,Rainy,Dry,65,Not Available,Yes,Straight Road,8
340,Bihar,2018,December,Tuesday,14:40,Fatal,2,Car,Rainy,Damaged,101,Expired,No,Curve,6
341,Kerala,2022,April,Saturday,8:40,Serious,5,Two-Wheeler,Stormy,Under Construction,106,Valid,Yes,Bridge,9
342,Chandigarh,2022,August,Monday,20:7,Minor,2,Bus,Foggy,Under Construction,101,Valid,Yes,Curve,4
343,Karnataka,2019,July,Saturday,14:12,Serious,4,Cycle,Stormy,Dry,68,Not Available,Yes,Straight Road,8
344,Karnataka,2020,June,Friday,13:0,Serious,5,Bus,Hazy,Under Construction,66,Not Available,No,Straight Road,5
345,Puducherry,2019,November,Thursday,21:57,Serious,2,Car,Rainy,Damaged,118,Valid,Yes,Bridge,12
346,Maharashtra,2020,February,Saturday,12:6,Fatal,4,Truck,Foggy,Damaged,71,Valid,No,Bridge,1
347,Goa,2021,March,Saturday,3:39,Serious,2,Bus,Hazy,Under Construction,30,Expired,No,Curve,10
348,Assam,2021,August,Sunday,7:34,Fatal,5,Bus,Hazy,Wet,32,Not Available,Yes,Intersection,6
349,Chandigarh,2020,May,Wednesday,16:58,Serious,2,Auto-Rickshaw,Clear,Wet,107,Expired,No,Bridge,7
350,Meghalaya,2021,May,Sunday,0:22,Minor,1,Cycle,Foggy,Damaged,112,Valid,No,Intersection,2
351,Odisha,2023,January,Saturday,13:7,Serious,5,Truck,Clear,Dry,78,Expired,No,Curve,10
352,Nagaland,2019,September,Tuesday,19:5,Fatal,1,Cycle,Rainy,Wet,31,Not Available,Yes,Bridge,8
353,Odisha,2020,October,Friday,14:37,Minor,3,Bus,Clear,Under Construction,104,Not Available,Yes,Straight Road,2
354,Tamil Nadu,2021,May,Friday,14:10,Minor,5,Truck,Rainy,Under Construction,72,Not Available,Yes,Bridge,9
355,Goa,2020,September,Tuesday,17:31,Fatal,1,Cycle,Rainy,Under Construction,107,Expired,Yes,Straight Road,13
356,Manipur,2023,February,Thursday,22:5,Fatal,1,Truck,Foggy,Under Construction,52,Expired,No,Curve,9
357,Delhi,2020,November,Saturday,20:51,Serious,4,Two-Wheeler,Hazy,Damaged,57,Not Available,Yes,Bridge,7
358,Sikkim,2018,June,Wednesday,1:5,Serious,5,Two-Wheeler,Foggy,Dry,105,Not Available,Yes,Bridge,7
359,Karnataka,2021,September,Saturday,11:4,Minor,4,Auto-Rickshaw,Clear,Dry,56,Valid,Yes,Bridge,13
360,Maharashtra,2019,April,Wednesday,2:30,Fatal,5,Pedestrian,Rainy,Damaged,99,Valid,No,Curve,4
361,Delhi,2018,December,Thursday,0:2,Minor,4,Bus,Hazy,Damaged,48,Not Available,Yes,Curve,11
362,Haryana,2019,April,Friday,23:24,Minor,5,Two-Wheeler,Rainy,Damaged,59,Not Available,Yes,Bridge,8
363,Assam,2018,September,Friday,5:4,Serious,3,Truck,Foggy,Wet,51,Valid,No,Curve,14
364,Jharkhand,2019,December,Saturday,14:33,Minor,4,Cycle,Rainy,Under Construction,115,Expired,No,Straight Road,3
365,Nagaland,2019,February,Monday,13:27,Fatal,2,Bus,Stormy,Dry,46,Expired,No,Bridge,13
366,Delhi,2018,June,Thursday,3:42,Minor,2,Auto-Rickshaw,Rainy,Under Construction,69,Valid,No,Curve,8
367,Maharashtra,2022,November,Wednesday,2:40,Serious,4,Two-Wheeler,Hazy,Under Construction,119,Valid,Yes,Straight Road,1
368,Himachal Pradesh,2019,July,Wednesday,6:56,Serious,5,Auto-Rickshaw,Rainy,Dry,60,Valid,No,Bridge,3
369,Gujarat,2019,January,Thursday,17:33,Fatal,2,Truck,Hazy,Wet,46,Valid,No,Curve,5
370,Tamil Nadu,2018,November,Sunday,15:36,Minor,1,Auto-Rickshaw,Hazy,Under Construction,103,Expired,Yes,Straight Road,8
371,Assam,2020,May,Saturday,20:2,Fatal,4,Cycle,Clear,Wet,75,Not Available,Yes,Bridge,9
372,Kerala,2019,October,Friday,12:24,Serious,5,Bus,Stormy,Dry,75,Expired,No,Intersection,5
373,Rajasthan,2020,May,Sunday,14:39,Serious,3,Car,Rainy,Damaged,56,Not Available,Yes,Bridge,14
374,Andhra Pradesh,2020,February,Tuesday,18:24,Minor,3,Pedestrian,Stormy,Dry,57,Not Available,Yes,Bridge,12
375,Delhi,2018,January,Friday,13:21,Fatal,5,Pedestrian,Foggy,Damaged,45,Expired,Yes,Straight Road,14
376,Puducherry,2018,August,Sunday,10:45,Minor,4,Auto-Rickshaw,Foggy,Damaged,88,Valid,Yes,Intersection,3
377,Gujarat,2020,April,Monday,2:24,Serious,1,Cycle,Rainy,Dry,114,Not Available,Yes,Curve,14
378,Uttarakhand,2023,July,Wednesday,10:24,Minor,1,Two-Wheeler,Foggy,Damaged,32,Valid,No,Curve,8
379,Odisha,2019,November,Friday,11:43,Serious,3,Car,Rainy,Under Construction,105,Not Available,No,Bridge,5
380,Delhi,2020,October,Tuesday,23:18,Fatal,5,Two-Wheeler,Stormy,Dry,112,Expired,No,Curve,8
381,Arunachal Pradesh,2023,December,Wednesday,10:34,Minor,2,Two-Wheeler,Rainy,Damaged,102,Valid,Yes,Curve,14
382,Uttar Pradesh,2021,June,Monday,20:31,Fatal,1,Cycle,Stormy,Dry,87,Expired,No,Intersection,12
383,Chhattisgarh,2023,March,Monday,12:48,Fatal,3,Bus,Rainy,Under Construction,71,Valid,Yes,Bridge,12
384,Assam,2019,March,Thursday,22:42,Fatal,3,Truck,Stormy,Dry,47,Valid,Yes,Bridge,8
385,Manipur,2018,December,Thursday,22:52,Serious,2,Pedestrian,Rainy,Under Construction,39,Not Available,No,Bridge,5
386,Kerala,2023,August,Sunday,9:21,Minor,4,Bus,Foggy,Wet,37,Expired,Yes,Straight Road,11
387,Andhra Pradesh,2021,May,Saturday,15:12,Minor,1,Cycle,Clear,Dry,86,Valid,No,Straight Road,3
388,Goa,2023,March,Saturday,1:12,Minor,4,Truck,Clear,Wet,65,Valid,Yes,Curve,8
389,Delhi,2021,June,Tuesday,15:28,Serious,3,Two-Wheeler,Hazy,Under Construction,95,Not Available,No,Intersection,12
390,Tamil Nadu,2023,February,Friday,13:19,Fatal,5,Cycle,Hazy,Wet,42,Valid,Yes,Bridge,12
391,Uttar Pradesh,2020,September,Monday,17:45,Fatal,1,Pedestrian,Rainy,Under Construction,76,Not Available,Yes,Intersection,12
392,Mizoram,2023,December,Monday,15:54,Serious,5,Pedestrian,Hazy,Under Construction,38,Valid,No,Straight Road,2
393,Tamil Nadu,2023,June,Saturday,9:34,Serious,5,Auto-Rickshaw,Hazy,Wet,37,Valid,No,Bridge,5
394,Tripura,2023,May,Thursday,7:8,Fatal,3,Auto-Rickshaw,Stormy,Wet,36,Valid,No,Bridge,11
395,Odisha,2019,May,Saturday,19:44,Serious,1,Bus,Rainy,Damaged,104,Valid,No,Bridge,13
396,Telangana,2021,May,Saturday,21:19,Serious,1,Two-Wheeler,Clear,Under Construction,34,Not Available,Yes,Straight Road,5
397,Meghalaya,2018,July,Friday,6:57,Minor,1,Bus,Clear,Under Construction,69,Valid,No,Bridge,7
398,Nagaland,2019,April,Sunday,16:46,Serious,3,Car,Hazy,Damaged,105,Not Available,No,Intersection,6
399,Karnataka,2020,September,Thursday,22:1,Minor,5,Truck,Foggy,Dry,80,Not Available,Yes,Intersection,3
400,Tripura,2019,March,Sunday,7:9,Fatal,2,Bus,Rainy,Wet,71,Valid,Yes,Curve,8
401,Jharkhand,2019,October,Wednesday,2:18,Serious,5,Two-Wheeler,Clear,Under Construction,64,Expired,No,Bridge,11
402,Chhattisgarh,2022,April,Tuesday,8:58,Minor,4,Bus,Stormy,Damaged,115,Not Available,No,Curve,5
403,Uttarakhand,2019,June,Monday,16:15,Minor,3,Car,Stormy,Dry,37,Not Available,No,Curve,3
404,Goa,2023,September,Thursday,14:29,Minor,3,Bus,Foggy,Damaged,64,Not Available,No,Straight Road,1
405,Andhra Pradesh,2019,November,Wednesday,5:52,Serious,4,Cycle,Foggy,Under Construction,117,Not Available,Yes,Straight Road,7
406,Arunachal Pradesh,2021,September,Sunday,18:22,Serious,1,Bus,Hazy,Dry,115,Valid,Yes,Intersection,15
407,Kerala,2020,May,Friday,3:47,Serious,4,Bus,Clear,Damaged,110,Valid,No,Bridge,9
408,Rajasthan,2020,April,Tuesday,5:59,Fatal,1,Two-Wheeler,Hazy,Under Construction,36,Not Available,No,Intersection,7
409,Mizoram,2021,May,Monday,15:15,Minor,2,Pedestrian,Clear,Under Construction,49,Expired,Yes,Intersection,13
410,Meghalaya,2021,April,Sunday,20:40,Fatal,5,Bus,Foggy,Wet,70,Valid,No,Intersection,8
411,Tripura,2022,September,Tuesday,14:23,Fatal,3,Bus,Clear,Damaged,101,Not Available,Yes,Intersection,10
412,Rajasthan,2022,July,Sunday,10:2,Serious,5,Auto-Rickshaw,Rainy,Dry,55,Not Available,Yes,Straight Road,11
413,Mizoram,2022,April,Thursday,5:46,Fatal,4,Cycle,Hazy,Dry,32,Not Available,Yes,Intersection,9
414,Chhattisgarh,2021,January,Sunday,0:31,Minor,3,Pedestrian,Rainy,Damaged,107,Not Available,No,Straight Road,14
415,Mizoram,2022,June,Sunday,19:47,Serious,4,Auto-Rickshaw,Hazy,Damaged,101,Not Available,Yes,Curve,11
416,Haryana,2020,July,Sunday,22:36,Serious,2,Two-Wheeler,Clear,Damaged,61,Valid,No,Bridge,13
417,Bihar,2021,March,Monday,17:14,Fatal,2,Cycle,Rainy,Damaged,107,Not Available,No,Intersection,12
418,West Bengal,2018,August,Thursday,21:29,Minor,4,Cycle,Stormy,Under Construction,59,Not Available,Yes,Straight Road,9
419,Jharkhand,2021,September,Sunday,20:49,Fatal,2,Bus,Clear,Under Construction,62,Not Available,No,Intersection,6
420,Jammu and Kashmir,2023,March,Friday,16:13,Fatal,4,Bus,Hazy,Dry,102,Valid,Yes,Curve,13
421,Arunachal Pradesh,2021,April,Tuesday,11:37,Fatal,1,Auto-Rickshaw,Clear,Under Construction,33,Expired,No,Bridge,7
422,Odisha,2022,November,Wednesday,23:3,Minor,3,Car,Rainy,Dry,31,Expired,No,Curve,7
423,Meghalaya,2019,September,Monday,18:32,Minor,5,Bus,Foggy,Under Construction,58,Valid,No,Straight Road,10
424,Chhattisgarh,2021,November,Wednesday,9:16,Fatal,1,Cycle,Stormy,Dry,99,Expired,No,Bridge,10
425,Jammu and Kashmir,2022,October,Sunday,16:42,Fatal,1,Two-Wheeler,Stormy,Dry,88,Not Available,Yes,Bridge,13
426,Meghalaya,2022,October,Thursday,0:51,Minor,3,Cycle,Foggy,Damaged,45,Expired,Yes,Straight Road,8
427,Himachal Pradesh,2023,July,Saturday,23:16,Fatal,1,Cycle,Hazy,Dry,101,Expired,Yes,Curve,13
428,Andhra Pradesh,2019,May,Wednesday,21:23,Fatal,2,Truck,Stormy,Damaged,61,Expired,Yes,Straight Road,9
429,West Bengal,2020,March,Friday,23:4,Fatal,3,Two-Wheeler,Hazy,Dry,104,Expired,No,Bridge,15
430,Jharkhand,2020,December,Thursday,13:3,Minor,2,Car,Foggy,Damaged,112,Valid,No,Curve,14
431,Chandigarh,2019,June,Saturday,21:18,Fatal,3,Car,Rainy,Wet,80,Expired,No,Intersection,9
432,Jammu and Kashmir,2023,May,Saturday,23:1,Serious,4,Bus,Clear,Dry,116,Expired,Yes,Bridge,6
433,Telangana,2021,November,Monday,12:45,Serious,3,Cycle,Rainy,Under Construction,72,Not Available,No,Curve,9
434,Madhya Pradesh,2020,April,Tuesday,9:16,Minor,4,Auto-Rickshaw,Rainy,Damaged,59,Valid,Yes,Intersection,3
435,Mizoram,2022,October,Friday,11:30,Minor,2,Car,Rainy,Wet,40,Expired,Yes,Straight Road,2
436,Kerala,2022,July,Saturday,14:16,Minor,5,Pedestrian,Stormy,Under Construction,107,Not Available,Yes,Bridge,12
437,Sikkim,2021,April,Saturday,1:24,Fatal,1,Pedestrian,Rainy,Wet,101,Valid,No,Straight Road,7
438,Rajasthan,2020,February,Tuesday,4:58,Serious,1,Cycle,Rainy,Dry,79,Expired,No,Intersection,9
439,Punjab,2021,March,Thursday,22:6,Serious,5,Truck,Hazy,Damaged,50,Expired,Yes,Intersection,8
440,Chandigarh,2019,January,Monday,22:47,Minor,5,Cycle,Foggy,Under Construction,89,Not Available,Yes,Curve,11
441,Jammu and Kashmir,2021,June,Sunday,22:15,Serious,4,Two-Wheeler,Stormy,Under Construction,34,Not Available,Yes,Curve,14
442,Haryana,2023,May,Wednesday,6:59,Fatal,2,Auto-Rickshaw,Clear,Damaged,34,Not Available,No,Curve,6
443,Nagaland,2021,May,Wednesday,15:49,Fatal,5,Cycle,Rainy,Wet,59,Valid,No,Bridge,9
444,Manipur,2022,September,Monday,1:46,Minor,5,Auto-Rickshaw,Stormy,Under Construction,32,Expired,No,Bridge,5
445,Sikkim,2021,June,Wednesday,10:18,Fatal,2,Car,Hazy,Dry,37,Not Available,No,Straight Road,11
446,Manipur,2018,September,Friday,12:45,Serious,3,Pedestrian,Foggy,Dry,120,Expired,Yes,Straight Road,5
447,Manipur,2021,October,Friday,22:19,Minor,2,Truck,Clear,Wet,92,Valid,No,Straight Road,11
448,Tripura,2022,November,Sunday,17:12,Serious,5,Car,Clear,Wet,77,Valid,Yes,Bridge,4
449,Haryana,2021,May,Sunday,3:16,Minor,3,Car,Clear,Dry,72,Valid,No,Curve,5
450,Chandigarh,2020,July,Tuesday,15:10,Minor,4,Car,Rainy,Wet,58,Not Available,No,Straight Road,3
451,Puducherry,2020,November,Thursday,9:30,Serious,4,Two-Wheeler,Clear,Dry,70,Expired,Yes,Intersection,4
452,Karnataka,2020,February,Wednesday,9:44,Minor,3,Auto-Rickshaw,Rainy,Damaged,97,Valid,Yes,Bridge,6
453,Assam,2018,September,Monday,14:15,Fatal,2,Cycle,Foggy,Wet,118,Not Available,Yes,Bridge,8
454,Karnataka,2020,December,Thursday,21:53,Minor,4,Truck,Rainy,Under Construction,74,Expired,Yes,Straight Road,9
455,Himachal Pradesh,2020,May,Tuesday,20:3,Fatal,2,Car,Foggy,Under Construction,100,Expired,No,Intersection,9
456,Delhi,2021,March,Thursday,14:16,Serious,2,Auto-Rickshaw,Clear,Dry,76,Valid,No,Intersection,3
457,Haryana,2022,May,Monday,20:56,Minor,2,Bus,Clear,Wet,98,Expired,Yes,Bridge,7
458,Jammu and Kashmir,2022,November,Tuesday,8:52,Fatal,3,Bus,Foggy,Damaged,99,Not Available,No,Straight Road,0
459,Tripura,2018,April,Friday,21:57,Serious,4,Two-Wheeler,Clear,Damaged,31,Not Available,No,Bridge,12
460,Mizoram,2021,May,Monday,0:9,Serious,3,Cycle,Clear,Wet,108,Expired,No,Bridge,11
461,Haryana,2023,June,Monday,19:15,Minor,3,Auto-Rickshaw,Rainy,Wet,54,Expired,Yes,Straight Road,5
462,Jammu and Kashmir,2023,February,Wednesday,9:48,Serious,3,Truck,Stormy,Wet,61,Valid,No,Straight Road,3
463,Kerala,2021,June,Tuesday,10:38,Fatal,4,Auto-Rickshaw,Rainy,Dry,31,Not Available,No,Straight Road,7
464,Jharkhand,2021,September,Friday,2:46,Minor,2,Auto-Rickshaw,Clear,Wet,67,Expired,No,Intersection,6
465,Jammu and Kashmir,2018,December,Saturday,17:17,Minor,1,Two-Wheeler,Hazy,Dry,112,Not Available,Yes,Straight Road,7
466,Jammu and Kashmir,2022,October,Wednesday,14:14,Minor,1,Truck,Stormy,Under Construction,61,Valid,Yes,Curve,6
467,Nagaland,2020,June,Tuesday,18:22,Minor,1,Two-Wheeler,Hazy,Dry,91,Expired,No,Straight Road,4
468,Jammu and Kashmir,2020,September,Thursday,10:46,Minor,5,Pedestrian,Clear,Wet,111,Valid,No,Bridge,12
469,Rajasthan,2021,September,Friday,12:0,Fatal,5,Two-Wheeler,Foggy,Dry,102,Valid,Yes,Intersection,10
470,Kerala,2022,September,Monday,3:56,Fatal,5,Pedestrian,Foggy,Under Construction,55,Not Available,No,Straight Road,6
471,Jharkhand,2021,November,Friday,4:30,Fatal,1,Car,Stormy,Under Construction,34,Expired,Yes,Bridge,2
472,Punjab,2022,March,Tuesday,20:13,Minor,4,Auto-Rickshaw,Rainy,Damaged,32,Expired,No,Curve,11
473,Uttar Pradesh,2021,December,Wednesday,14:20,Minor,1,Truck,Rainy,Damaged,111,Not Available,Yes,Bridge,7
474,Sikkim,2022,March,Monday,20:19,Minor,1,Two-Wheeler,Hazy,Under Construction,118,Not Available,No,Curve,8
475,Punjab,2021,June,Monday,1:3,Serious,2,Car,Foggy,Wet,40,Not Available,No,Straight Road,1
476,Maharashtra,2018,December,Monday,13:5,Serious,1,Bus,Stormy,Damaged,55,Not Available,Yes,Curve,9
477,Assam,2019,June,Friday,9:7,Minor,3,Truck,Clear,Damaged,74,Valid,Yes,Intersection,10
478,Jammu and Kashmir,2018,August,Wednesday,7:2,Serious,4,Bus,Hazy,Wet,45,Expired,No,Bridge,12
479,Sikkim,2022,January,Thursday,9:31,Fatal,5,Pedestrian,Stormy,Damaged,59,Expired,No,Intersection,4
480,Uttar Pradesh,2022,April,Friday,5:38,Fatal,4,Truck,Rainy,Under Construction,111,Not Available,No,Bridge,13
481,Mizoram,2021,June,Wednesday,21:12,Serious,3,Two-Wheeler,Stormy,Under Construction,111,Expired,Yes,Intersection,6
482,Chhattisgarh,2020,October,Thursday,3:27,Serious,2,Auto-Rickshaw,Rainy,Under Construction,40,Valid,Yes,Intersection,3
483,Manipur,2018,February,Saturday,18:33,Fatal,5,Two-Wheeler,Stormy,Under Construction,91,Not Available,No,Straight Road,6
484,Goa,2020,September,Monday,21:0,Minor,2,Truck,Hazy,Under Construction,72,Expired,No,Straight Road,8
485,Sikkim,2021,October,Monday,13:22,Minor,2,Pedestrian,Clear,Wet,51,Not Available,Yes,Bridge,6
486,Jharkhand,2023,September,Thursday,17:41,Fatal,3,Car,Clear,Wet,102,Valid,Yes,Curve,6
487,Bihar,2023,August,Wednesday,19:58,Serious,3,Truck,Clear,Dry,30,Valid,Yes,Curve,8
488,Chhattisgarh,2018,October,Monday,0:2,Minor,2,Auto-Rickshaw,Stormy,Under Construction,112,Valid,No,Intersection,3
489,Uttarakhand,2020,August,Sunday,4:35,Minor,2,Bus,Clear,Dry,53,Valid,No,Bridge,11
490,Meghalaya,2023,February,Friday,20:36,Fatal,4,Pedestrian,Rainy,Dry,45,Valid,Yes,Intersection,5
491,Maharashtra,2020,April,Tuesday,2:5,Serious,2,Pedestrian,Rainy,Wet,106,Expired,No,Straight Road,4
492,Kerala,2021,May,Thursday,8:14,Serious,4,Two-Wheeler,Clear,Under Construction,76,Valid,Yes,Curve,8
493,Kerala,2023,December,Monday,22:10,Minor,1,Cycle,Stormy,Damaged,76,Valid,No,Curve,6
494,Assam,2019,December,Monday,14:0,Serious,5,Auto-Rickshaw,Foggy,Damaged,81,Valid,Yes,Straight Road,7
495,Andhra Pradesh,2022,April,Saturday,5:8,Serious,2,Truck,Hazy,Damaged,51,Not Available,No,Bridge,11
496,Maharashtra,2019,July,Tuesday,15:5,Serious,1,Truck,Rainy,Under Construction,32,Not Available,No,Curve,6
497,Gujarat,2023,January,Monday,21:28,Minor,2,Two-Wheeler,Clear,Under Construction,91,Not Available,No,Bridge,15
498,Arunachal Pradesh,2023,March,Tuesday,17:37,Minor,3,Bus,Rainy,Dry,82,Expired,No,Bridge,2
499,Mizoram,2022,March,Friday,4:27,Serious,2,Car,Rainy,Damaged,86,Not Available,No,Intersection,11
500,Gujarat,2022,March,Thursday,4:27,Minor,1,Two-Wheeler,Stormy,Wet,81,Valid,Yes,Straight Road,5
501,Meghalaya,2020,August,Friday,2:10,Minor,5,Two-Wheeler,Clear,Damaged,59,Expired,Yes,Intersection,11
502,West Bengal,2019,April,Monday,18:32,Serious,1,Bus,Foggy,Damaged,112,Not Available,No,Bridge,9
503,Uttarakhand,2021,June,Sunday,8:25,Serious,2,Truck,Hazy,Dry,30,Valid,Yes,Bridge,4
504,Gujarat,2021,November,Sunday,11:41,Serious,5,Car,Stormy,Wet,109,Expired,No,Intersection,1
505,Assam,2023,July,Saturday,1:28,Minor,5,Bus,Stormy,Wet,84,Valid,Yes,Straight Road,10
506,Chandigarh,2019,June,Thursday,3:23,Serious,4,Bus,Rainy,Damaged,67,Not Available,Yes,Straight Road,10
507,Odisha,2018,August,Thursday,19:30,Fatal,2,Two-Wheeler,Rainy,Wet,59,Valid,Yes,Straight Road,8
508,Telangana,2020,September,Sunday,21:6,Fatal,1,Truck,Foggy,Damaged,31,Expired,Yes,Straight Road,5
509,Assam,2019,October,Monday,16:38,Serious,5,Car,Rainy,Under Construction,47,Valid,Yes,Bridge,5
510,Chandigarh,2019,January,Saturday,0:13,Minor,4,Truck,Hazy,Damaged,90,Valid,Yes,Bridge,6
511,Puducherry,2023,October,Friday,23:17,Minor,1,Pedestrian,Rainy,Damaged,87,Expired,No,Curve,1
512,Rajasthan,2022,January,Tuesday,1:1,Serious,1,Pedestrian,Hazy,Wet,86,Valid,No,Straight Road,6
513,Uttar Pradesh,2021,March,Friday,20:36,Fatal,5,Pedestrian,Stormy,Under Construction,97,Not Available,Yes,Intersection,9
514,Andhra Pradesh,2022,September,Tuesday,8:35,Minor,5,Truck,Hazy,Under Construction,107,Expired,No,Straight Road,10
515,Maharashtra,2019,December,Monday,13:41,Fatal,4,Car,Foggy,Under Construction,32,Valid,No,Bridge,6
516,Uttar Pradesh,2022,February,Monday,12:37,Serious,2,Truck,Foggy,Wet,33,Expired,Yes,Straight Road,5
517,Meghalaya,2022,June,Sunday,21:55,Minor,5,Two-Wheeler,Hazy,Damaged,75,Valid,Yes,Curve,11
518,Himachal Pradesh,2021,October,Monday,22:17,Fatal,1,Cycle,Stormy,Dry,42,Valid,No,Intersection,9
519,Puducherry,2018,October,Sunday,15:45,Fatal,1,Truck,Rainy,Damaged,72,Expired,No,Intersection,8
520,Goa,2023,December,Thursday,0:45,Minor,1,Bus,Stormy,Dry,93,Not Available,Yes,Bridge,5
521,Sikkim,2023,June,Thursday,20:10,Serious,2,Truck,Foggy,Dry,69,Expired,Yes,Straight Road,15
522,Himachal Pradesh,2020,November,Saturday,9:51,Serious,4,Pedestrian,Hazy,Wet,40,Not Available,Yes,Straight Road,0
523,West Bengal,2021,November,Sunday,11:38,Fatal,5,Auto-Rickshaw,Stormy,Damaged,108,Valid,Yes,Straight Road,5
524,Gujarat,2021,May,Tuesday,17:53,Serious,1,Bus,Clear,Damaged,106,Not Available,Yes,Curve,2
525,Tamil Nadu,2018,September,Thursday,11:46,Serious,4,Auto-Rickshaw,Stormy,Damaged,106,Not Available,No,Intersection,10
526,Jammu and Kashmir,2023,February,Wednesday,18:37,Serious,4,Bus,Stormy,Dry,58,Not Available,No,Bridge,12
527,Sikkim,2023,June,Monday,7:57,Minor,4,Car,Clear,Under Construction,93,Valid,No,Curve,4
528,Telangana,2022,May,Tuesday,0:34,Fatal,5,Bus,Stormy,Dry,49,Valid,No,Bridge,8
529,Odisha,2020,May,Wednesday,5:28,Minor,5,Auto-Rickshaw,Rainy,Under Construction,83,Expired,No,Bridge,13
530,Chandigarh,2019,July,Thursday,1:37,Fatal,4,Two-Wheeler,Rainy,Damaged,59,Not Available,No,Intersection,1
531,Jharkhand,2020,October,Thursday,4:23,Serious,1,Bus,Foggy,Damaged,108,Expired,Yes,Straight Road,14
532,Odisha,2019,March,Friday,4:31,Serious,3,Cycle,Rainy,Dry,50,Not Available,Yes,Curve,10
533,Punjab,2018,June,Thursday,1:2,Fatal,1,Auto-Rickshaw,Foggy,Wet,36,Expired,No,Curve,10
534,Tamil Nadu,2022,January,Monday,2:8,Fatal,2,Auto-Rickshaw,Clear,Damaged,105,Expired,Yes,Bridge,4
535,Gujarat,2018,September,Thursday,10:10,Minor,2,Auto-Rickshaw,Stormy,Under Construction,86,Expired,No,Straight Road,8
536,Goa,2023,September,Wednesday,12:5,Serious,1,Auto-Rickshaw,Rainy,Damaged,80,Expired,No,Bridge,9
537,Delhi,2018,April,Sunday,13:6,Serious,3,Pedestrian,Rainy,Dry,114,Not Available,No,Curve,12
538,Goa,2022,April,Friday,5:29,Serious,1,Truck,Clear,Wet,34,Not Available,No,Intersection,11
539,Assam,2022,October,Friday,9:29,Serious,1,Two-Wheeler,Clear,Under Construction,67,Valid,No,Straight Road,9
540,Kerala,2018,December,Monday,1:56,Serious,4,Cycle,Clear,Dry,87,Valid,No,Straight Road,3
541,Rajasthan,2020,May,Thursday,16:17,Minor,4,Two-Wheeler,Foggy,Damaged,75,Not Available,No,Curve,9
542,Assam,2019,April,Wednesday,13:37,Fatal,3,Auto-Rickshaw,Clear,Wet,104,Valid,Yes,Bridge,6
543,Manipur,2022,March,Sunday,3:56,Serious,2,Car,Stormy,Wet,49,Expired,No,Intersection,8
544,Odisha,2023,November,Wednesday,2:57,Minor,2,Cycle,Clear,Under Construction,110,Valid,Yes,Curve,1
545,Assam,2018,April,Saturday,2:27,Minor,3,Car,Foggy,Dry,36,Not Available,Yes,Straight Road,8
546,Meghalaya,2018,November,Monday,3:33,Serious,5,Car,Rainy,Damaged,38,Expired,Yes,Curve,13
547,Bihar,2019,March,Monday,6:58,Minor,5,Car,Clear,Dry,117,Expired,No,Straight Road,6
548,West Bengal,2021,May,Sunday,9:8,Fatal,1,Bus,Stormy,Damaged,65,Expired,No,Bridge,4
549,Tamil Nadu,2023,March,Thursday,2:32,Minor,5,Two-Wheeler,Hazy,Damaged,58,Not Available,No,Straight Road,9
550,Rajasthan,2018,June,Saturday,18:41,Fatal,2,Auto-Rickshaw,Hazy,Damaged,94,Valid,Yes,Intersection,11
551,Maharashtra,2018,September,Wednesday,12:26,Minor,4,Two-Wheeler,Clear,Under Construction,107,Expired,Yes,Intersection,6
552,Haryana,2018,December,Wednesday,21:11,Serious,5,Two-Wheeler,Foggy,Dry,42,Not Available,Yes,Straight Road,6
553,Nagaland,2023,March,Saturday,19:11,Serious,1,Truck,Clear,Damaged,45,Valid,No,Curve,10
554,Rajasthan,2018,September,Thursday,0:18,Serious,3,Car,Rainy,Dry,54,Valid,No,Straight Road,11
555,Chandigarh,2019,December,Thursday,1:26,Serious,5,Car,Clear,Under Construction,72,Valid,No,Bridge,7
556,Puducherry,2021,September,Wednesday,17:18,Serious,4,Bus,Rainy,Dry,45,Expired,Yes,Bridge,11
557,Madhya Pradesh,2018,March,Wednesday,1:25,Serious,1,Truck,Clear,Dry,103,Not Available,No,Bridge,5
558,Haryana,2023,April,Saturday,21:45,Serious,1,Two-Wheeler,Clear,Wet,110,Valid,No,Straight Road,10
559,Delhi,2020,September,Thursday,23:37,Serious,1,Cycle,Stormy,Dry,102,Not Available,No,Curve,4
560,Arunachal Pradesh,2019,September,Wednesday,12:12,Fatal,3,Cycle,Foggy,Dry,95,Expired,No,Intersection,8
561,Arunachal Pradesh,2018,October,Monday,16:54,Minor,2,Bus,Clear,Damaged,46,Not Available,Yes,Intersection,7
562,Meghalaya,2020,December,Saturday,14:23,Serious,3,Bus,Clear,Under Construction,84,Not Available,No,Straight Road,15
563,Arunachal Pradesh,2023,February,Saturday,10:19,Serious,1,Car,Rainy,Wet,85,Not Available,No,Straight Road,11
564,Uttarakhand,2018,December,Friday,3:6,Minor,1,Two-Wheeler,Rainy,Damaged,84,Valid,Yes,Bridge,1
565,Jharkhand,2021,September,Wednesday,0:41,Fatal,2,Bus,Rainy,Damaged,49,Valid,Yes,Curve,10
566,Mizoram,2023,November,Sunday,4:25,Serious,2,Truck,Stormy,Dry,106,Expired,No,Straight Road,5
567,Manipur,2021,March,Sunday,17:45,Minor,2,Pedestrian,Stormy,Damaged,62,Not Available,Yes,Bridge,12
568,Meghalaya,2018,June,Wednesday,6:22,Fatal,3,Cycle,Clear,Damaged,62,Not Available,Yes,Intersection,12
569,Tamil Nadu,2023,January,Saturday,22:7,Serious,3,Auto-Rickshaw,Clear,Damaged,119,Not Available,No,Straight Road,12
570,Punjab,2022,January,Saturday,22:41,Fatal,4,Pedestrian,Rainy,Under Construction,114,Not Available,No,Intersection,13
571,Himachal Pradesh,2019,December,Wednesday,9:38,Minor,5,Auto-Rickshaw,Hazy,Wet,59,Expired,Yes,Intersection,9
572,Jharkhand,2020,August,Thursday,3:11,Fatal,3,Car,Foggy,Dry,120,Not Available,Yes,Straight Road,12
573,Gujarat,2020,October,Monday,21:45,Serious,1,Bus,Foggy,Dry,94,Valid,No,Curve,2
574,Arunachal Pradesh,2023,April,Saturday,22:30,Serious,4,Pedestrian,Hazy,Under Construction,46,Not Available,Yes,Intersection,9
575,Kerala,2023,April,Monday,2:2,Serious,1,Truck,Hazy,Dry,60,Expired,Yes,Straight Road,7
576,Tamil Nadu,2023,April,Tuesday,8:52,Minor,4,Auto-Rickshaw,Rainy,Wet,77,Valid,Yes,Straight Road,11
577,Jharkhand,2022,June,Wednesday,2:8,Fatal,5,Truck,Stormy,Dry,116,Expired,Yes,Curve,14
578,Meghalaya,2022,November,Thursday,14:39,Serious,1,Pedestrian,Rainy,Wet,66,Expired,Yes,Straight Road,12
579,Assam,2020,January,Thursday,18:36,Minor,2,Bus,Foggy,Under Construction,62,Expired,No,Intersection,10
580,Maharashtra,2020,February,Monday,3:26,Minor,5,Two-Wheeler,Stormy,Wet,43,Not Available,No,Intersection,5
581,Karnataka,2023,December,Wednesday,2:16,Minor,1,Truck,Rainy,Damaged,60,Expired,Yes,Straight Road,4
582,Uttar Pradesh,2020,May,Tuesday,19:55,Minor,3,Pedestrian,Hazy,Dry,93,Expired,Yes,Bridge,10
583,Haryana,2018,April,Saturday,15:19,Fatal,1,Auto-Rickshaw,Hazy,Damaged,79,Expired,Yes,Straight Road,6
584,Telangana,2018,January,Saturday,9:12,Fatal,5,Cycle,Rainy,Dry,43,Valid,No,Straight Road,9
585,Telangana,2022,June,Friday,2:12,Serious,2,Cycle,Foggy,Dry,103,Valid,Yes,Intersection,13
586,Sikkim,2020,May,Wednesday,9:22,Minor,4,Two-Wheeler,Rainy,Wet,77,Valid,Yes,Bridge,4
587,West Bengal,2021,April,Thursday,4:56,Minor,3,Bus,Rainy,Wet,45,Valid,No,Bridge,8
588,Assam,2023,September,Saturday,4:13,Minor,4,Car,Foggy,Dry,44,Not Available,Yes,Straight Road,6
589,Nagaland,2020,November,Saturday,0:37,Minor,1,Pedestrian,Foggy,Under Construction,106,Valid,Yes,Bridge,9
590,Himachal Pradesh,2018,February,Saturday,9:57,Serious,3,Auto-Rickshaw,Foggy,Under Construction,51,Not Available,Yes,Straight Road,8
591,Tamil Nadu,2022,August,Saturday,11:28,Serious,1,Two-Wheeler,Hazy,Wet,119,Not Available,No,Straight Road,9
592,Nagaland,2019,August,Sunday,22:38,Fatal,2,Two-Wheeler,Hazy,Under Construction,32,Expired,Yes,Curve,4
593,Goa,2018,June,Friday,3:36,Fatal,2,Cycle,Rainy,Wet,98,Not Available,No,Bridge,10
594,Rajasthan,2022,August,Wednesday,0:42,Serious,4,Truck,Stormy,Damaged,115,Expired,No,Curve,10
595,Gujarat,2022,November,Sunday,10:37,Serious,5,Bus,Stormy,Wet,54,Expired,No,Straight Road,6
596,Odisha,2018,May,Wednesday,6:42,Minor,2,Truck,Stormy,Dry,75,Not Available,No,Intersection,13
597,Arunachal Pradesh,2020,December,Monday,15:14,Serious,3,Car,Hazy,Dry,98,Valid,Yes,Intersection,4
598,Himachal Pradesh,2019,May,Sunday,11:10,Fatal,3,Two-Wheeler,Stormy,Wet,118,Expired,Yes,Straight Road,2
599,Jammu and Kashmir,2023,January,Sunday,1:18,Minor,1,Two-Wheeler,Stormy,Damaged,32,Valid,Yes,Straight Road,10
600,Madhya Pradesh,2022,May,Sunday,10:42,Serious,3,Car,Hazy,Dry,69,Expired,Yes,Curve,10
601,Odisha,2018,February,Thursday,11:2,Minor,1,Car,Rainy,Dry,105,Valid,Yes,Bridge,2
602,Tamil Nadu,2022,May,Sunday,0:39,Minor,3,Two-Wheeler,Foggy,Dry,46,Not Available,No,Bridge,5
603,Goa,2023,June,Friday,7:24,Serious,2,Truck,Stormy,Wet,111,Valid,Yes,Straight Road,7
604,Delhi,2020,February,Thursday,13:39,Serious,5,Truck,Foggy,Under Construction,60,Not Available,Yes,Intersection,0
605,Goa,2019,June,Tuesday,16:44,Fatal,4,Two-Wheeler,Clear,Damaged,47,Expired,No,Curve,1
606,Mizoram,2023,February,Wednesday,1:6,Minor,4,Auto-Rickshaw,Foggy,Dry,65,Not Available,Yes,Straight Road,10
607,Haryana,2020,October,Sunday,0:43,Minor,5,Pedestrian,Rainy,Dry,87,Valid,Yes,Bridge,12
608,Uttar Pradesh,2022,September,Sunday,21:31,Fatal,3,Two-Wheeler,Hazy,Dry,114,Valid,Yes,Intersection,4
609,Puducherry,2018,July,Thursday,0:52,Fatal,3,Auto-Rickshaw,Clear,Dry,31,Valid,No,Bridge,8
610,Mizoram,2019,August,Sunday,17:49,Serious,4,Auto-Rickshaw,Rainy,Wet,118,Expired,Yes,Intersection,10
611,Arunachal Pradesh,2019,November,Tuesday,5:7,Minor,1,Truck,Hazy,Dry,34,Not Available,No,Curve,14
612,Chhattisgarh,2021,May,Thursday,11:36,Fatal,1,Auto-Rickshaw,Clear,Wet,41,Expired,No,Straight Road,12
613,Mizoram,2020,September,Wednesday,10:24,Serious,4,Truck,Foggy,Under Construction,110,Not Available,No,Straight Road,0
614,Delhi,2021,April,Tuesday,8:34,Fatal,3,Pedestrian,Stormy,Wet,100,Valid,Yes,Straight Road,13
615,Sikkim,2022,July,Thursday,4:53,Minor,4,Car,Rainy,Wet,48,Valid,Yes,Intersection,9
616,Gujarat,2022,March,Wednesday,11:5,Fatal,1,Car,Foggy,Dry,30,Valid,No,Bridge,15
617,Mizoram,2023,June,Thursday,19:53,Fatal,4,Pedestrian,Stormy,Damaged,78,Not Available,Yes,Bridge,8
618,Uttarakhand,2022,February,Friday,18:39,Serious,1,Pedestrian,Hazy,Under Construction,74,Expired,No,Curve,6
619,Uttarakhand,2021,May,Monday,8:36,Serious,2,Car,Stormy,Under Construction,41,Valid,Yes,Intersection,12
620,Mizoram,2021,December,Friday,21:47,Minor,2,Truck,Clear,Under Construction,75,Valid,Yes,Curve,8
621,Bihar,2018,November,Monday,0:5,Minor,2,Auto-Rickshaw,Hazy,Under Construction,81,Expired,Yes,Bridge,5
622,Sikkim,2021,September,Wednesday,12:58,Fatal,1,Auto-Rickshaw,Stormy,Wet,89,Valid,Yes,Curve,12
623,Assam,2018,December,Monday,8:12,Serious,1,Two-Wheeler,Stormy,Damaged,46,Not Available,Yes,Straight Road,6
624,Mizoram,2022,November,Sunday,21:1,Fatal,2,Bus,Stormy,Under Construction,104,Valid,Yes,Bridge,7
625,Puducherry,2023,November,Wednesday,0:29,Serious,3,Truck,Rainy,Under Construction,92,Not Available,Yes,Bridge,2
626,Arunachal Pradesh,2021,July,Wednesday,22:43,Fatal,5,Cycle,Rainy,Wet,40,Valid,No,Curve,8
627,Rajasthan,2018,January,Monday,12:47,Fatal,2,Cycle,Hazy,Under Construction,89,Expired,No,Bridge,2
628,Telangana,2019,May,Thursday,13:55,Minor,1,Auto-Rickshaw,Stormy,Dry,31,Valid,Yes,Intersection,3
629,Andhra Pradesh,2019,April,Tuesday,18:7,Serious,1,Car,Hazy,Under Construction,37,Expired,Yes,Intersection,15
630,Jharkhand,2019,January,Tuesday,8:49,Serious,4,Two-Wheeler,Stormy,Wet,63,Valid,No,Bridge,9
631,Gujarat,2018,November,Saturday,17:9,Minor,2,Two-Wheeler,Clear,Under Construction,88,Not Available,No,Bridge,3
632,West Bengal,2018,October,Sunday,10:57,Fatal,2,Bus,Foggy,Wet,114,Valid,Yes,Straight Road,8
633,Andhra Pradesh,2021,July,Friday,3:55,Fatal,5,Car,Stormy,Wet,113,Valid,Yes,Bridge,4
634,Sikkim,2018,March,Sunday,3:33,Fatal,5,Car,Foggy,Wet,83,Expired,Yes,Straight Road,4
635,Meghalaya,2020,December,Tuesday,16:35,Minor,4,Two-Wheeler,Hazy,Wet,57,Not Available,No,Bridge,7
636,Andhra Pradesh,2018,May,Tuesday,2:14,Fatal,5,Cycle,Hazy,Under Construction,89,Not Available,Yes,Curve,5
637,Andhra Pradesh,2021,September,Tuesday,18:56,Fatal,3,Truck,Rainy,Under Construction,67,Not Available,No,Bridge,10
638,Telangana,2022,October,Friday,15:25,Minor,3,Two-Wheeler,Clear,Under Construction,45,Valid,Yes,Curve,10
639,Chandigarh,2023,May,Monday,4:24,Serious,5,Car,Stormy,Damaged,67,Valid,Yes,Straight Road,3
640,Karnataka,2023,November,Wednesday,8:7,Serious,3,Truck,Hazy,Under Construction,37,Expired,No,Bridge,6
641,Uttar Pradesh,2020,June,Wednesday,4:1,Fatal,3,Truck,Stormy,Damaged,35,Valid,No,Intersection,13
642,Mizoram,2018,May,Friday,14:33,Serious,2,Truck,Hazy,Damaged,105,Not Available,No,Intersection,8
643,Sikkim,2021,October,Thursday,18:15,Serious,2,Cycle,Stormy,Wet,36,Valid,Yes,Straight Road,9
644,Nagaland,2021,August,Tuesday,4:8,Serious,2,Truck,Hazy,Dry,93,Expired,Yes,Intersection,11
645,Punjab,2018,December,Sunday,12:31,Minor,2,Two-Wheeler,Hazy,Wet,99,Expired,No,Bridge,8
646,Meghalaya,2022,April,Thursday,16:29,Minor,5,Car,Clear,Under Construction,61,Expired,No,Intersection,9
647,Arunachal Pradesh,2022,October,Saturday,20:53,Serious,1,Cycle,Foggy,Dry,75,Valid,Yes,Curve,5
648,Rajasthan,2023,November,Saturday,9:17,Minor,4,Car,Stormy,Under Construction,89,Not Available,Yes,Bridge,1
649,Himachal Pradesh,2019,August,Tuesday,10:55,Serious,4,Cycle,Stormy,Dry,65,Expired,Yes,Intersection,8
650,Jharkhand,2023,January,Saturday,12:32,Fatal,1,Bus,Foggy,Under Construction,106,Not Available,Yes,Straight Road,14
651,Jammu and Kashmir,2021,July,Friday,15:19,Fatal,5,Cycle,Rainy,Dry,93,Expired,Yes,Intersection,4
652,Puducherry,2023,June,Wednesday,14:23,Minor,1,Truck,Rainy,Wet,75,Valid,No,Bridge,2
653,Karnataka,2019,July,Wednesday,17:40,Minor,3,Cycle,Clear,Wet,47,Not Available,No,Bridge,7
654,Bihar,2018,December,Friday,1:19,Serious,5,Pedestrian,Hazy,Dry,79,Not Available,No,Intersection,14
655,Goa,2022,September,Monday,14:6,Fatal,1,Pedestrian,Clear,Dry,84,Valid,No,Curve,8
656,Telangana,2023,March,Sunday,14:30,Minor,2,Bus,Clear,Damaged,108,Valid,No,Bridge,0
657,Uttar Pradesh,2023,November,Wednesday,11:56,Serious,4,Truck,Clear,Wet,66,Not Available,Yes,Straight Road,1
658,Chandigarh,2020,August,Friday,14:56,Minor,1,Truck,Clear,Dry,94,Expired,Yes,Intersection,12
659,Jharkhand,2020,February,Tuesday,22:38,Fatal,5,Pedestrian,Hazy,Under Construction,110,Not Available,No,Curve,5
660,Manipur,2022,February,Thursday,8:2,Fatal,4,Car,Rainy,Dry,104,Valid,Yes,Intersection,13
661,Uttarakhand,2021,August,Tuesday,4:25,Serious,5,Two-Wheeler,Stormy,Wet,116,Expired,No,Straight Road,11
662,Himachal Pradesh,2023,July,Monday,21:28,Minor,3,Cycle,Hazy,Under Construction,35,Expired,Yes,Straight Road,5
663,Arunachal Pradesh,2021,December,Thursday,17:5,Serious,1,Auto-Rickshaw,Hazy,Under Construction,61,Expired,Yes,Straight Road,11
664,Jharkhand,2019,July,Wednesday,13:12,Fatal,4,Pedestrian,Clear,Under Construction,62,Expired,Yes,Curve,3
665,Madhya Pradesh,2023,April,Wednesday,20:45,Serious,1,Truck,Rainy,Wet,90,Valid,No,Intersection,10
666,Punjab,2022,July,Tuesday,13:50,Minor,3,Auto-Rickshaw,Rainy,Dry,73,Valid,No,Curve,10
667,Chhattisgarh,2023,November,Wednesday,21:56,Fatal,2,Bus,Stormy,Dry,75,Expired,No,Curve,8
668,Madhya Pradesh,2022,February,Sunday,15:38,Serious,4,Bus,Hazy,Damaged,120,Expired,No,Intersection,14
669,Puducherry,2021,July,Saturday,11:17,Fatal,2,Truck,Foggy,Wet,69,Not Available,No,Straight Road,8
670,Sikkim,2021,February,Wednesday,19:49,Minor,4,Auto-Rickshaw,Hazy,Damaged,51,Not Available,No,Intersection,10
671,Chandigarh,2020,June,Thursday,9:33,Minor,2,Two-Wheeler,Hazy,Wet,33,Valid,Yes,Straight Road,4
672,Sikkim,2020,August,Monday,4:33,Serious,2,Auto-Rickshaw,Clear,Damaged,51,Expired,No,Curve,10
673,Haryana,2022,November,Friday,17:15,Serious,2,Cycle,Rainy,Dry,56,Expired,Yes,Bridge,6
674,Himachal Pradesh,2021,June,Thursday,20:32,Minor,2,Auto-Rickshaw,Rainy,Under Construction,54,Not Available,Yes,Bridge,1
675,Uttar Pradesh,2023,May,Tuesday,5:18,Serious,3,Pedestrian,Clear,Wet,89,Expired,No,Bridge,2
676,Assam,2018,November,Friday,9:58,Serious,1,Car,Foggy,Under Construction,102,Valid,Yes,Intersection,8
677,Odisha,2020,March,Wednesday,11:36,Minor,1,Pedestrian,Clear,Dry,110,Expired,Yes,Straight Road,3
678,Puducherry,2022,April,Wednesday,3:5,Minor,5,Car,Foggy,Wet,116,Valid,Yes,Curve,8
679,Karnataka,2020,February,Wednesday,2:54,Serious,4,Cycle,Hazy,Under Construction,60,Valid,Yes,Bridge,4
680,Gujarat,2022,January,Friday,13:46,Fatal,4,Two-Wheeler,Foggy,Under Construction,100,Not Available,Yes,Straight Road,13
681,Puducherry,2022,April,Monday,15:32,Minor,4,Two-Wheeler,Rainy,Under Construction,118,Expired,No,Bridge,3
682,Sikkim,2020,March,Monday,6:39,Minor,3,Pedestrian,Stormy,Wet,43,Not Available,No,Straight Road,5
683,Tamil Nadu,2021,August,Sunday,16:25,Fatal,2,Cycle,Clear,Dry,40,Not Available,No,Curve,2
684,Chandigarh,2021,January,Tuesday,23:8,Serious,5,Auto-Rickshaw,Stormy,Damaged,62,Valid,No,Intersection,8
685,Nagaland,2021,August,Friday,8:52,Minor,2,Bus,Rainy,Wet,32,Valid,Yes,Bridge,3
686,Uttarakhand,2021,September,Tuesday,20:38,Minor,3,Car,Stormy,Damaged,111,Valid,Yes,Curve,11
687,Chandigarh,2022,May,Friday,21:29,Minor,1,Pedestrian,Hazy,Dry,51,Not Available,No,Bridge,12
688,Jammu and Kashmir,2021,January,Friday,23:27,Serious,1,Auto-Rickshaw,Foggy,Dry,40,Not Available,No,Bridge,5
689,Andhra Pradesh,2022,May,Monday,6:51,Fatal,1,Cycle,Hazy,Dry,84,Not Available,No,Straight Road,2
690,Madhya Pradesh,2022,April,Monday,14:43,Serious,2,Car,Clear,Damaged,49,Valid,Yes,Bridge,2
691,Chandigarh,2018,June,Monday,2:57,Serious,3,Bus,Stormy,Dry,60,Expired,No,Bridge,10
692,Uttar Pradesh,2020,February,Wednesday,23:57,Fatal,3,Truck,Foggy,Damaged,70,Valid,Yes,Straight Road,8
693,West Bengal,2021,September,Monday,14:41,Fatal,2,Pedestrian,Stormy,Dry,41,Expired,Yes,Straight Road,8
694,Chhattisgarh,2023,May,Monday,3:14,Serious,2,Car,Clear,Damaged,47,Not Available,Yes,Intersection,3
695,West Bengal,2021,January,Tuesday,4:32,Fatal,1,Car,Rainy,Under Construction,106,Valid,Yes,Straight Road,13
696,Delhi,2021,January,Wednesday,1:38,Fatal,4,Cycle,Stormy,Under Construction,77,Valid,No,Intersection,11
697,Gujarat,2019,June,Sunday,18:24,Serious,3,Truck,Rainy,Under Construction,66,Not Available,No,Straight Road,13
698,Goa,2022,January,Thursday,10:48,Serious,2,Bus,Rainy,Under Construction,90,Valid,No,Bridge,3
699,Goa,2018,December,Monday,4:38,Minor,2,Truck,Hazy,Under Construction,67,Valid,No,Intersection,1
700,Assam,2019,November,Wednesday,13:2,Serious,4,Cycle,Hazy,Dry,65,Valid,No,Bridge,8
701,Punjab,2022,May,Wednesday,9:3,Fatal,2,Bus,Foggy,Dry,53,Not Available,Yes,Bridge,9
702,Odisha,2020,September,Tuesday,3:54,Minor,3,Pedestrian,Hazy,Wet,69,Valid,Yes,Curve,4
703,Uttarakhand,2023,August,Friday,2:55,Fatal,1,Cycle,Foggy,Under Construction,84,Valid,No,Intersection,13
704,Madhya Pradesh,2022,November,Thursday,14:12,Serious,2,Bus,Rainy,Under Construction,41,Valid,Yes,Curve,1
705,Karnataka,2023,June,Sunday,16:49,Minor,2,Truck,Stormy,Dry,48,Valid,No,Straight Road,8
706,Telangana,2019,July,Saturday,15:48,Serious,3,Two-Wheeler,Stormy,Damaged,109,Valid,No,Bridge,10
707,Bihar,2022,May,Tuesday,1:45,Minor,4,Car,Stormy,Dry,72,Valid,Yes,Straight Road,6
708,Chhattisgarh,2022,July,Monday,16:40,Serious,2,Truck,Hazy,Wet,94,Valid,No,Curve,6
709,Rajasthan,2020,September,Tuesday,4:30,Serious,1,Cycle,Stormy,Dry,50,Expired,No,Intersection,2
710,Goa,2020,October,Saturday,3:32,Fatal,2,Bus,Rainy,Dry,35,Expired,No,Curve,13
711,Jharkhand,2018,October,Tuesday,16:43,Serious,1,Two-Wheeler,Clear,Damaged,39,Valid,Yes,Intersection,12
712,Puducherry,2018,November,Friday,5:23,Fatal,5,Truck,Stormy,Under Construction,106,Not Available,Yes,Curve,11
713,Kerala,2023,June,Monday,18:51,Minor,5,Auto-Rickshaw,Clear,Under Construction,113,Valid,Yes,Bridge,6
714,Bihar,2020,March,Friday,11:4,Serious,2,Auto-Rickshaw,Hazy,Damaged,64,Valid,Yes,Intersection,5
715,Odisha,2019,October,Tuesday,9:19,Serious,4,Auto-Rickshaw,Foggy,Damaged,108,Valid,No,Intersection,11
716,Nagaland,2018,December,Monday,8:53,Fatal,1,Auto-Rickshaw,Hazy,Dry,94,Expired,No,Straight Road,14
717,Andhra Pradesh,2021,April,Thursday,20:35,Minor,5,Two-Wheeler,Clear,Wet,115,Valid,Yes,Intersection,10
718,Nagaland,2023,March,Friday,2:21,Fatal,3,Car,Hazy,Under Construction,31,Not Available,Yes,Straight Road,6
719,Tamil Nadu,2022,March,Wednesday,6:32,Serious,1,Auto-Rickshaw,Hazy,Wet,80,Not Available,Yes,Straight Road,5
720,Chhattisgarh,2018,March,Tuesday,6:7,Fatal,2,Auto-Rickshaw,Stormy,Under Construction,96,Not Available,No,Straight Road,10
721,Tripura,2019,March,Wednesday,7:27,Minor,2,Two-Wheeler,Rainy,Wet,71,Not Available,Yes,Intersection,4
722,Maharashtra,2019,June,Friday,8:34,Serious,2,Cycle,Rainy,Wet,91,Expired,Yes,Curve,4
723,Karnataka,2020,February,Monday,10:7,Serious,3,Bus,Foggy,Wet,55,Expired,Yes,Bridge,2
724,Andhra Pradesh,2021,May,Thursday,20:27,Minor,3,Auto-Rickshaw,Foggy,Wet,85,Expired,Yes,Intersection,9
725,Bihar,2020,January,Wednesday,5:22,Minor,2,Bus,Clear,Under Construction,62,Expired,No,Intersection,7
726,Chandigarh,2022,May,Thursday,5:22,Minor,1,Auto-Rickshaw,Rainy,Under Construction,83,Valid,No,Straight Road,6
727,Assam,2018,January,Saturday,19:20,Serious,3,Two-Wheeler,Hazy,Under Construction,31,Not Available,No,Intersection,13
728,Uttarakhand,2021,June,Thursday,9:35,Minor,4,Two-Wheeler,Clear,Damaged,119,Valid,Yes,Straight Road,3
729,Punjab,2022,October,Sunday,10:4,Minor,3,Bus,Hazy,Dry,55,Valid,No,Bridge,1
730,Odisha,2020,July,Sunday,14:45,Serious,2,Two-Wheeler,Hazy,Damaged,67,Valid,Yes,Intersection,8
731,Uttarakhand,2023,September,Tuesday,6:46,Fatal,4,Pedestrian,Rainy,Damaged,105,Not Available,Yes,Straight Road,6
732,Rajasthan,2019,June,Friday,12:25,Minor,5,Car,Rainy,Dry,99,Valid,No,Curve,7
733,Gujarat,2022,March,Monday,15:39,Fatal,3,Cycle,Rainy,Under Construction,48,Expired,No,Straight Road,12
734,Karnataka,2021,August,Thursday,16:45,Fatal,5,Two-Wheeler,Foggy,Dry,96,Not Available,No,Intersection,10
735,Sikkim,2021,November,Monday,11:33,Fatal,5,Pedestrian,Rainy,Dry,103,Valid,No,Intersection,6
736,Jharkhand,2019,March,Friday,17:16,Serious,2,Pedestrian,Stormy,Under Construction,55,Expired,No,Straight Road,12
737,Mizoram,2020,April,Friday,17:47,Fatal,5,Bus,Foggy,Damaged,68,Valid,No,Straight Road,11
738,Chhattisgarh,2018,September,Monday,13:50,Serious,3,Pedestrian,Foggy,Damaged,66,Valid,No,Curve,1
739,Madhya Pradesh,2021,November,Monday,8:11,Fatal,2,Bus,Clear,Wet,70,Not Available,No,Bridge,8
740,West Bengal,2021,December,Saturday,11:11,Serious,5,Two-Wheeler,Foggy,Damaged,102,Valid,No,Bridge,6
741,Himachal Pradesh,2021,November,Wednesday,1:57,Minor,1,Two-Wheeler,Stormy,Damaged,107,Expired,Yes,Straight Road,4
742,Kerala,2021,December,Monday,0:51,Fatal,1,Two-Wheeler,Hazy,Under Construction,87,Not Available,No,Intersection,8
743,Bihar,2021,May,Wednesday,5:2,Fatal,2,Car,Foggy,Under Construction,90,Not Available,No,Intersection,11
744,Chandigarh,2021,December,Sunday,15:44,Serious,2,Two-Wheeler,Foggy,Dry,58,Not Available,No,Curve,1
745,Tripura,2020,March,Thursday,13:11,Serious,5,Auto-Rickshaw,Clear,Wet,95,Not Available,No,Curve,11
746,Kerala,2020,March,Wednesday,5:10,Fatal,5,Car,Clear,Wet,58,Not Available,Yes,Curve,10
747,Madhya Pradesh,2023,April,Monday,8:20,Serious,2,Cycle,Foggy,Under Construction,98,Not Available,No,Bridge,11
748,Delhi,2022,April,Monday,16:22,Fatal,3,Cycle,Stormy,Dry,80,Valid,Yes,Curve,4
749,Himachal Pradesh,2021,March,Tuesday,20:13,Minor,1,Truck,Rainy,Damaged,96,Valid,Yes,Straight Road,12
750,Nagaland,2023,December,Monday,11:7,Fatal,4,Two-Wheeler,Rainy,Wet,39,Expired,Yes,Curve,8
751,West Bengal,2018,April,Tuesday,4:23,Minor,4,Pedestrian,Foggy,Damaged,51,Valid,Yes,Bridge,5
752,Tripura,2020,January,Wednesday,11:42,Serious,3,Bus,Rainy,Dry,46,Expired,No,Straight Road,7
753,Mizoram,2019,October,Tuesday,0:6,Fatal,1,Truck,Clear,Dry,75,Valid,No,Intersection,3
754,Meghalaya,2020,January,Wednesday,4:39,Fatal,4,Two-Wheeler,Clear,Dry,68,Expired,No,Bridge,8
755,Mizoram,2018,February,Thursday,1:52,Minor,5,Car,Rainy,Damaged,107,Not Available,No,Straight Road,14
756,Mizoram,2022,September,Tuesday,1:27,Serious,5,Two-Wheeler,Stormy,Under Construction,80,Valid,Yes,Curve,1
757,Sikkim,2022,April,Saturday,22:16,Minor,4,Bus,Foggy,Under Construction,115,Expired,No,Intersection,13
758,Punjab,2021,March,Sunday,17:57,Serious,2,Truck,Hazy,Damaged,44,Not Available,No,Curve,2
759,Jharkhand,2018,February,Saturday,6:48,Minor,1,Truck,Hazy,Wet,67,Valid,Yes,Straight Road,5
760,Chandigarh,2019,May,Tuesday,21:59,Serious,1,Truck,Clear,Under Construction,97,Valid,Yes,Curve,10
761,Puducherry,2019,December,Sunday,16:18,Serious,5,Bus,Hazy,Dry,79,Not Available,Yes,Curve,11
762,West Bengal,2020,October,Thursday,3:43,Minor,3,Car,Hazy,Dry,63,Expired,No,Straight Road,14
763,Punjab,2022,January,Tuesday,7:41,Fatal,5,Two-Wheeler,Foggy,Dry,84,Valid,Yes,Bridge,11
764,Odisha,2022,April,Thursday,3:40,Serious,3,Bus,Foggy,Dry,43,Valid,No,Intersection,4
765,Telangana,2023,July,Tuesday,16:57,Fatal,2,Car,Hazy,Dry,39,Expired,Yes,Bridge,13
766,Himachal Pradesh,2020,January,Wednesday,8:47,Fatal,3,Cycle,Clear,Dry,35,Valid,No,Bridge,8
767,Punjab,2019,October,Monday,22:10,Minor,4,Truck,Rainy,Damaged,32,Expired,Yes,Curve,5
768,Arunachal Pradesh,2018,June,Saturday,9:44,Minor,4,Truck,Hazy,Wet,95,Expired,No,Intersection,10
769,Mizoram,2019,September,Thursday,11:47,Minor,3,Two-Wheeler,Stormy,Wet,82,Valid,No,Straight Road,6
770,Telangana,2018,January,Tuesday,23:21,Minor,5,Cycle,Stormy,Wet,101,Not Available,Yes,Bridge,11
771,Jammu and Kashmir,2023,April,Sunday,23:55,Serious,2,Pedestrian,Foggy,Dry,51,Not Available,No,Intersection,13
772,Assam,2021,February,Friday,5:46,Serious,1,Two-Wheeler,Stormy,Wet,88,Expired,Yes,Bridge,3
773,Chhattisgarh,2022,February,Monday,20:21,Serious,1,Two-Wheeler,Stormy,Wet,107,Not Available,Yes,Straight Road,8
774,Gujarat,2021,April,Wednesday,5:56,Serious,5,Bus,Rainy,Wet,33,Expired,Yes,Straight Road,10
775,Chandigarh,2021,January,Monday,8:34,Minor,4,Two-Wheeler,Stormy,Under Construction,120,Not Available,No,Curve,6
776,Karnataka,2021,February,Monday,8:0,Minor,2,Car,Stormy,Wet,72,Valid,No,Bridge,7
777,Gujarat,2018,January,Thursday,23:43,Fatal,2,Bus,Hazy,Damaged,92,Valid,No,Intersection,7
778,Haryana,2020,December,Tuesday,8:14,Serious,1,Auto-Rickshaw,Stormy,Wet,63,Not Available,No,Straight Road,12
779,Delhi,2021,May,Friday,18:55,Serious,3,Truck,Hazy,Under Construction,66,Valid,No,Intersection,10
780,Madhya Pradesh,2021,December,Thursday,15:1,Fatal,1,Auto-Rickshaw,Rainy,Under Construction,69,Not Available,No,Curve,12
781,Goa,2021,December,Thursday,15:7,Minor,4,Pedestrian,Stormy,Wet,59,Not Available,No,Straight Road,8
782,Manipur,2019,January,Thursday,2:34,Serious,5,Pedestrian,Foggy,Dry,30,Expired,No,Straight Road,6
783,Jharkhand,2018,June,Wednesday,14:45,Minor,4,Auto-Rickshaw,Clear,Damaged,35,Valid,No,Bridge,9
784,Meghalaya,2018,October,Saturday,14:17,Minor,1,Pedestrian,Rainy,Dry,57,Not Available,No,Intersection,10
785,Sikkim,2022,March,Sunday,13:41,Minor,4,Car,Rainy,Wet,53,Valid,No,Intersection,10
786,Delhi,2020,August,Wednesday,1:50,Fatal,2,Cycle,Foggy,Under Construction,96,Valid,Yes,Intersection,4
787,West Bengal,2021,May,Wednesday,18:24,Fatal,2,Two-Wheeler,Clear,Damaged,38,Valid,Yes,Curve,5
788,Sikkim,2021,December,Friday,17:36,Minor,5,Truck,Rainy,Dry,84,Expired,Yes,Straight Road,6
789,West Bengal,2022,July,Saturday,20:52,Minor,2,Bus,Hazy,Dry,53,Expired,Yes,Curve,4
790,Chhattisgarh,2021,May,Friday,16:4,Serious,5,Cycle,Foggy,Dry,45,Expired,No,Curve,6
791,Himachal Pradesh,2023,August,Saturday,6:12,Minor,2,Two-Wheeler,Foggy,Dry,49,Valid,No,Bridge,5
792,Uttarakhand,2021,December,Friday,16:30,Fatal,1,Pedestrian,Hazy,Dry,102,Expired,Yes,Curve,8
793,Delhi,2018,October,Wednesday,1:9,Serious,3,Cycle,Hazy,Damaged,111,Not Available,Yes,Bridge,8
794,Tamil Nadu,2020,December,Wednesday,10:20,Serious,3,Two-Wheeler,Stormy,Damaged,90,Valid,No,Curve,12
795,Sikkim,2022,January,Sunday,17:3,Serious,4,Pedestrian,Hazy,Wet,90,Not Available,No,Straight Road,14
796,Sikkim,2022,July,Wednesday,18:2,Serious,2,Truck,Clear,Dry,78,Valid,No,Curve,9
797,Maharashtra,2021,April,Thursday,1:39,Fatal,2,Cycle,Hazy,Damaged,112,Not Available,Yes,Straight Road,11
798,Goa,2018,June,Friday,11:11,Minor,3,Pedestrian,Stormy,Under Construction,46,Not Available,No,Intersection,6
799,Andhra Pradesh,2023,August,Thursday,18:8,Serious,4,Bus,Stormy,Dry,45,Expired,No,Bridge,2
800,Puducherry,2022,July,Friday,19:23,Minor,1,Truck,Foggy,Dry,78,Expired,Yes,Intersection,9
801,Meghalaya,2020,March,Thursday,19:29,Serious,1,Two-Wheeler,Foggy,Under Construction,119,Expired,Yes,Curve,12
802,Telangana,2023,November,Thursday,0:7,Serious,5,Pedestrian,Rainy,Wet,37,Not Available,Yes,Curve,9
803,Tamil Nadu,2020,June,Saturday,21:55,Serious,1,Truck,Foggy,Wet,58,Not Available,Yes,Straight Road,4
804,Mizoram,2020,July,Wednesday,23:44,Serious,1,Cycle,Rainy,Wet,109,Valid,No,Curve,11
805,Andhra Pradesh,2018,December,Friday,0:27,Minor,4,Auto-Rickshaw,Foggy,Wet,86,Valid,Yes,Straight Road,6
806,Uttar Pradesh,2023,July,Saturday,8:58,Minor,1,Pedestrian,Foggy,Wet,30,Valid,Yes,Bridge,4
807,Chandigarh,2018,April,Wednesday,9:55,Minor,5,Pedestrian,Foggy,Damaged,81,Not Available,No,Straight Road,11
808,Mizoram,2023,February,Sunday,16:59,Minor,2,Bus,Foggy,Damaged,56,Not Available,Yes,Curve,4
809,Odisha,2022,September,Tuesday,8:8,Fatal,4,Car,Rainy,Wet,53,Not Available,Yes,Bridge,9
810,Telangana,2018,December,Sunday,18:0,Minor,3,Bus,Clear,Under Construction,114,Expired,Yes,Intersection,10
811,Karnataka,2021,October,Friday,13:8,Minor,1,Pedestrian,Stormy,Dry,97,Expired,No,Straight Road,5
812,Chhattisgarh,2022,January,Saturday,16:40,Serious,1,Car,Hazy,Wet,109,Expired,No,Intersection,10
813,Kerala,2023,July,Saturday,7:11,Serious,4,Cycle,Rainy,Dry,96,Not Available,Yes,Curve,2
814,Madhya Pradesh,2018,August,Thursday,11:19,Minor,4,Cycle,Hazy,Dry,46,Valid,Yes,Bridge,4
815,Delhi,2018,May,Saturday,19:26,Serious,4,Bus,Rainy,Wet,30,Not Available,Yes,Bridge,1
816,Puducherry,2023,February,Saturday,23:48,Minor,3,Two-Wheeler,Stormy,Under Construction,55,Valid,No,Bridge,11
817,Gujarat,2021,April,Sunday,21:9,Fatal,3,Cycle,Stormy,Dry,47,Not Available,Yes,Straight Road,4
818,Delhi,2021,October,Wednesday,5:12,Serious,5,Two-Wheeler,Foggy,Damaged,72,Expired,No,Intersection,12
819,West Bengal,2022,March,Sunday,7:43,Minor,5,Pedestrian,Rainy,Under Construction,41,Expired,Yes,Curve,6
820,West Bengal,2020,April,Thursday,7:27,Minor,3,Two-Wheeler,Hazy,Damaged,77,Valid,No,Bridge,8
821,Bihar,2023,December,Monday,1:50,Serious,2,Bus,Hazy,Wet,116,Not Available,No,Intersection,11
822,Maharashtra,2022,April,Monday,17:33,Minor,3,Pedestrian,Rainy,Wet,78,Valid,Yes,Intersection,8
823,Mizoram,2023,April,Sunday,23:14,Fatal,1,Two-Wheeler,Stormy,Dry,46,Valid,Yes,Bridge,9
824,Jharkhand,2020,August,Thursday,0:49,Minor,1,Bus,Stormy,Under Construction,86,Expired,Yes,Bridge,1
825,Jammu and Kashmir,2020,March,Monday,6:1,Minor,3,Bus,Hazy,Dry,87,Not Available,Yes,Intersection,3
826,Arunachal Pradesh,2020,July,Friday,13:31,Minor,4,Car,Clear,Damaged,110,Valid,No,Intersection,10
827,Bihar,2020,December,Monday,5:34,Serious,5,Cycle,Hazy,Wet,43,Expired,No,Curve,6
828,Rajasthan,2023,June,Tuesday,7:25,Fatal,4,Cycle,Foggy,Dry,64,Valid,No,Bridge,7
829,Gujarat,2022,December,Friday,11:41,Fatal,3,Auto-Rickshaw,Foggy,Damaged,117,Expired,Yes,Curve,5
830,Maharashtra,2019,February,Saturday,17:31,Minor,5,Car,Rainy,Under Construction,60,Expired,No,Intersection,12
831,Gujarat,2021,June,Saturday,1:42,Fatal,3,Two-Wheeler,Clear,Wet,37,Expired,No,Bridge,9
832,West Bengal,2021,December,Thursday,8:32,Serious,4,Truck,Stormy,Dry,100,Expired,No,Curve,6
833,Maharashtra,2022,February,Wednesday,11:27,Fatal,5,Car,Stormy,Wet,44,Expired,Yes,Intersection,8
834,Meghalaya,2021,November,Wednesday,19:51,Fatal,3,Truck,Rainy,Dry,98,Not Available,No,Straight Road,3
835,Tamil Nadu,2020,January,Thursday,19:22,Minor,1,Pedestrian,Hazy,Dry,114,Not Available,Yes,Straight Road,4
836,Andhra Pradesh,2020,December,Thursday,9:48,Minor,4,Auto-Rickshaw,Stormy,Wet,80,Not Available,Yes,Bridge,11
837,Goa,2019,November,Wednesday,21:30,Serious,3,Car,Stormy,Wet,114,Valid,No,Bridge,10
838,Puducherry,2021,March,Thursday,11:52,Minor,5,Two-Wheeler,Hazy,Damaged,30,Valid,Yes,Curve,7
839,Punjab,2022,November,Tuesday,9:44,Fatal,2,Two-Wheeler,Foggy,Damaged,94,Expired,Yes,Bridge,7
840,Jharkhand,2020,June,Thursday,22:16,Serious,1,Bus,Foggy,Dry,120,Valid,No,Straight Road,10
841,Odisha,2019,September,Monday,16:12,Serious,4,Bus,Hazy,Under Construction,44,Expired,Yes,Straight Road,11
842,Telangana,2022,March,Sunday,9:30,Serious,3,Auto-Rickshaw,Stormy,Dry,82,Not Available,No,Bridge,12
843,Goa,2019,April,Thursday,5:36,Fatal,1,Pedestrian,Hazy,Wet,106,Valid,Yes,Bridge,1
844,Kerala,2019,March,Friday,15:33,Minor,2,Pedestrian,Rainy,Dry,38,Not Available,Yes,Bridge,12
845,Odisha,2018,March,Monday,5:31,Minor,3,Car,Clear,Under Construction,33,Valid,No,Bridge,2
846,Tamil Nadu,2020,December,Saturday,13:54,Fatal,3,Bus,Hazy,Damaged,80,Valid,Yes,Curve,12
847,Andhra Pradesh,2022,November,Tuesday,13:7,Fatal,5,Auto-Rickshaw,Stormy,Under Construction,105,Valid,No,Intersection,15
848,Kerala,2018,October,Wednesday,14:56,Serious,2,Truck,Foggy,Dry,101,Not Available,Yes,Curve,10
849,Andhra Pradesh,2021,April,Monday,6:26,Minor,5,Pedestrian,Stormy,Under Construction,106,Expired,No,Intersection,8
850,Nagaland,2021,August,Sunday,16:13,Minor,5,Bus,Hazy,Damaged,55,Not Available,No,Straight Road,3
851,Goa,2021,September,Sunday,7:29,Minor,5,Auto-Rickshaw,Clear,Wet,36,Not Available,No,Curve,13
852,Tamil Nadu,2021,April,Monday,11:23,Minor,2,Truck,Stormy,Wet,30,Valid,No,Straight Road,7
853,Chhattisgarh,2020,April,Tuesday,2:23,Minor,3,Car,Rainy,Wet,49,Expired,Yes,Intersection,9
854,Arunachal Pradesh,2023,May,Friday,8:34,Minor,1,Pedestrian,Rainy,Under Construction,77,Not Available,Yes,Straight Road,6
855,Sikkim,2018,October,Saturday,13:27,Fatal,2,Cycle,Hazy,Dry,81,Not Available,Yes,Bridge,6
856,Mizoram,2020,February,Thursday,20:53,Minor,4,Cycle,Rainy,Under Construction,83,Valid,No,Intersection,5
857,Delhi,2020,March,Saturday,15:3,Serious,3,Auto-Rickshaw,Clear,Dry,97,Not Available,No,Straight Road,6
858,Telangana,2022,March,Sunday,16:33,Minor,1,Pedestrian,Hazy,Dry,76,Expired,No,Straight Road,8
859,Arunachal Pradesh,2019,November,Sunday,20:56,Serious,2,Pedestrian,Clear,Wet,50,Expired,Yes,Bridge,5
860,Uttar Pradesh,2020,November,Tuesday,8:12,Minor,1,Pedestrian,Clear,Dry,75,Valid,No,Curve,13
861,Jharkhand,2021,May,Monday,2:14,Serious,3,Truck,Stormy,Wet,75,Not Available,No,Straight Road,7
862,Sikkim,2023,October,Sunday,6:39,Minor,3,Auto-Rickshaw,Rainy,Dry,58,Not Available,No,Bridge,3
863,Assam,2020,March,Tuesday,3:5,Minor,5,Pedestrian,Stormy,Damaged,45,Not Available,Yes,Straight Road,4
864,Kerala,2023,February,Sunday,19:40,Fatal,3,Two-Wheeler,Hazy,Wet,75,Expired,Yes,Curve,1
865,Uttar Pradesh,2022,September,Saturday,15:44,Serious,2,Cycle,Clear,Dry,92,Valid,Yes,Curve,0
866,Karnataka,2022,December,Thursday,20:14,Minor,1,Two-Wheeler,Stormy,Wet,76,Not Available,Yes,Bridge,8
867,Puducherry,2021,August,Saturday,11:52,Minor,5,Pedestrian,Stormy,Wet,100,Expired,Yes,Bridge,8
868,Telangana,2023,May,Monday,13:6,Serious,1,Auto-Rickshaw,Rainy,Damaged,55,Expired,Yes,Bridge,8
869,Kerala,2020,February,Monday,8:52,Fatal,2,Bus,Stormy,Under Construction,105,Valid,Yes,Intersection,4
870,Gujarat,2022,March,Monday,16:36,Minor,5,Two-Wheeler,Hazy,Wet,100,Expired,Yes,Straight Road,8
871,Odisha,2021,June,Thursday,16:41,Serious,5,Bus,Rainy,Under Construction,82,Expired,Yes,Curve,7
872,Delhi,2023,October,Tuesday,0:28,Serious,1,Car,Hazy,Damaged,115,Not Available,Yes,Intersection,15
873,Goa,2020,February,Saturday,8:30,Fatal,5,Auto-Rickshaw,Rainy,Dry,114,Valid,Yes,Straight Road,12
874,Gujarat,2018,April,Saturday,6:18,Minor,3,Bus,Stormy,Under Construction,31,Valid,Yes,Curve,6
875,Nagaland,2019,March,Saturday,2:10,Fatal,3,Cycle,Stormy,Wet,46,Expired,Yes,Curve,8
876,Gujarat,2022,January,Wednesday,21:10,Serious,4,Truck,Rainy,Dry,110,Expired,Yes,Curve,7
877,Goa,2018,June,Sunday,16:22,Fatal,1,Truck,Stormy,Under Construction,94,Not Available,Yes,Straight Road,4
878,Mizoram,2023,August,Monday,11:24,Fatal,1,Cycle,Clear,Wet,100,Valid,Yes,Curve,10
879,Uttarakhand,2018,June,Thursday,22:37,Serious,4,Auto-Rickshaw,Rainy,Dry,102,Expired,Yes,Straight Road,9
880,Madhya Pradesh,2020,June,Tuesday,12:6,Serious,4,Cycle,Foggy,Wet,97,Valid,Yes,Curve,12
881,Meghalaya,2022,October,Monday,11:32,Minor,5,Two-Wheeler,Stormy,Under Construction,76,Valid,Yes,Curve,2
882,Nagaland,2020,July,Monday,6:13,Fatal,5,Auto-Rickshaw,Rainy,Under Construction,75,Expired,Yes,Bridge,5
883,Delhi,2021,January,Friday,5:0,Minor,3,Pedestrian,Stormy,Dry,49,Valid,Yes,Straight Road,13
884,Delhi,2023,September,Saturday,14:20,Minor,3,Truck,Rainy,Dry,113,Expired,Yes,Straight Road,10
885,Punjab,2020,May,Friday,23:17,Minor,2,Pedestrian,Hazy,Wet,61,Not Available,Yes,Straight Road,10
886,Uttar Pradesh,2023,November,Wednesday,19:28,Minor,5,Truck,Rainy,Wet,43,Not Available,Yes,Straight Road,8
887,Delhi,2020,July,Friday,21:15,Serious,1,Car,Clear,Under Construction,81,Expired,Yes,Straight Road,8
888,Madhya Pradesh,2018,November,Friday,21:37,Fatal,2,Two-Wheeler,Hazy,Wet,41,Valid,No,Intersection,3
889,Maharashtra,2022,March,Sunday,6:30,Serious,2,Truck,Clear,Damaged,86,Valid,No,Curve,13
890,Assam,2019,September,Tuesday,22:38,Serious,3,Bus,Rainy,Dry,42,Not Available,Yes,Intersection,11
891,Jharkhand,2022,January,Friday,18:51,Minor,5,Pedestrian,Stormy,Damaged,86,Not Available,No,Bridge,14
892,Tamil Nadu,2023,October,Monday,3:27,Fatal,5,Pedestrian,Foggy,Wet,99,Valid,No,Intersection,10
893,Punjab,2020,January,Tuesday,1:14,Minor,4,Truck,Clear,Under Construction,89,Expired,No,Straight Road,12
894,Sikkim,2020,January,Wednesday,17:33,Minor,1,Cycle,Stormy,Under Construction,89,Expired,No,Straight Road,3
895,Tamil Nadu,2023,November,Saturday,5:54,Minor,1,Auto-Rickshaw,Clear,Damaged,31,Valid,Yes,Bridge,11
896,Delhi,2020,January,Wednesday,10:56,Fatal,4,Car,Rainy,Wet,75,Valid,No,Intersection,2
897,Meghalaya,2019,October,Monday,19:31,Minor,3,Truck,Hazy,Under Construction,103,Expired,No,Bridge,10
898,Goa,2023,September,Wednesday,15:22,Serious,4,Car,Rainy,Damaged,113,Valid,Yes,Intersection,9
899,Punjab,2021,February,Saturday,0:23,Fatal,4,Cycle,Hazy,Under Construction,71,Valid,No,Bridge,12
900,Arunachal Pradesh,2018,December,Tuesday,11:57,Minor,2,Cycle,Rainy,Under Construction,35,Valid,Yes,Straight Road,8
901,Uttarakhand,2023,August,Thursday,12:40,Minor,5,Pedestrian,Clear,Under Construction,79,Not Available,No,Straight Road,5
902,Mizoram,2020,December,Tuesday,4:51,Fatal,3,Auto-Rickshaw,Hazy,Damaged,54,Expired,Yes,Bridge,8
903,Himachal Pradesh,2023,December,Saturday,2:42,Fatal,2,Auto-Rickshaw,Clear,Under Construction,86,Expired,Yes,Intersection,3
904,West Bengal,2021,March,Saturday,4:35,Minor,4,Cycle,Hazy,Dry,32,Expired,Yes,Curve,12
905,Nagaland,2022,February,Monday,4:41,Minor,1,Cycle,Stormy,Damaged,57,Valid,Yes,Intersection,8
906,Puducherry,2023,December,Monday,12:51,Minor,3,Cycle,Rainy,Wet,104,Expired,No,Curve,7
907,Andhra Pradesh,2018,May,Tuesday,0:25,Minor,2,Bus,Foggy,Wet,86,Not Available,Yes,Straight Road,6
908,Assam,2018,April,Friday,15:50,Serious,3,Pedestrian,Clear,Under Construction,119,Valid,Yes,Bridge,4
909,Madhya Pradesh,2022,January,Sunday,6:48,Serious,3,Cycle,Hazy,Damaged,110,Valid,No,Straight Road,4
910,Himachal Pradesh,2021,May,Saturday,0:14,Serious,5,Auto-Rickshaw,Clear,Damaged,99,Valid,Yes,Bridge,8
911,Jharkhand,2020,August,Tuesday,19:14,Minor,3,Truck,Rainy,Damaged,79,Not Available,Yes,Intersection,12
912,Odisha,2019,May,Sunday,10:35,Minor,5,Cycle,Hazy,Dry,45,Expired,Yes,Bridge,6
913,Odisha,2018,January,Thursday,8:38,Fatal,4,Car,Rainy,Damaged,88,Not Available,Yes,Bridge,12
914,Telangana,2021,July,Wednesday,21:54,Serious,3,Auto-Rickshaw,Foggy,Damaged,76,Not Available,Yes,Intersection,6
915,Tripura,2021,April,Wednesday,1:39,Minor,3,Truck,Rainy,Wet,81,Expired,Yes,Straight Road,12
916,Goa,2018,July,Tuesday,12:16,Fatal,1,Bus,Hazy,Damaged,98,Expired,Yes,Intersection,2
917,Chhattisgarh,2023,November,Thursday,11:52,Fatal,2,Car,Rainy,Under Construction,65,Expired,Yes,Straight Road,6
918,Punjab,2019,August,Wednesday,11:43,Fatal,2,Pedestrian,Rainy,Wet,108,Valid,Yes,Curve,3
919,Uttar Pradesh,2022,October,Wednesday,4:58,Serious,3,Two-Wheeler,Rainy,Under Construction,112,Valid,Yes,Curve,13
920,Telangana,2022,April,Sunday,19:7,Fatal,2,Cycle,Clear,Damaged,118,Valid,Yes,Straight Road,3
921,Nagaland,2023,February,Thursday,4:25,Serious,1,Bus,Clear,Dry,81,Expired,Yes,Curve,14
922,Kerala,2019,January,Monday,17:2,Minor,4,Pedestrian,Stormy,Wet,91,Not Available,Yes,Bridge,8
923,Jammu and Kashmir,2022,October,Tuesday,0:22,Serious,3,Bus,Rainy,Dry,95,Valid,Yes,Intersection,1
924,Himachal Pradesh,2019,May,Tuesday,22:55,Fatal,1,Car,Rainy,Damaged,37,Expired,Yes,Bridge,1
925,Delhi,2018,February,Tuesday,15:58,Serious,2,Bus,Rainy,Dry,81,Valid,No,Intersection,6
926,Karnataka,2018,March,Friday,15:42,Fatal,4,Bus,Clear,Damaged,89,Valid,No,Intersection,4
927,Karnataka,2019,August,Tuesday,5:26,Serious,2,Two-Wheeler,Clear,Damaged,76,Valid,Yes,Intersection,8
928,Madhya Pradesh,2022,June,Monday,1:3,Minor,4,Car,Foggy,Dry,32,Expired,Yes,Bridge,10
929,Manipur,2021,November,Thursday,19:25,Fatal,5,Bus,Foggy,Wet,104,Valid,Yes,Intersection,7
930,Gujarat,2019,October,Friday,10:23,Serious,3,Pedestrian,Rainy,Dry,107,Valid,Yes,Straight Road,4
931,Rajasthan,2018,October,Saturday,4:24,Minor,1,Bus,Rainy,Wet,79,Expired,No,Intersection,11
932,Tamil Nadu,2021,April,Thursday,5:29,Minor,2,Auto-Rickshaw,Clear,Under Construction,84,Valid,Yes,Intersection,6
933,Karnataka,2018,April,Saturday,6:45,Fatal,3,Car,Hazy,Dry,98,Valid,No,Straight Road,3
934,Arunachal Pradesh,2021,January,Friday,2:56,Serious,3,Truck,Foggy,Dry,51,Expired,No,Intersection,5
935,Uttarakhand,2023,February,Saturday,12:5,Minor,2,Pedestrian,Stormy,Wet,66,Not Available,No,Curve,13
936,Punjab,2018,June,Saturday,3:58,Minor,1,Truck,Rainy,Under Construction,74,Not Available,No,Bridge,9
937,Chhattisgarh,2019,October,Tuesday,16:0,Fatal,5,Cycle,Clear,Damaged,33,Valid,No,Intersection,1
938,Sikkim,2023,August,Sunday,7:19,Serious,4,Car,Stormy,Wet,59,Expired,Yes,Intersection,1
939,Chandigarh,2022,December,Saturday,17:58,Serious,4,Auto-Rickshaw,Clear,Dry,64,Expired,No,Straight Road,9
940,Delhi,2023,February,Tuesday,10:44,Fatal,5,Two-Wheeler,Rainy,Damaged,62,Valid,Yes,Bridge,9
941,West Bengal,2021,October,Sunday,3:52,Minor,1,Two-Wheeler,Hazy,Wet,51,Valid,Yes,Intersection,11
942,Chhattisgarh,2018,August,Thursday,7:49,Minor,4,Auto-Rickshaw,Clear,Dry,40,Not Available,No,Bridge,12
943,Uttarakhand,2018,August,Saturday,1:43,Minor,4,Pedestrian,Hazy,Dry,44,Expired,No,Intersection,5
944,Maharashtra,2021,May,Saturday,19:55,Fatal,5,Auto-Rickshaw,Stormy,Dry,85,Expired,Yes,Intersection,13
945,Manipur,2022,February,Wednesday,3:53,Fatal,3,Car,Foggy,Under Construction,114,Not Available,No,Intersection,13
946,Goa,2020,March,Thursday,16:29,Fatal,2,Two-Wheeler,Foggy,Dry,81,Expired,Yes,Curve,4
947,Haryana,2022,July,Sunday,5:35,Minor,3,Two-Wheeler,Hazy,Under Construction,33,Expired,Yes,Curve,11
948,Uttar Pradesh,2022,November,Friday,0:13,Fatal,1,Car,Stormy,Damaged,72,Valid,No,Intersection,7
949,Jammu and Kashmir,2020,March,Thursday,5:53,Minor,3,Truck,Rainy,Damaged,112,Valid,Yes,Bridge,12
950,Assam,2020,March,Thursday,7:38,Fatal,4,Two-Wheeler,Stormy,Under Construction,38,Valid,Yes,Intersection,12
951,Nagaland,2018,January,Thursday,13:18,Fatal,3,Auto-Rickshaw,Foggy,Damaged,44,Not Available,Yes,Intersection,4
952,Gujarat,2022,November,Wednesday,7:41,Minor,2,Bus,Rainy,Damaged,117,Valid,Yes,Bridge,13
953,Uttar Pradesh,2023,July,Thursday,21:57,Minor,3,Two-Wheeler,Rainy,Wet,44,Not Available,Yes,Straight Road,9
954,Kerala,2021,January,Thursday,0:49,Fatal,1,Truck,Clear,Under Construction,106,Not Available,Yes,Bridge,5
955,Jammu and Kashmir,2020,May,Sunday,7:19,Serious,3,Cycle,Stormy,Wet,94,Not Available,Yes,Bridge,4
956,Maharashtra,2023,August,Tuesday,4:9,Minor,1,Truck,Clear,Wet,46,Valid,Yes,Bridge,3
957,Uttar Pradesh,2018,July,Tuesday,22:52,Fatal,3,Pedestrian,Stormy,Dry,53,Valid,Yes,Straight Road,0
958,Punjab,2019,September,Sunday,17:29,Minor,1,Cycle,Stormy,Damaged,36,Expired,Yes,Intersection,7
959,Rajasthan,2020,May,Friday,4:44,Fatal,5,Truck,Foggy,Damaged,113,Not Available,Yes,Straight Road,7
960,Gujarat,2021,October,Sunday,22:53,Minor,5,Auto-Rickshaw,Hazy,Under Construction,66,Valid,Yes,Curve,9
961,Mizoram,2020,November,Saturday,17:57,Minor,3,Bus,Foggy,Under Construction,89,Expired,No,Bridge,12
962,Kerala,2019,December,Tuesday,8:22,Fatal,2,Cycle,Hazy,Under Construction,63,Not Available,No,Straight Road,5
963,Uttar Pradesh,2018,March,Saturday,8:51,Fatal,1,Cycle,Clear,Under Construction,81,Expired,No,Straight Road,12
964,Odisha,2019,February,Wednesday,21:37,Fatal,1,Auto-Rickshaw,Hazy,Damaged,37,Valid,Yes,Bridge,5
965,Uttarakhand,2020,December,Friday,21:29,Fatal,3,Bus,Clear,Damaged,39,Not Available,No,Curve,6
966,Maharashtra,2021,January,Sunday,10:25,Serious,2,Car,Foggy,Dry,72,Valid,Yes,Intersection,8
967,Madhya Pradesh,2021,August,Sunday,6:36,Fatal,4,Two-Wheeler,Rainy,Under Construction,54,Not Available,Yes,Intersection,6
968,Nagaland,2023,December,Saturday,13:40,Minor,4,Car,Stormy,Damaged,95,Expired,No,Curve,6
969,Goa,2020,January,Monday,19:51,Minor,2,Auto-Rickshaw,Stormy,Under Construction,114,Expired,No,Curve,10
970,Jammu and Kashmir,2020,May,Friday,12:27,Serious,5,Bus,Rainy,Dry,112,Not Available,No,Straight Road,6
971,Kerala,2020,February,Wednesday,13:13,Minor,2,Bus,Rainy,Under Construction,57,Not Available,No,Bridge,3
972,Karnataka,2018,January,Wednesday,6:3,Minor,5,Cycle,Foggy,Wet,100,Not Available,Yes,Curve,9
973,Delhi,2020,July,Saturday,9:22,Fatal,3,Truck,Rainy,Under Construction,87,Valid,No,Intersection,3
974,Punjab,2022,November,Monday,19:32,Fatal,3,Truck,Stormy,Under Construction,32,Valid,Yes,Bridge,3
975,Tripura,2023,May,Saturday,5:8,Fatal,5,Cycle,Clear,Dry,81,Not Available,Yes,Curve,9
976,Rajasthan,2019,October,Saturday,15:16,Serious,2,Bus,Hazy,Dry,39,Not Available,No,Intersection,11
977,Uttar Pradesh,2021,July,Thursday,20:34,Serious,2,Pedestrian,Rainy,Wet,54,Not Available,Yes,Curve,7
978,Puducherry,2020,August,Thursday,14:50,Minor,1,Two-Wheeler,Clear,Under Construction,41,Expired,No,Intersection,11
979,Rajasthan,2021,August,Sunday,2:4,Fatal,1,Pedestrian,Stormy,Wet,106,Not Available,Yes,Intersection,6
980,Chandigarh,2019,March,Friday,13:38,Serious,4,Two-Wheeler,Stormy,Wet,39,Expired,Yes,Straight Road,5
981,Assam,2022,March,Saturday,23:32,Minor,5,Cycle,Stormy,Damaged,36,Not Available,Yes,Curve,6
982,Meghalaya,2022,August,Sunday,4:46,Fatal,5,Cycle,Foggy,Dry,103,Expired,Yes,Straight Road,6
983,Uttar Pradesh,2023,March,Tuesday,7:34,Serious,1,Car,Rainy,Dry,80,Not Available,Yes,Curve,8
984,Uttar Pradesh,2020,May,Thursday,3:23,Minor,5,Two-Wheeler,Foggy,Wet,44,Expired,Yes,Bridge,5
985,Kerala,2020,June,Thursday,12:50,Fatal,4,Pedestrian,Stormy,Wet,63,Not Available,Yes,Curve,3
986,Telangana,2021,February,Monday,5:0,Minor,3,Car,Clear,Wet,53,Not Available,Yes,Curve,4
987,Madhya Pradesh,2020,August,Wednesday,19:46,Fatal,4,Auto-Rickshaw,Clear,Wet,60,Expired,Yes,Curve,9
988,Himachal Pradesh,2019,July,Friday,21:19,Minor,1,Truck,Stormy,Dry,108,Not Available,Yes,Bridge,9
989,Assam,2019,June,Friday,1:48,Serious,4,Truck,Foggy,Damaged,36,Expired,Yes,Curve,4
990,Meghalaya,2023,December,Friday,2:51,Fatal,5,Cycle,Clear,Damaged,38,Valid,Yes,Straight Road,4
991,Karnataka,2023,July,Sunday,1:5,Fatal,2,Two-Wheeler,Foggy,Dry,48,Not Available,Yes,Curve,5
992,Gujarat,2021,October,Wednesday,8:6,Fatal,2,Truck,Rainy,Damaged,102,Valid,No,Bridge,5
993,Delhi,2020,November,Wednesday,20:42,Serious,1,Pedestrian,Rainy,Wet,108,Not Available,Yes,Straight Road,12
994,Mizoram,2021,February,Monday,19:41,Serious,5,Auto-Rickshaw,Foggy,Wet,33,Not Available,No,Curve,10
995,Tamil Nadu,2020,September,Sunday,5:29,Fatal,4,Two-Wheeler,Rainy,Damaged,75,Valid,No,Straight Road,4
996,Jammu and Kashmir,2020,February,Monday,12:47,Serious,2,Truck,Clear,Under Construction,41,Expired,No,Intersection,10
997,Jammu and Kashmir,2023,June,Sunday,23:53,Fatal,3,Auto-Rickshaw,Foggy,Under Construction,70,Not Available,Yes,Bridge,6
998,Delhi,2018,June,Saturday,10:49,Fatal,5,Bus,Stormy,Damaged,109,Expired,No,Bridge,8
999,Jammu and Kashmir,2020,November,Thursday,3:10,Serious,5,Auto-Rickshaw,Rainy,Under Construction,82,Not Available,Yes,Straight Road,9
1000,Delhi,2021,October,Thursday,22:47,Fatal,4,Car,Foggy,Wet,37,Valid,No,Straight Road,2
1001,Nagaland,2019,January,Wednesday,10:50,Fatal,3,Truck,Stormy,Under Construction,51,Expired,Yes,Straight Road,6
1002,Telangana,2023,January,Friday,19:19,Minor,3,Two-Wheeler,Clear,Dry,49,Not Available,No,Intersection,3
1003,Tamil Nadu,2020,February,Wednesday,22:9,Fatal,5,Bus,Rainy,Dry,53,Not Available,Yes,Straight Road,2
1004,Chandigarh,2018,July,Wednesday,3:33,Fatal,5,Bus,Clear,Under Construction,73,Expired,Yes,Bridge,12
1005,Goa,2021,October,Friday,6:45,Fatal,4,Bus,Hazy,Under Construction,92,Not Available,Yes,Straight Road,13
1006,Odisha,2022,March,Friday,17:14,Fatal,3,Car,Hazy,Damaged,51,Not Available,Yes,Bridge,6
1007,Nagaland,2019,February,Wednesday,22:46,Minor,2,Two-Wheeler,Clear,Dry,106,Valid,Yes,Straight Road,12
1008,Andhra Pradesh,2018,October,Thursday,11:28,Fatal,4,Cycle,Foggy,Under Construction,34,Valid,Yes,Intersection,6
1009,Gujarat,2020,August,Saturday,0:25,Minor,2,Bus,Hazy,Damaged,76,Expired,Yes,Bridge,6
1010,Maharashtra,2021,December,Wednesday,7:21,Fatal,3,Truck,Rainy,Wet,96,Expired,Yes,Curve,7
1011,Himachal Pradesh,2020,March,Wednesday,0:43,Fatal,3,Cycle,Foggy,Damaged,109,Valid,Yes,Intersection,9
1012,Haryana,2020,March,Sunday,8:10,Serious,4,Bus,Stormy,Dry,106,Valid,Yes,Curve,7
1013,Bihar,2023,October,Tuesday,9:18,Fatal,1,Two-Wheeler,Hazy,Damaged,50,Not Available,Yes,Straight Road,5
1014,Jammu and Kashmir,2022,December,Monday,23:7,Fatal,5,Bus,Stormy,Wet,82,Valid,No,Curve,6
1015,Punjab,2021,August,Sunday,4:0,Fatal,3,Auto-Rickshaw,Hazy,Under Construction,112,Expired,Yes,Intersection,13
1016,Kerala,2019,October,Tuesday,16:4,Fatal,3,Pedestrian,Hazy,Wet,41,Not Available,Yes,Intersection,9
1017,Mizoram,2021,July,Monday,1:10,Fatal,1,Two-Wheeler,Rainy,Wet,110,Expired,Yes,Intersection,4
1018,Goa,2019,May,Saturday,17:55,Fatal,1,Two-Wheeler,Foggy,Dry,54,Not Available,Yes,Bridge,9
1019,Bihar,2023,February,Wednesday,2:50,Serious,1,Auto-Rickshaw,Clear,Dry,118,Not Available,Yes,Straight Road,14
1020,Andhra Pradesh,2018,July,Saturday,19:4,Fatal,1,Pedestrian,Rainy,Damaged,49,Valid,No,Straight Road,8
1021,Karnataka,2020,August,Saturday,7:13,Fatal,4,Two-Wheeler,Clear,Damaged,96,Expired,Yes,Curve,1
1022,West Bengal,2021,March,Friday,10:31,Fatal,2,Bus,Stormy,Wet,81,Not Available,No,Intersection,11
1023,Chhattisgarh,2018,October,Tuesday,15:6,Minor,3,Two-Wheeler,Clear,Under Construction,75,Expired,No,Curve,2
1024,Karnataka,2019,January,Wednesday,5:29,Serious,3,Cycle,Foggy,Damaged,82,Valid,Yes,Bridge,12
1025,Nagaland,2018,August,Wednesday,17:27,Serious,3,Pedestrian,Stormy,Damaged,63,Not Available,No,Bridge,6
1026,Jammu and Kashmir,2022,November,Tuesday,13:26,Fatal,5,Auto-Rickshaw,Stormy,Dry,68,Not Available,Yes,Curve,9
1027,Madhya Pradesh,2020,February,Tuesday,19:39,Fatal,3,Truck,Rainy,Wet,41,Not Available,Yes,Intersection,6
1028,Meghalaya,2018,July,Thursday,5:44,Minor,1,Auto-Rickshaw,Hazy,Wet,114,Valid,Yes,Curve,3
1029,Puducherry,2023,January,Thursday,8:53,Fatal,5,Two-Wheeler,Rainy,Damaged,76,Not Available,No,Bridge,13
1030,Tamil Nadu,2021,March,Sunday,22:37,Fatal,1,Truck,Rainy,Wet,90,Valid,No,Curve,12
1031,Meghalaya,2022,December,Thursday,9:50,Fatal,3,Pedestrian,Foggy,Under Construction,88,Not Available,No,Bridge,9
1032,Goa,2022,October,Thursday,13:37,Serious,5,Car,Rainy,Under Construction,113,Not Available,No,Intersection,13
1033,Delhi,2021,November,Saturday,19:51,Serious,1,Car,Hazy,Wet,30,Valid,Yes,Straight Road,13
1034,Andhra Pradesh,2020,October,Friday,6:9,Minor,3,Car,Clear,Under Construction,30,Not Available,No,Straight Road,5
1035,Arunachal Pradesh,2018,December,Wednesday,12:36,Minor,2,Cycle,Rainy,Under Construction,49,Expired,No,Intersection,12
1036,Delhi,2020,January,Friday,3:25,Minor,5,Cycle,Clear,Wet,89,Expired,No,Curve,10
1037,Chandigarh,2023,March,Friday,9:16,Serious,4,Car,Foggy,Dry,86,Not Available,Yes,Straight Road,11
1038,Haryana,2020,March,Wednesday,18:50,Minor,4,Pedestrian,Rainy,Under Construction,106,Expired,No,Intersection,9
1039,Andhra Pradesh,2019,June,Saturday,19:12,Minor,5,Auto-Rickshaw,Clear,Damaged,103,Expired,Yes,Bridge,7
1040,Assam,2020,September,Tuesday,11:24,Fatal,3,Pedestrian,Foggy,Under Construction,103,Valid,Yes,Bridge,2
1041,Jammu and Kashmir,2019,January,Tuesday,1:32,Serious,4,Pedestrian,Foggy,Under Construction,112,Valid,Yes,Intersection,7
1042,Chhattisgarh,2020,January,Friday,7:33,Minor,3,Auto-Rickshaw,Rainy,Wet,99,Valid,Yes,Curve,15
1043,Mizoram,2020,November,Tuesday,1:52,Fatal,3,Two-Wheeler,Rainy,Under Construction,116,Not Available,Yes,Bridge,8
1044,Maharashtra,2018,June,Monday,1:9,Serious,4,Cycle,Foggy,Under Construction,72,Valid,No,Straight Road,3
1045,Andhra Pradesh,2020,October,Monday,20:9,Serious,3,Truck,Hazy,Wet,118,Not Available,Yes,Straight Road,11
1046,Chandigarh,2022,March,Sunday,10:4,Serious,4,Bus,Stormy,Wet,98,Not Available,Yes,Curve,7
1047,Tripura,2022,July,Monday,13:6,Serious,4,Auto-Rickshaw,Foggy,Wet,119,Expired,No,Bridge,10
1048,Telangana,2020,January,Thursday,19:8,Minor,4,Truck,Stormy,Wet,58,Expired,Yes,Straight Road,3
1049,Odisha,2022,November,Thursday,5:31,Serious,2,Car,Foggy,Dry,63,Valid,Yes,Curve,12
1050,Andhra Pradesh,2018,August,Thursday,6:1,Serious,3,Cycle,Hazy,Wet,75,Expired,Yes,Curve,12
1051,Kerala,2020,September,Friday,13:56,Fatal,1,Car,Rainy,Under Construction,46,Expired,Yes,Curve,6
1052,Chhattisgarh,2018,July,Saturday,13:38,Serious,2,Two-Wheeler,Clear,Under Construction,65,Not Available,No,Curve,13
1053,Manipur,2018,May,Saturday,13:38,Serious,3,Auto-Rickshaw,Foggy,Damaged,109,Valid,No,Intersection,6
1054,Uttarakhand,2021,April,Tuesday,19:33,Minor,3,Cycle,Rainy,Dry,91,Valid,Yes,Curve,14
1055,Meghalaya,2020,August,Wednesday,4:14,Minor,5,Truck,Rainy,Dry,97,Expired,No,Straight Road,11
1056,Manipur,2018,October,Wednesday,22:50,Minor,4,Auto-Rickshaw,Clear,Dry,119,Expired,Yes,Bridge,4
1057,Uttar Pradesh,2018,December,Sunday,21:40,Serious,1,Auto-Rickshaw,Stormy,Dry,89,Expired,Yes,Bridge,10
1058,Odisha,2018,October,Sunday,22:40,Serious,4,Car,Hazy,Damaged,73,Valid,Yes,Bridge,8
1059,Manipur,2023,February,Wednesday,3:47,Fatal,4,Pedestrian,Clear,Damaged,117,Not Available,No,Curve,10
1060,Chandigarh,2019,August,Tuesday,4:2,Minor,1,Auto-Rickshaw,Rainy,Wet,72,Not Available,No,Bridge,6
1061,Rajasthan,2020,October,Monday,12:36,Fatal,3,Two-Wheeler,Hazy,Under Construction,58,Valid,Yes,Intersection,7
1062,Uttarakhand,2021,March,Tuesday,23:10,Fatal,4,Two-Wheeler,Rainy,Wet,105,Valid,No,Intersection,10
1063,Punjab,2018,September,Monday,10:31,Minor,5,Cycle,Stormy,Wet,108,Expired,Yes,Bridge,7
1064,Tripura,2019,August,Saturday,21:50,Serious,5,Truck,Stormy,Damaged,67,Valid,No,Curve,7
1065,Arunachal Pradesh,2020,May,Friday,7:42,Serious,1,Truck,Rainy,Wet,52,Expired,No,Intersection,13
1066,Delhi,2020,May,Tuesday,17:36,Serious,4,Bus,Stormy,Wet,36,Valid,Yes,Intersection,4
1067,Telangana,2021,September,Thursday,21:57,Fatal,2,Auto-Rickshaw,Clear,Dry,120,Not Available,No,Straight Road,10
1068,Chandigarh,2020,March,Wednesday,6:11,Serious,1,Two-Wheeler,Stormy,Damaged,66,Expired,No,Straight Road,5
1069,Maharashtra,2018,July,Sunday,1:49,Serious,4,Car,Stormy,Damaged,63,Expired,Yes,Bridge,6
1070,Jharkhand,2020,March,Thursday,6:53,Serious,5,Pedestrian,Clear,Dry,118,Expired,No,Intersection,9
1071,Sikkim,2021,January,Monday,1:11,Minor,3,Car,Rainy,Damaged,38,Valid,No,Intersection,10
1072,Chhattisgarh,2023,November,Tuesday,1:27,Fatal,5,Bus,Foggy,Under Construction,113,Valid,No,Bridge,5
1073,Nagaland,2021,October,Thursday,6:36,Serious,3,Two-Wheeler,Hazy,Under Construction,40,Valid,No,Straight Road,11
1074,Kerala,2020,September,Monday,12:59,Minor,5,Truck,Hazy,Damaged,64,Not Available,Yes,Curve,13
1075,Delhi,2020,November,Sunday,5:49,Minor,4,Two-Wheeler,Rainy,Under Construction,92,Not Available,No,Straight Road,4
1076,Haryana,2018,May,Wednesday,1:14,Minor,2,Car,Rainy,Damaged,58,Expired,Yes,Straight Road,0
1077,Arunachal Pradesh,2022,June,Sunday,12:0,Minor,2,Auto-Rickshaw,Foggy,Wet,107,Valid,No,Curve,0
1078,Maharashtra,2020,May,Wednesday,1:51,Serious,3,Car,Clear,Wet,68,Valid,Yes,Curve,7
1079,West Bengal,2021,July,Thursday,18:12,Serious,3,Bus,Stormy,Dry,53,Expired,Yes,Straight Road,10
1080,Karnataka,2020,March,Friday,16:30,Fatal,5,Pedestrian,Clear,Wet,46,Expired,Yes,Curve,12
1081,Odisha,2021,January,Sunday,16:28,Fatal,1,Cycle,Hazy,Dry,66,Expired,No,Intersection,14
1082,Goa,2018,November,Monday,22:45,Serious,3,Pedestrian,Hazy,Under Construction,47,Not Available,No,Bridge,7
1083,Jharkhand,2022,May,Sunday,4:34,Minor,3,Truck,Rainy,Damaged,89,Valid,No,Curve,7
1084,Assam,2022,July,Sunday,1:49,Minor,3,Bus,Rainy,Under Construction,113,Valid,Yes,Intersection,9
1085,West Bengal,2023,August,Tuesday,1:8,Minor,3,Bus,Stormy,Damaged,82,Valid,Yes,Curve,3
1086,Chandigarh,2021,July,Sunday,3:29,Minor,1,Car,Stormy,Damaged,63,Valid,Yes,Intersection,7
1087,Arunachal Pradesh,2020,July,Tuesday,12:46,Serious,1,Two-Wheeler,Foggy,Wet,72,Not Available,No,Bridge,10
1088,Kerala,2023,June,Saturday,23:12,Minor,3,Bus,Hazy,Wet,65,Expired,No,Straight Road,4
1089,Mizoram,2018,May,Saturday,11:35,Fatal,3,Car,Rainy,Damaged,103,Not Available,Yes,Bridge,10
1090,Jammu and Kashmir,2019,May,Sunday,17:10,Serious,2,Two-Wheeler,Foggy,Under Construction,108,Valid,No,Bridge,11
1091,Chhattisgarh,2021,July,Sunday,11:50,Fatal,5,Two-Wheeler,Foggy,Under Construction,86,Valid,No,Intersection,4
1092,Kerala,2019,March,Wednesday,10:44,Fatal,4,Truck,Rainy,Dry,52,Expired,Yes,Bridge,12
1093,Jammu and Kashmir,2021,June,Friday,3:25,Serious,3,Car,Stormy,Under Construction,107,Expired,No,Intersection,3
1094,Kerala,2023,November,Wednesday,21:38,Serious,5,Truck,Rainy,Under Construction,93,Valid,Yes,Straight Road,10
1095,Haryana,2020,August,Thursday,21:45,Minor,3,Bus,Stormy,Dry,77,Valid,No,Intersection,9
1096,Puducherry,2022,January,Saturday,16:13,Minor,1,Cycle,Clear,Damaged,75,Valid,No,Curve,6
1097,Odisha,2021,March,Monday,9:13,Minor,2,Cycle,Foggy,Damaged,82,Expired,Yes,Bridge,8
1098,West Bengal,2023,October,Monday,2:23,Serious,3,Cycle,Rainy,Wet,88,Expired,Yes,Bridge,5
1099,Mizoram,2021,June,Saturday,23:16,Fatal,5,Auto-Rickshaw,Hazy,Dry,96,Expired,Yes,Straight Road,9
1100,Nagaland,2019,August,Thursday,3:6,Serious,4,Pedestrian,Hazy,Dry,120,Not Available,Yes,Curve,3
1101,Karnataka,2020,February,Friday,23:22,Minor,5,Car,Foggy,Wet,45,Expired,No,Straight Road,4
1102,Delhi,2020,May,Friday,18:3,Minor,5,Bus,Stormy,Under Construction,83,Expired,Yes,Straight Road,1
1103,Jammu and Kashmir,2023,August,Tuesday,1:36,Minor,5,Truck,Clear,Damaged,35,Expired,No,Curve,9
1104,Karnataka,2021,February,Sunday,0:52,Minor,4,Bus,Stormy,Under Construction,44,Expired,Yes,Intersection,9
1105,Gujarat,2019,September,Saturday,5:18,Minor,4,Cycle,Hazy,Under Construction,90,Expired,No,Intersection,9
1106,West Bengal,2018,September,Friday,18:23,Serious,4,Auto-Rickshaw,Rainy,Dry,60,Not Available,Yes,Curve,8
1107,Bihar,2019,May,Thursday,22:35,Serious,1,Cycle,Hazy,Dry,67,Not Available,No,Straight Road,11
1108,Haryana,2018,June,Monday,5:18,Minor,1,Bus,Hazy,Wet,96,Valid,Yes,Straight Road,6
1109,Himachal Pradesh,2018,December,Wednesday,4:22,Fatal,1,Car,Stormy,Under Construction,47,Expired,Yes,Straight Road,15
1110,Telangana,2018,August,Friday,1:9,Minor,4,Pedestrian,Hazy,Damaged,94,Valid,Yes,Bridge,13
1111,Telangana,2023,June,Sunday,12:46,Fatal,3,Auto-Rickshaw,Clear,Wet,54,Expired,Yes,Intersection,7
1112,Andhra Pradesh,2023,December,Friday,14:33,Fatal,2,Truck,Clear,Dry,54,Expired,No,Curve,3
1113,Chhattisgarh,2023,January,Monday,18:17,Serious,1,Car,Hazy,Damaged,111,Not Available,Yes,Bridge,7
1114,Andhra Pradesh,2023,November,Wednesday,23:5,Fatal,5,Car,Hazy,Wet,60,Not Available,Yes,Straight Road,2
1115,Uttar Pradesh,2019,July,Sunday,8:10,Fatal,3,Truck,Foggy,Under Construction,113,Not Available,Yes,Straight Road,10
1116,Nagaland,2019,December,Monday,17:25,Minor,5,Cycle,Clear,Under Construction,68,Valid,Yes,Straight Road,7
1117,Puducherry,2020,July,Thursday,0:32,Fatal,2,Truck,Foggy,Damaged,98,Not Available,No,Intersection,8
1118,Tamil Nadu,2018,August,Thursday,12:45,Serious,5,Pedestrian,Rainy,Wet,60,Expired,No,Curve,10
1119,Maharashtra,2023,May,Wednesday,21:7,Serious,1,Bus,Rainy,Damaged,79,Valid,Yes,Curve,13
1120,Bihar,2020,October,Wednesday,5:12,Fatal,1,Cycle,Hazy,Dry,50,Valid,No,Intersection,14
1121,Maharashtra,2023,February,Wednesday,7:8,Minor,5,Bus,Clear,Wet,119,Valid,No,Intersection,6
1122,Rajasthan,2018,January,Sunday,16:10,Serious,1,Pedestrian,Rainy,Damaged,35,Valid,Yes,Straight Road,4
1123,West Bengal,2023,November,Tuesday,6:31,Serious,4,Truck,Hazy,Damaged,82,Expired,No,Intersection,3
1124,Assam,2018,July,Monday,16:18,Minor,3,Pedestrian,Hazy,Under Construction,118,Not Available,Yes,Intersection,12
1125,Jharkhand,2022,October,Friday,8:7,Serious,5,Auto-Rickshaw,Stormy,Dry,49,Valid,No,Curve,7
1126,Chhattisgarh,2021,January,Thursday,7:10,Serious,5,Bus,Hazy,Wet,66,Not Available,Yes,Curve,5
1127,Manipur,2022,December,Wednesday,2:14,Minor,1,Car,Clear,Under Construction,78,Expired,Yes,Curve,1
1128,Nagaland,2021,November,Thursday,6:37,Fatal,3,Pedestrian,Foggy,Damaged,55,Expired,No,Curve,8
1129,Delhi,2023,September,Sunday,16:38,Fatal,1,Bus,Clear,Dry,85,Not Available,No,Intersection,6
1130,Maharashtra,2021,February,Monday,9:21,Fatal,2,Bus,Stormy,Wet,52,Not Available,No,Bridge,12
1131,Kerala,2021,July,Friday,23:32,Serious,3,Two-Wheeler,Clear,Wet,116,Valid,No,Intersection,14
1132,Maharashtra,2019,March,Monday,11:29,Fatal,1,Car,Rainy,Damaged,108,Expired,No,Curve,6
1133,Kerala,2019,May,Sunday,7:21,Minor,3,Pedestrian,Foggy,Wet,102,Expired,No,Curve,8
1134,Uttarakhand,2023,January,Friday,0:28,Fatal,2,Auto-Rickshaw,Foggy,Under Construction,71,Expired,Yes,Intersection,4
1135,Manipur,2023,January,Thursday,20:21,Fatal,5,Bus,Clear,Damaged,103,Expired,Yes,Bridge,10
1136,Gujarat,2019,July,Monday,3:9,Serious,3,Pedestrian,Stormy,Wet,117,Not Available,No,Bridge,2
1137,West Bengal,2022,December,Tuesday,21:11,Fatal,5,Cycle,Rainy,Damaged,78,Valid,No,Bridge,9
1138,Delhi,2022,March,Sunday,13:56,Fatal,3,Two-Wheeler,Foggy,Wet,78,Expired,No,Bridge,5
1139,Tripura,2023,October,Friday,0:17,Fatal,3,Pedestrian,Foggy,Under Construction,58,Valid,No,Intersection,11
1140,Tamil Nadu,2020,May,Wednesday,20:59,Minor,4,Auto-Rickshaw,Rainy,Damaged,75,Not Available,No,Curve,5
1141,Himachal Pradesh,2019,May,Thursday,8:29,Serious,4,Pedestrian,Rainy,Wet,49,Expired,No,Intersection,10
1142,Punjab,2019,December,Monday,16:30,Serious,4,Auto-Rickshaw,Clear,Wet,100,Expired,Yes,Intersection,7
1143,Nagaland,2019,November,Saturday,3:13,Minor,5,Pedestrian,Clear,Under Construction,46,Valid,Yes,Bridge,3
1144,Assam,2022,September,Saturday,10:26,Fatal,5,Car,Rainy,Wet,120,Expired,Yes,Straight Road,10
1145,Kerala,2021,May,Monday,9:54,Serious,2,Pedestrian,Rainy,Under Construction,114,Expired,Yes,Straight Road,5
1146,Bihar,2022,June,Tuesday,13:21,Serious,3,Cycle,Clear,Dry,110,Not Available,No,Intersection,10
1147,Tripura,2022,January,Tuesday,7:41,Minor,1,Pedestrian,Rainy,Dry,43,Expired,No,Straight Road,9
1148,Puducherry,2021,August,Friday,3:0,Fatal,5,Bus,Foggy,Dry,47,Not Available,Yes,Straight Road,4
1149,Tripura,2019,June,Thursday,20:45,Minor,1,Truck,Rainy,Under Construction,58,Expired,Yes,Bridge,3
1150,Telangana,2022,September,Sunday,18:54,Minor,5,Car,Hazy,Wet,45,Expired,No,Bridge,14
1151,Maharashtra,2021,August,Tuesday,8:50,Minor,1,Two-Wheeler,Clear,Dry,80,Expired,Yes,Curve,13
1152,Assam,2018,April,Sunday,5:44,Serious,2,Car,Rainy,Under Construction,118,Expired,No,Intersection,10
1153,Tamil Nadu,2018,April,Friday,0:14,Serious,5,Bus,Hazy,Wet,104,Not Available,No,Bridge,4
1154,Sikkim,2019,December,Monday,20:26,Fatal,4,Two-Wheeler,Foggy,Damaged,67,Expired,Yes,Straight Road,2
1155,Andhra Pradesh,2021,November,Wednesday,5:53,Fatal,3,Bus,Foggy,Damaged,84,Expired,No,Straight Road,3
1156,Karnataka,2018,August,Friday,5:46,Fatal,5,Truck,Clear,Under Construction,82,Not Available,No,Curve,7
1157,Nagaland,2020,November,Wednesday,14:4,Serious,5,Auto-Rickshaw,Rainy,Wet,82,Not Available,Yes,Bridge,8
1158,Gujarat,2020,October,Tuesday,8:27,Fatal,3,Two-Wheeler,Hazy,Under Construction,77,Not Available,Yes,Straight Road,2
1159,Karnataka,2020,April,Saturday,20:2,Serious,4,Bus,Stormy,Under Construction,117,Valid,No,Intersection,8
1160,Tamil Nadu,2020,March,Thursday,7:17,Fatal,5,Pedestrian,Hazy,Damaged,37,Not Available,No,Bridge,5
1161,Andhra Pradesh,2020,January,Wednesday,10:7,Serious,4,Auto-Rickshaw,Foggy,Dry,50,Valid,Yes,Curve,9
1162,Delhi,2019,September,Tuesday,15:13,Minor,4,Truck,Stormy,Dry,117,Expired,Yes,Curve,5
1163,Jammu and Kashmir,2022,January,Wednesday,3:41,Fatal,1,Car,Clear,Damaged,70,Expired,No,Bridge,7
1164,Goa,2023,October,Sunday,9:16,Serious,3,Bus,Foggy,Wet,55,Not Available,No,Intersection,8
1165,Sikkim,2019,November,Thursday,20:46,Minor,1,Truck,Stormy,Dry,93,Valid,No,Curve,7
1166,Bihar,2018,December,Sunday,0:10,Minor,2,Two-Wheeler,Stormy,Under Construction,67,Expired,No,Straight Road,11
1167,Maharashtra,2019,December,Wednesday,9:40,Fatal,3,Auto-Rickshaw,Hazy,Dry,51,Not Available,Yes,Bridge,10
1168,Chhattisgarh,2021,April,Wednesday,4:39,Serious,1,Two-Wheeler,Foggy,Wet,97,Not Available,No,Bridge,7
1169,Goa,2019,April,Tuesday,15:18,Minor,4,Car,Stormy,Damaged,104,Valid,Yes,Intersection,10
1170,Karnataka,2023,March,Thursday,4:34,Serious,4,Auto-Rickshaw,Clear,Wet,46,Valid,Yes,Bridge,8
1171,Jharkhand,2020,November,Tuesday,22:34,Minor,3,Pedestrian,Stormy,Wet,71,Not Available,Yes,Straight Road,11
1172,Rajasthan,2022,May,Tuesday,4:17,Minor,1,Auto-Rickshaw,Foggy,Dry,59,Expired,Yes,Straight Road,12
1173,Rajasthan,2020,September,Monday,12:54,Serious,4,Auto-Rickshaw,Clear,Dry,62,Expired,Yes,Intersection,7
1174,Tamil Nadu,2021,March,Tuesday,10:28,Fatal,2,Auto-Rickshaw,Rainy,Dry,45,Expired,Yes,Straight Road,6
1175,Tamil Nadu,2021,June,Monday,8:31,Fatal,3,Truck,Rainy,Damaged,81,Not Available,Yes,Bridge,1
1176,Manipur,2019,January,Tuesday,12:50,Serious,1,Car,Stormy,Under Construction,119,Not Available,Yes,Bridge,10
1177,Uttarakhand,2019,January,Sunday,18:57,Serious,4,Two-Wheeler,Rainy,Dry,74,Valid,Yes,Bridge,7
1178,Odisha,2021,June,Thursday,3:35,Serious,5,Auto-Rickshaw,Stormy,Under Construction,51,Expired,Yes,Bridge,5
1179,Andhra Pradesh,2020,February,Friday,3:57,Minor,1,Auto-Rickshaw,Stormy,Wet,82,Not Available,Yes,Curve,0
1180,Sikkim,2018,November,Thursday,3:33,Minor,3,Bus,Stormy,Under Construction,31,Not Available,Yes,Bridge,7
1181,Andhra Pradesh,2022,May,Saturday,2:7,Serious,4,Truck,Foggy,Dry,88,Not Available,Yes,Bridge,4
1182,Himachal Pradesh,2022,April,Friday,22:24,Fatal,1,Car,Hazy,Damaged,105,Expired,Yes,Straight Road,11
1183,Uttar Pradesh,2022,January,Sunday,13:40,Serious,2,Pedestrian,Hazy,Damaged,62,Expired,Yes,Bridge,3
1184,Karnataka,2021,August,Wednesday,3:19,Fatal,5,Pedestrian,Hazy,Under Construction,85,Valid,Yes,Bridge,5
1185,Delhi,2019,January,Wednesday,19:44,Serious,5,Car,Rainy,Damaged,101,Valid,Yes,Straight Road,5
1186,Jharkhand,2021,August,Monday,3:29,Serious,5,Two-Wheeler,Rainy,Damaged,35,Valid,No,Curve,6
1187,Punjab,2018,January,Monday,5:57,Serious,1,Bus,Rainy,Wet,86,Not Available,Yes,Curve,8
1188,Haryana,2018,June,Tuesday,17:31,Serious,5,Truck,Foggy,Damaged,52,Valid,Yes,Straight Road,12
1189,Sikkim,2021,January,Monday,16:59,Fatal,2,Bus,Foggy,Under Construction,116,Valid,No,Intersection,8
1190,Rajasthan,2018,January,Thursday,15:42,Minor,2,Cycle,Foggy,Wet,77,Valid,Yes,Intersection,14
1191,Jharkhand,2020,April,Saturday,0:11,Fatal,5,Car,Stormy,Damaged,81,Not Available,Yes,Bridge,9
1192,Mizoram,2022,May,Saturday,2:35,Minor,2,Two-Wheeler,Rainy,Under Construction,69,Not Available,Yes,Straight Road,9
1193,Odisha,2022,August,Wednesday,10:10,Minor,2,Truck,Rainy,Wet,37,Not Available,No,Curve,4
1194,Assam,2022,January,Sunday,17:55,Minor,4,Cycle,Hazy,Dry,31,Not Available,Yes,Curve,1
1195,Manipur,2023,October,Wednesday,20:7,Minor,4,Cycle,Hazy,Damaged,119,Valid,Yes,Curve,2
1196,Sikkim,2018,August,Wednesday,17:43,Serious,3,Car,Clear,Wet,120,Expired,Yes,Intersection,5
1197,Uttarakhand,2021,February,Thursday,1:38,Fatal,3,Truck,Foggy,Wet,45,Not Available,Yes,Straight Road,6
1198,Tripura,2018,December,Friday,4:28,Minor,2,Bus,Foggy,Under Construction,76,Valid,Yes,Bridge,8
1199,Uttar Pradesh,2019,March,Tuesday,1:22,Minor,5,Bus,Foggy,Under Construction,76,Not Available,Yes,Curve,5
1200,Manipur,2021,April,Saturday,21:34,Serious,4,Cycle,Rainy,Wet,65,Valid,No,Bridge,11
1201,Goa,2018,January,Tuesday,12:50,Fatal,4,Two-Wheeler,Stormy,Dry,50,Expired,No,Intersection,9
1202,Andhra Pradesh,2020,June,Wednesday,1:51,Serious,4,Truck,Hazy,Under Construction,94,Valid,No,Intersection,10
1203,Karnataka,2019,April,Wednesday,21:11,Serious,1,Car,Rainy,Dry,72,Not Available,Yes,Intersection,6
1204,Mizoram,2021,December,Sunday,22:41,Fatal,4,Cycle,Hazy,Damaged,39,Not Available,No,Straight Road,3
1205,Uttarakhand,2020,December,Tuesday,12:16,Serious,3,Bus,Stormy,Wet,98,Valid,No,Straight Road,10
1206,Tripura,2018,August,Monday,20:29,Fatal,5,Pedestrian,Rainy,Dry,53,Valid,Yes,Bridge,12
1207,Uttarakhand,2020,September,Thursday,10:50,Serious,1,Cycle,Foggy,Damaged,89,Valid,No,Straight Road,9
1208,Chandigarh,2018,November,Sunday,7:10,Serious,5,Auto-Rickshaw,Foggy,Under Construction,54,Expired,Yes,Intersection,7
1209,Himachal Pradesh,2022,January,Friday,23:22,Minor,1,Truck,Rainy,Under Construction,84,Not Available,Yes,Curve,10
1210,Uttarakhand,2022,October,Thursday,17:25,Fatal,1,Truck,Rainy,Wet,113,Valid,No,Bridge,1
1211,Mizoram,2018,August,Wednesday,5:2,Minor,5,Truck,Stormy,Damaged,69,Valid,Yes,Intersection,7
1212,Jharkhand,2020,September,Wednesday,4:8,Serious,2,Auto-Rickshaw,Rainy,Damaged,70,Expired,No,Bridge,6
1213,Tamil Nadu,2018,September,Saturday,21:14,Fatal,5,Auto-Rickshaw,Clear,Wet,104,Not Available,Yes,Bridge,7
1214,Jammu and Kashmir,2019,August,Friday,13:31,Serious,1,Pedestrian,Foggy,Dry,86,Valid,Yes,Straight Road,5
1215,Andhra Pradesh,2023,March,Sunday,21:32,Minor,4,Truck,Stormy,Damaged,45,Valid,Yes,Straight Road,12
1216,Bihar,2018,September,Thursday,6:23,Serious,1,Bus,Stormy,Under Construction,85,Valid,Yes,Intersection,6
1217,Mizoram,2019,May,Wednesday,7:25,Minor,5,Truck,Hazy,Dry,95,Not Available,No,Bridge,6
1218,Puducherry,2021,June,Tuesday,1:7,Fatal,3,Truck,Rainy,Under Construction,56,Valid,No,Intersection,7
1219,Kerala,2020,January,Thursday,8:1,Serious,3,Pedestrian,Clear,Under Construction,73,Valid,No,Straight Road,10
1220,Puducherry,2020,December,Thursday,10:47,Serious,5,Bus,Stormy,Damaged,35,Valid,Yes,Curve,14
1221,Goa,2019,August,Tuesday,7:15,Minor,4,Car,Clear,Wet,115,Valid,No,Bridge,4
1222,Chhattisgarh,2019,July,Tuesday,16:37,Minor,3,Car,Rainy,Under Construction,39,Expired,Yes,Straight Road,3
1223,Puducherry,2021,March,Friday,16:25,Minor,3,Two-Wheeler,Foggy,Dry,53,Expired,Yes,Straight Road,7
1224,Mizoram,2018,March,Monday,3:56,Fatal,3,Two-Wheeler,Foggy,Under Construction,106,Expired,No,Curve,10
1225,Assam,2021,August,Monday,5:5,Fatal,3,Auto-Rickshaw,Hazy,Dry,42,Valid,Yes,Straight Road,7
1226,Nagaland,2018,November,Thursday,3:46,Minor,4,Cycle,Foggy,Damaged,120,Not Available,No,Intersection,8
1227,Himachal Pradesh,2020,May,Monday,8:2,Minor,1,Truck,Rainy,Damaged,68,Not Available,Yes,Straight Road,1
1228,Haryana,2022,September,Saturday,14:52,Minor,3,Bus,Foggy,Dry,67,Expired,Yes,Intersection,10
1229,Mizoram,2019,December,Saturday,0:50,Serious,1,Truck,Clear,Wet,71,Valid,Yes,Bridge,4
1230,Sikkim,2023,June,Monday,6:5,Fatal,4,Pedestrian,Stormy,Wet,93,Valid,Yes,Curve,11
1231,Bihar,2018,April,Sunday,23:33,Fatal,5,Two-Wheeler,Hazy,Damaged,41,Not Available,No,Bridge,12
1232,Chhattisgarh,2018,July,Saturday,13:23,Fatal,1,Pedestrian,Hazy,Dry,65,Valid,Yes,Curve,6
1233,Goa,2023,August,Monday,4:41,Serious,3,Pedestrian,Clear,Wet,111,Not Available,Yes,Straight Road,7
1234,Arunachal Pradesh,2022,July,Wednesday,8:38,Fatal,1,Truck,Rainy,Under Construction,70,Valid,No,Intersection,6
1235,Punjab,2022,June,Sunday,0:24,Serious,2,Bus,Hazy,Damaged,88,Valid,Yes,Curve,7
1236,Arunachal Pradesh,2018,September,Friday,12:52,Serious,2,Car,Foggy,Dry,102,Not Available,No,Curve,2
1237,Meghalaya,2020,April,Saturday,4:28,Serious,5,Cycle,Hazy,Under Construction,39,Not Available,Yes,Curve,6
1238,Puducherry,2020,October,Friday,18:7,Serious,3,Bus,Clear,Under Construction,89,Valid,Yes,Intersection,11
1239,Delhi,2023,June,Tuesday,17:58,Serious,5,Cycle,Hazy,Dry,73,Valid,No,Intersection,13
1240,Delhi,2022,October,Saturday,12:20,Minor,3,Pedestrian,Stormy,Under Construction,70,Valid,No,Intersection,13
1241,Punjab,2021,December,Wednesday,6:39,Fatal,1,Pedestrian,Clear,Damaged,103,Not Available,Yes,Straight Road,2
1242,Bihar,2019,June,Saturday,2:25,Minor,5,Truck,Hazy,Wet,102,Expired,Yes,Bridge,13
1243,West Bengal,2018,July,Sunday,3:7,Fatal,5,Car,Clear,Dry,98,Not Available,No,Intersection,6
1244,Andhra Pradesh,2021,August,Monday,8:7,Fatal,1,Pedestrian,Hazy,Under Construction,104,Not Available,Yes,Straight Road,3
1245,Rajasthan,2019,December,Friday,12:11,Serious,1,Bus,Clear,Under Construction,45,Expired,Yes,Intersection,3
1246,Kerala,2021,June,Thursday,16:55,Serious,2,Pedestrian,Clear,Damaged,108,Expired,Yes,Bridge,4
1247,Himachal Pradesh,2019,May,Wednesday,15:35,Minor,1,Auto-Rickshaw,Rainy,Under Construction,55,Not Available,Yes,Curve,5
1248,Manipur,2019,September,Thursday,12:40,Fatal,5,Bus,Stormy,Under Construction,90,Not Available,Yes,Bridge,8
1249,Arunachal Pradesh,2023,May,Sunday,20:0,Serious,1,Two-Wheeler,Rainy,Dry,84,Expired,Yes,Bridge,7
1250,Andhra Pradesh,2020,November,Monday,7:13,Serious,2,Car,Stormy,Under Construction,104,Expired,No,Intersection,9
1251,Manipur,2022,November,Friday,1:10,Serious,4,Two-Wheeler,Stormy,Dry,104,Expired,No,Straight Road,2
1252,Tripura,2021,February,Monday,0:37,Fatal,4,Truck,Stormy,Dry,87,Valid,No,Curve,9
1253,Puducherry,2023,March,Tuesday,0:0,Serious,2,Car,Clear,Dry,37,Valid,Yes,Straight Road,10
1254,Mizoram,2021,August,Sunday,1:37,Serious,3,Cycle,Stormy,Dry,35,Expired,No,Curve,5
1255,Meghalaya,2022,September,Friday,19:41,Minor,1,Auto-Rickshaw,Clear,Wet,31,Not Available,Yes,Intersection,11
1256,Manipur,2023,October,Thursday,14:58,Serious,1,Car,Hazy,Under Construction,56,Valid,Yes,Curve,8
1257,Meghalaya,2019,October,Saturday,9:2,Serious,4,Cycle,Hazy,Under Construction,112,Not Available,No,Intersection,10
1258,Chandigarh,2021,May,Sunday,16:28,Minor,2,Two-Wheeler,Hazy,Under Construction,89,Expired,Yes,Curve,5
1259,Maharashtra,2023,April,Friday,3:4,Fatal,2,Cycle,Rainy,Under Construction,30,Valid,Yes,Intersection,8
1260,Karnataka,2022,May,Saturday,21:5,Serious,4,Auto-Rickshaw,Foggy,Under Construction,98,Expired,Yes,Curve,5
1261,Haryana,2018,September,Sunday,21:46,Serious,1,Cycle,Foggy,Dry,67,Valid,Yes,Bridge,5
1262,Puducherry,2022,August,Monday,4:34,Fatal,4,Bus,Stormy,Damaged,109,Not Available,No,Straight Road,12
1263,Puducherry,2022,December,Saturday,15:51,Minor,4,Pedestrian,Foggy,Dry,111,Expired,No,Curve,8
1264,Haryana,2021,August,Thursday,10:54,Fatal,3,Car,Clear,Dry,36,Valid,No,Straight Road,5
1265,Jharkhand,2019,April,Tuesday,17:42,Serious,5,Auto-Rickshaw,Stormy,Damaged,99,Valid,Yes,Straight Road,8
1266,Karnataka,2021,February,Friday,6:5,Serious,3,Two-Wheeler,Foggy,Dry,80,Not Available,Yes,Curve,12
1267,Manipur,2021,August,Saturday,10:15,Minor,5,Pedestrian,Hazy,Under Construction,90,Not Available,Yes,Bridge,9
1268,Manipur,2019,November,Friday,20:40,Minor,1,Two-Wheeler,Hazy,Damaged,38,Expired,No,Curve,0
1269,Odisha,2018,February,Sunday,7:30,Minor,2,Auto-Rickshaw,Rainy,Dry,64,Not Available,No,Curve,2
1270,West Bengal,2018,February,Sunday,8:14,Fatal,5,Truck,Hazy,Wet,81,Expired,Yes,Straight Road,6
1271,Kerala,2018,February,Friday,1:5,Minor,1,Car,Rainy,Dry,47,Not Available,Yes,Bridge,8
1272,Jammu and Kashmir,2018,July,Wednesday,14:1,Fatal,5,Auto-Rickshaw,Rainy,Damaged,37,Expired,Yes,Intersection,9
1273,Delhi,2018,June,Saturday,10:30,Serious,1,Two-Wheeler,Clear,Dry,111,Expired,Yes,Intersection,3
1274,Tamil Nadu,2021,December,Saturday,16:57,Fatal,1,Car,Hazy,Damaged,111,Expired,Yes,Curve,0
1275,Haryana,2023,January,Tuesday,16:53,Minor,1,Auto-Rickshaw,Rainy,Wet,80,Not Available,Yes,Curve,2
1276,Nagaland,2020,May,Tuesday,5:13,Minor,2,Cycle,Clear,Wet,34,Expired,No,Intersection,10
1277,Maharashtra,2022,June,Friday,19:19,Serious,1,Cycle,Rainy,Under Construction,94,Expired,Yes,Straight Road,13
1278,Himachal Pradesh,2020,June,Tuesday,15:19,Fatal,1,Truck,Rainy,Wet,94,Valid,Yes,Straight Road,12
1279,Himachal Pradesh,2022,September,Saturday,6:44,Fatal,3,Two-Wheeler,Stormy,Dry,69,Not Available,No,Bridge,8
1280,Chhattisgarh,2019,August,Sunday,0:28,Serious,2,Auto-Rickshaw,Clear,Damaged,36,Expired,Yes,Straight Road,10
1281,Puducherry,2018,July,Friday,22:2,Serious,3,Pedestrian,Stormy,Dry,117,Expired,No,Bridge,6
1282,Gujarat,2022,August,Sunday,7:11,Minor,1,Auto-Rickshaw,Clear,Dry,120,Expired,Yes,Bridge,10
1283,Chandigarh,2023,September,Tuesday,8:59,Serious,5,Two-Wheeler,Rainy,Damaged,115,Valid,Yes,Intersection,5
1284,Haryana,2018,May,Tuesday,1:43,Fatal,4,Bus,Rainy,Under Construction,66,Not Available,Yes,Bridge,3
1285,Karnataka,2019,October,Saturday,22:5,Minor,4,Cycle,Rainy,Under Construction,90,Valid,No,Intersection,5
1286,Jammu and Kashmir,2020,March,Friday,20:15,Fatal,5,Two-Wheeler,Foggy,Under Construction,49,Not Available,No,Bridge,10
1287,Rajasthan,2019,April,Saturday,6:58,Serious,5,Pedestrian,Foggy,Dry,101,Valid,Yes,Bridge,9
1288,West Bengal,2021,June,Saturday,11:9,Serious,2,Cycle,Foggy,Dry,89,Expired,Yes,Straight Road,8
1289,Punjab,2021,April,Tuesday,17:24,Minor,4,Two-Wheeler,Rainy,Damaged,45,Not Available,Yes,Intersection,2
1290,Maharashtra,2022,July,Monday,22:51,Serious,2,Truck,Clear,Under Construction,90,Expired,Yes,Bridge,12
1291,Sikkim,2022,June,Wednesday,21:7,Serious,5,Pedestrian,Rainy,Dry,61,Not Available,No,Intersection,1
1292,Jharkhand,2023,March,Tuesday,2:32,Minor,4,Bus,Foggy,Wet,47,Valid,No,Curve,10
1293,Puducherry,2020,October,Monday,19:12,Fatal,1,Auto-Rickshaw,Foggy,Under Construction,116,Expired,No,Bridge,8
1294,Tamil Nadu,2023,April,Monday,16:9,Minor,4,Truck,Stormy,Dry,47,Not Available,No,Curve,7
1295,Madhya Pradesh,2020,November,Monday,17:37,Minor,4,Pedestrian,Rainy,Dry,43,Not Available,No,Intersection,13
1296,Odisha,2022,April,Thursday,14:30,Minor,2,Auto-Rickshaw,Rainy,Wet,65,Not Available,No,Straight Road,9
1297,Kerala,2020,August,Saturday,11:48,Minor,1,Cycle,Hazy,Under Construction,82,Valid,No,Intersection,8
1298,Chandigarh,2018,July,Saturday,7:37,Fatal,1,Car,Hazy,Dry,47,Not Available,No,Bridge,4
1299,Sikkim,2023,June,Saturday,3:44,Fatal,3,Bus,Hazy,Dry,95,Valid,Yes,Curve,8
1300,Uttar Pradesh,2021,November,Wednesday,17:17,Minor,3,Truck,Hazy,Under Construction,64,Valid,No,Curve,10
1301,Sikkim,2023,November,Saturday,2:58,Serious,3,Auto-Rickshaw,Rainy,Damaged,47,Valid,Yes,Curve,9
1302,Uttarakhand,2023,October,Sunday,8:21,Serious,4,Pedestrian,Stormy,Under Construction,77,Not Available,No,Curve,4
1303,Chhattisgarh,2020,December,Monday,13:0,Minor,3,Pedestrian,Rainy,Wet,35,Valid,No,Intersection,5
1304,Karnataka,2019,November,Saturday,12:3,Fatal,2,Cycle,Foggy,Damaged,54,Valid,No,Bridge,10
1305,Telangana,2020,March,Sunday,14:33,Fatal,2,Pedestrian,Stormy,Wet,64,Valid,No,Curve,5
1306,Chhattisgarh,2018,August,Thursday,23:21,Serious,4,Bus,Rainy,Under Construction,56,Not Available,Yes,Intersection,11
1307,Himachal Pradesh,2021,June,Saturday,10:30,Minor,1,Pedestrian,Rainy,Damaged,96,Not Available,No,Bridge,4
1308,Odisha,2020,August,Wednesday,1:10,Minor,2,Pedestrian,Foggy,Dry,38,Expired,No,Bridge,8
1309,Arunachal Pradesh,2018,November,Saturday,13:10,Fatal,5,Car,Stormy,Under Construction,120,Not Available,No,Straight Road,4
1310,Delhi,2022,December,Friday,0:0,Minor,3,Bus,Stormy,Under Construction,34,Valid,Yes,Bridge,3
1311,Jammu and Kashmir,2022,February,Friday,17:21,Minor,1,Car,Hazy,Under Construction,53,Valid,No,Intersection,3
1312,Kerala,2023,October,Tuesday,0:15,Fatal,4,Auto-Rickshaw,Clear,Dry,37,Not Available,No,Bridge,5
1313,Himachal Pradesh,2021,December,Tuesday,16:22,Serious,5,Cycle,Foggy,Damaged,42,Not Available,Yes,Intersection,6
1314,Tamil Nadu,2022,June,Sunday,16:48,Fatal,4,Cycle,Hazy,Dry,53,Not Available,Yes,Curve,8
1315,Arunachal Pradesh,2020,November,Sunday,3:28,Serious,3,Truck,Hazy,Damaged,35,Valid,Yes,Bridge,5
1316,Maharashtra,2022,December,Sunday,22:36,Serious,5,Two-Wheeler,Foggy,Wet,68,Expired,No,Intersection,4
1317,Goa,2021,May,Wednesday,21:33,Minor,5,Auto-Rickshaw,Clear,Wet,110,Expired,No,Straight Road,15
1318,Delhi,2018,February,Wednesday,16:37,Fatal,4,Truck,Stormy,Damaged,113,Valid,No,Curve,15
1319,Telangana,2020,October,Thursday,23:44,Minor,5,Cycle,Foggy,Dry,43,Expired,Yes,Bridge,6
1320,Uttar Pradesh,2022,January,Saturday,19:18,Minor,5,Bus,Rainy,Dry,43,Not Available,No,Straight Road,5
1321,Punjab,2019,July,Wednesday,1:22,Minor,4,Two-Wheeler,Hazy,Dry,102,Not Available,No,Curve,3
1322,Gujarat,2022,April,Tuesday,13:33,Serious,1,Two-Wheeler,Hazy,Under Construction,89,Expired,Yes,Curve,9
1323,Nagaland,2020,January,Tuesday,1:48,Fatal,4,Truck,Hazy,Dry,101,Expired,Yes,Curve,2
1324,Uttarakhand,2020,February,Tuesday,7:59,Fatal,2,Two-Wheeler,Stormy,Under Construction,45,Valid,Yes,Bridge,9
1325,Chandigarh,2018,March,Friday,18:47,Serious,1,Car,Rainy,Under Construction,82,Valid,No,Intersection,6
1326,Meghalaya,2019,August,Saturday,9:8,Fatal,3,Two-Wheeler,Rainy,Under Construction,104,Not Available,Yes,Straight Road,7
1327,Karnataka,2022,November,Friday,7:45,Serious,4,Bus,Stormy,Dry,41,Not Available,Yes,Straight Road,10
1328,Meghalaya,2023,December,Tuesday,23:34,Serious,2,Pedestrian,Stormy,Wet,109,Valid,Yes,Bridge,13
1329,Haryana,2019,February,Tuesday,12:41,Serious,2,Truck,Clear,Under Construction,49,Valid,Yes,Bridge,11
1330,Gujarat,2023,March,Friday,22:9,Serious,5,Truck,Rainy,Wet,31,Not Available,Yes,Straight Road,6
1331,Sikkim,2022,March,Tuesday,5:20,Serious,2,Truck,Hazy,Dry,31,Not Available,No,Intersection,12
1332,Jharkhand,2019,June,Friday,1:33,Serious,4,Cycle,Foggy,Under Construction,40,Not Available,No,Straight Road,10
1333,Goa,2021,September,Friday,6:3,Minor,4,Truck,Clear,Damaged,39,Expired,No,Intersection,1
1334,Telangana,2022,September,Thursday,8:56,Serious,4,Auto-Rickshaw,Stormy,Under Construction,31,Valid,Yes,Bridge,7
1335,Telangana,2022,March,Wednesday,8:6,Minor,5,Auto-Rickshaw,Stormy,Under Construction,113,Not Available,No,Bridge,9
1336,Haryana,2019,March,Sunday,9:39,Minor,3,Pedestrian,Stormy,Dry,90,Valid,No,Curve,3
1337,Puducherry,2021,February,Sunday,1:47,Fatal,3,Pedestrian,Stormy,Dry,67,Not Available,No,Intersection,13
1338,Goa,2018,January,Saturday,12:7,Fatal,2,Pedestrian,Hazy,Under Construction,117,Not Available,Yes,Straight Road,12
1339,Gujarat,2021,June,Friday,2:27,Minor,5,Bus,Clear,Dry,118,Expired,No,Bridge,5
1340,Haryana,2022,January,Sunday,11:42,Minor,5,Two-Wheeler,Hazy,Damaged,92,Not Available,No,Straight Road,11
1341,Puducherry,2020,May,Saturday,21:52,Fatal,1,Car,Clear,Damaged,95,Valid,Yes,Straight Road,1
1342,Jharkhand,2021,September,Wednesday,20:39,Serious,1,Car,Stormy,Under Construction,95,Valid,No,Intersection,3
1343,Goa,2019,April,Friday,14:14,Serious,1,Car,Clear,Damaged,78,Valid,No,Straight Road,11
1344,Bihar,2018,October,Sunday,15:54,Minor,3,Auto-Rickshaw,Hazy,Under Construction,65,Expired,No,Intersection,3
1345,Jammu and Kashmir,2023,February,Monday,0:6,Serious,5,Auto-Rickshaw,Rainy,Wet,52,Expired,Yes,Bridge,3
1346,Jammu and Kashmir,2023,February,Friday,14:10,Serious,2,Car,Rainy,Dry,61,Valid,Yes,Bridge,5
1347,Madhya Pradesh,2023,October,Friday,7:18,Fatal,2,Truck,Clear,Wet,85,Valid,No,Straight Road,3
1348,Arunachal Pradesh,2019,March,Saturday,5:38,Fatal,5,Bus,Hazy,Damaged,119,Valid,Yes,Intersection,11
1349,Uttar Pradesh,2020,September,Wednesday,10:4,Fatal,2,Truck,Hazy,Under Construction,31,Not Available,Yes,Straight Road,3
1350,Meghalaya,2023,June,Thursday,8:14,Fatal,3,Pedestrian,Stormy,Damaged,115,Expired,No,Bridge,2
1351,Rajasthan,2021,May,Sunday,0:11,Serious,5,Car,Rainy,Wet,105,Not Available,Yes,Intersection,12
1352,Delhi,2023,March,Tuesday,9:2,Minor,2,Truck,Foggy,Wet,40,Expired,Yes,Intersection,12
1353,Mizoram,2022,February,Wednesday,14:0,Serious,5,Truck,Clear,Dry,35,Valid,Yes,Curve,10
1354,Nagaland,2021,February,Tuesday,16:7,Minor,2,Truck,Foggy,Dry,88,Expired,Yes,Intersection,6
1355,Kerala,2022,August,Wednesday,22:12,Minor,4,Truck,Hazy,Under Construction,62,Valid,Yes,Intersection,4
1356,Himachal Pradesh,2020,July,Monday,19:19,Serious,5,Cycle,Stormy,Dry,61,Valid,Yes,Curve,10
1357,Uttarakhand,2018,August,Friday,19:58,Minor,1,Bus,Stormy,Dry,120,Valid,Yes,Bridge,12
1358,Uttar Pradesh,2023,October,Friday,6:13,Serious,1,Two-Wheeler,Foggy,Damaged,120,Valid,Yes,Intersection,5
1359,Mizoram,2020,April,Saturday,3:34,Fatal,2,Bus,Stormy,Dry,120,Not Available,Yes,Straight Road,14
1360,Arunachal Pradesh,2021,May,Tuesday,5:25,Fatal,3,Two-Wheeler,Hazy,Dry,33,Expired,No,Bridge,12
1361,Nagaland,2020,July,Tuesday,23:36,Fatal,4,Bus,Clear,Under Construction,106,Valid,Yes,Curve,7
1362,Bihar,2019,December,Saturday,6:39,Fatal,4,Bus,Hazy,Wet,74,Expired,Yes,Straight Road,8
1363,Delhi,2020,April,Wednesday,23:54,Minor,3,Auto-Rickshaw,Foggy,Under Construction,79,Valid,Yes,Intersection,9
1364,Punjab,2022,May,Thursday,22:25,Serious,1,Pedestrian,Foggy,Dry,69,Not Available,No,Curve,12
1365,Chandigarh,2022,May,Sunday,7:15,Minor,2,Pedestrian,Stormy,Dry,73,Valid,Yes,Bridge,4
1366,West Bengal,2019,November,Friday,2:15,Serious,1,Two-Wheeler,Rainy,Damaged,71,Expired,Yes,Curve,9
1367,Jharkhand,2020,July,Sunday,17:40,Fatal,5,Car,Foggy,Dry,38,Not Available,Yes,Intersection,2
1368,Tripura,2019,January,Sunday,18:48,Fatal,4,Cycle,Stormy,Wet,97,Valid,No,Bridge,7
1369,Tamil Nadu,2018,October,Saturday,19:23,Serious,1,Bus,Foggy,Dry,59,Expired,No,Straight Road,3
1370,Goa,2018,June,Friday,0:37,Minor,2,Car,Clear,Wet,86,Not Available,Yes,Straight Road,15
1371,Chandigarh,2019,December,Wednesday,12:58,Minor,5,Cycle,Rainy,Under Construction,103,Not Available,Yes,Bridge,10
1372,Haryana,2020,March,Wednesday,17:12,Serious,2,Pedestrian,Rainy,Under Construction,113,Expired,No,Intersection,13
1373,Nagaland,2021,August,Thursday,13:19,Minor,4,Cycle,Stormy,Dry,103,Valid,No,Straight Road,7
1374,Odisha,2021,January,Tuesday,5:52,Fatal,1,Pedestrian,Rainy,Damaged,41,Valid,No,Curve,1
1375,Gujarat,2019,July,Wednesday,7:25,Minor,3,Bus,Rainy,Wet,35,Expired,No,Intersection,10
1376,Haryana,2020,August,Wednesday,3:59,Fatal,3,Car,Foggy,Under Construction,38,Expired,Yes,Bridge,8
1377,Meghalaya,2021,April,Monday,15:39,Serious,5,Cycle,Hazy,Dry,42,Expired,Yes,Straight Road,3
1378,Jammu and Kashmir,2019,October,Wednesday,13:54,Serious,5,Truck,Clear,Wet,103,Expired,Yes,Bridge,9
1379,West Bengal,2018,January,Friday,11:11,Serious,5,Pedestrian,Clear,Dry,31,Valid,Yes,Straight Road,5
1380,Tripura,2018,April,Monday,19:54,Serious,4,Two-Wheeler,Clear,Under Construction,110,Expired,No,Bridge,5
1381,Goa,2018,May,Friday,17:21,Minor,3,Truck,Stormy,Wet,41,Expired,Yes,Intersection,6
1382,Arunachal Pradesh,2021,July,Sunday,15:59,Minor,3,Auto-Rickshaw,Hazy,Damaged,51,Not Available,No,Straight Road,8
1383,West Bengal,2023,November,Thursday,18:19,Serious,5,Car,Hazy,Damaged,70,Expired,Yes,Curve,11
1384,Gujarat,2020,October,Thursday,7:21,Serious,1,Bus,Hazy,Dry,42,Not Available,No,Intersection,5
1385,Bihar,2021,February,Friday,15:4,Serious,2,Car,Stormy,Damaged,32,Expired,Yes,Intersection,8
1386,Himachal Pradesh,2020,December,Wednesday,22:13,Minor,2,Car,Stormy,Wet,105,Valid,No,Curve,2
1387,Haryana,2018,May,Sunday,3:36,Serious,2,Car,Hazy,Dry,35,Not Available,No,Bridge,8
1388,Manipur,2022,September,Friday,23:52,Serious,4,Auto-Rickshaw,Hazy,Wet,64,Expired,Yes,Bridge,11
1389,Tamil Nadu,2021,December,Sunday,2:43,Fatal,4,Auto-Rickshaw,Stormy,Wet,31,Valid,No,Bridge,9
1390,Chandigarh,2018,December,Sunday,23:1,Serious,1,Cycle,Stormy,Under Construction,78,Valid,Yes,Intersection,6
1391,Chhattisgarh,2022,January,Saturday,5:4,Serious,2,Car,Clear,Damaged,105,Not Available,No,Curve,9
1392,Goa,2020,June,Saturday,6:17,Minor,2,Pedestrian,Rainy,Damaged,100,Not Available,Yes,Straight Road,12
1393,Himachal Pradesh,2022,October,Saturday,4:10,Fatal,4,Truck,Foggy,Under Construction,70,Expired,No,Intersection,7
1394,Tamil Nadu,2020,April,Sunday,10:19,Fatal,2,Auto-Rickshaw,Rainy,Dry,73,Expired,No,Bridge,6
1395,Arunachal Pradesh,2022,February,Saturday,6:8,Serious,2,Car,Foggy,Wet,47,Expired,Yes,Curve,9
1396,Delhi,2019,August,Tuesday,22:40,Serious,5,Auto-Rickshaw,Clear,Wet,97,Expired,Yes,Curve,12
1397,Odisha,2021,May,Wednesday,10:2,Minor,5,Auto-Rickshaw,Stormy,Wet,57,Expired,No,Bridge,14
1398,Karnataka,2021,May,Friday,10:18,Minor,5,Cycle,Clear,Dry,53,Expired,Yes,Intersection,8
1399,Mizoram,2018,August,Wednesday,13:30,Fatal,2,Car,Foggy,Under Construction,114,Not Available,Yes,Bridge,5
1400,Nagaland,2019,October,Wednesday,17:33,Fatal,1,Truck,Hazy,Damaged,34,Expired,Yes,Bridge,8
1401,Telangana,2023,January,Tuesday,16:13,Serious,1,Car,Foggy,Wet,102,Expired,No,Straight Road,13
1402,Puducherry,2021,June,Thursday,3:26,Fatal,4,Bus,Foggy,Under Construction,103,Expired,Yes,Bridge,7
1403,Haryana,2021,November,Wednesday,14:28,Minor,4,Auto-Rickshaw,Rainy,Under Construction,37,Not Available,No,Curve,4
1404,Puducherry,2020,April,Friday,21:30,Serious,5,Cycle,Hazy,Wet,54,Expired,No,Intersection,12
1405,Mizoram,2023,May,Thursday,14:43,Serious,3,Car,Stormy,Dry,100,Not Available,Yes,Intersection,13
1406,Kerala,2022,March,Thursday,4:25,Fatal,2,Auto-Rickshaw,Stormy,Dry,96,Valid,Yes,Curve,11
1407,Puducherry,2019,January,Thursday,5:48,Minor,5,Truck,Foggy,Dry,103,Expired,Yes,Bridge,10
1408,Assam,2019,January,Friday,9:37,Serious,1,Two-Wheeler,Rainy,Damaged,118,Not Available,No,Straight Road,8
1409,Meghalaya,2023,May,Friday,0:21,Fatal,3,Two-Wheeler,Hazy,Damaged,37,Expired,Yes,Bridge,4
1410,Himachal Pradesh,2022,March,Thursday,16:11,Fatal,4,Bus,Hazy,Damaged,45,Valid,Yes,Straight Road,4
1411,Rajasthan,2020,June,Thursday,3:25,Fatal,4,Truck,Stormy,Wet,43,Expired,Yes,Straight Road,4
1412,Goa,2022,August,Saturday,2:40,Fatal,5,Cycle,Foggy,Under Construction,71,Expired,Yes,Bridge,3
1413,Haryana,2022,September,Sunday,20:40,Serious,4,Pedestrian,Clear,Under Construction,60,Not Available,Yes,Bridge,6
1414,Rajasthan,2019,August,Friday,7:39,Fatal,2,Car,Clear,Dry,67,Expired,No,Straight Road,7
1415,Uttarakhand,2020,January,Wednesday,11:39,Minor,5,Pedestrian,Foggy,Damaged,70,Expired,Yes,Intersection,5
1416,Goa,2018,February,Monday,9:45,Minor,4,Truck,Foggy,Under Construction,110,Expired,Yes,Intersection,5
1417,Chandigarh,2023,January,Saturday,19:53,Serious,3,Cycle,Hazy,Under Construction,67,Expired,No,Curve,3
1418,Haryana,2022,June,Tuesday,19:9,Fatal,1,Pedestrian,Hazy,Damaged,39,Not Available,Yes,Curve,3
1419,Punjab,2019,September,Monday,4:58,Fatal,2,Truck,Stormy,Dry,43,Valid,No,Bridge,9
1420,Meghalaya,2023,March,Tuesday,8:29,Fatal,5,Truck,Rainy,Damaged,43,Not Available,Yes,Straight Road,3
1421,Punjab,2018,January,Sunday,5:7,Minor,3,Truck,Rainy,Under Construction,62,Expired,No,Straight Road,3
1422,Haryana,2022,August,Tuesday,14:25,Minor,2,Cycle,Foggy,Wet,110,Not Available,Yes,Intersection,10
1423,Puducherry,2019,May,Tuesday,3:7,Minor,3,Car,Hazy,Under Construction,89,Expired,No,Straight Road,13
1424,Tripura,2018,July,Sunday,13:16,Minor,3,Cycle,Clear,Wet,117,Valid,Yes,Straight Road,3
1425,Manipur,2023,November,Sunday,6:42,Minor,4,Cycle,Clear,Dry,59,Expired,Yes,Intersection,8
1426,Arunachal Pradesh,2021,July,Sunday,17:3,Minor,3,Auto-Rickshaw,Rainy,Dry,112,Not Available,Yes,Intersection,12
1427,Delhi,2020,December,Monday,5:7,Minor,3,Auto-Rickshaw,Clear,Damaged,103,Valid,No,Bridge,1
1428,Punjab,2018,March,Sunday,4:27,Serious,5,Truck,Rainy,Damaged,32,Valid,No,Intersection,5
1429,Goa,2019,April,Sunday,16:18,Fatal,3,Car,Clear,Under Construction,80,Not Available,Yes,Bridge,6
1430,Goa,2018,September,Monday,11:3,Fatal,4,Auto-Rickshaw,Foggy,Dry,71,Valid,No,Bridge,10
1431,Jharkhand,2019,December,Sunday,2:32,Serious,2,Pedestrian,Hazy,Under Construction,62,Not Available,Yes,Straight Road,7
1432,Tamil Nadu,2020,October,Friday,9:51,Minor,2,Car,Rainy,Dry,57,Valid,No,Curve,7
1433,Assam,2020,October,Sunday,23:30,Minor,1,Cycle,Foggy,Under Construction,119,Not Available,Yes,Curve,9
1434,Kerala,2023,October,Tuesday,7:49,Serious,1,Bus,Hazy,Damaged,119,Expired,Yes,Bridge,11
1435,Puducherry,2022,June,Monday,3:52,Fatal,2,Cycle,Stormy,Dry,31,Not Available,Yes,Curve,2
1436,Jharkhand,2022,July,Saturday,6:37,Serious,2,Car,Foggy,Under Construction,120,Expired,No,Intersection,4
1437,Mizoram,2018,September,Sunday,2:28,Fatal,1,Bus,Hazy,Damaged,34,Not Available,No,Straight Road,2
1438,Uttarakhand,2019,November,Tuesday,7:28,Serious,1,Pedestrian,Foggy,Damaged,85,Valid,Yes,Bridge,5
1439,Manipur,2022,November,Sunday,15:24,Fatal,4,Bus,Rainy,Damaged,98,Not Available,No,Bridge,12
1440,Punjab,2019,January,Saturday,8:6,Serious,5,Bus,Clear,Under Construction,110,Not Available,No,Intersection,3
1441,Puducherry,2019,June,Thursday,1:51,Fatal,5,Pedestrian,Stormy,Under Construction,86,Valid,No,Straight Road,2
1442,Tripura,2021,January,Wednesday,14:53,Serious,4,Bus,Rainy,Wet,103,Expired,No,Intersection,10
1443,Telangana,2019,June,Saturday,6:17,Serious,1,Cycle,Clear,Wet,81,Not Available,Yes,Curve,4
1444,Nagaland,2018,September,Thursday,6:57,Serious,3,Truck,Stormy,Wet,98,Valid,No,Curve,8
1445,Bihar,2021,February,Tuesday,16:31,Fatal,5,Pedestrian,Rainy,Damaged,93,Valid,Yes,Intersection,7
1446,Kerala,2020,June,Wednesday,20:34,Serious,2,Auto-Rickshaw,Clear,Wet,53,Expired,Yes,Bridge,14
1447,Jammu and Kashmir,2023,August,Saturday,19:23,Fatal,2,Cycle,Clear,Wet,117,Not Available,No,Intersection,10
1448,Mizoram,2018,February,Thursday,17:39,Minor,5,Truck,Hazy,Wet,112,Not Available,Yes,Curve,4
1449,Uttar Pradesh,2019,March,Sunday,4:7,Fatal,2,Cycle,Foggy,Under Construction,56,Valid,No,Straight Road,13
1450,Andhra Pradesh,2022,March,Sunday,5:9,Fatal,4,Auto-Rickshaw,Hazy,Under Construction,92,Expired,No,Straight Road,9
1451,Uttarakhand,2019,July,Wednesday,0:19,Fatal,5,Pedestrian,Clear,Wet,108,Expired,No,Bridge,4
1452,Puducherry,2020,January,Sunday,11:32,Fatal,1,Car,Hazy,Wet,75,Valid,No,Bridge,7
1453,Delhi,2021,March,Saturday,5:26,Minor,5,Auto-Rickshaw,Clear,Wet,72,Valid,No,Curve,4
1454,Arunachal Pradesh,2023,May,Saturday,1:25,Serious,4,Cycle,Hazy,Under Construction,70,Not Available,Yes,Intersection,5
1455,Uttarakhand,2018,March,Thursday,6:42,Fatal,2,Bus,Clear,Wet,79,Valid,No,Bridge,8
1456,Sikkim,2020,February,Wednesday,18:11,Fatal,4,Cycle,Hazy,Under Construction,92,Not Available,Yes,Bridge,7
1457,Uttar Pradesh,2018,September,Saturday,4:50,Minor,4,Two-Wheeler,Foggy,Dry,45,Not Available,No,Curve,8
1458,Uttar Pradesh,2019,July,Monday,9:6,Fatal,5,Two-Wheeler,Clear,Damaged,111,Valid,No,Intersection,5
1459,Kerala,2021,August,Sunday,13:53,Fatal,1,Auto-Rickshaw,Clear,Under Construction,116,Expired,Yes,Curve,5
1460,Meghalaya,2020,March,Tuesday,8:57,Minor,2,Two-Wheeler,Stormy,Dry,39,Valid,No,Intersection,0
1461,Manipur,2022,November,Sunday,9:38,Serious,4,Truck,Stormy,Wet,83,Expired,Yes,Straight Road,4
1462,Sikkim,2023,July,Wednesday,1:7,Fatal,4,Cycle,Clear,Wet,104,Expired,No,Straight Road,9
1463,Punjab,2018,June,Wednesday,5:40,Serious,5,Auto-Rickshaw,Clear,Dry,74,Valid,No,Intersection,3
1464,Tripura,2020,March,Thursday,16:18,Serious,5,Truck,Stormy,Dry,48,Expired,Yes,Intersection,8
1465,Mizoram,2019,September,Friday,4:3,Serious,1,Pedestrian,Stormy,Dry,37,Valid,No,Intersection,5
1466,Himachal Pradesh,2019,December,Tuesday,16:7,Serious,5,Auto-Rickshaw,Stormy,Under Construction,81,Valid,Yes,Curve,5
1467,Arunachal Pradesh,2020,June,Sunday,21:2,Serious,5,Truck,Foggy,Dry,54,Expired,Yes,Bridge,1
1468,Jammu and Kashmir,2018,January,Tuesday,7:1,Fatal,2,Truck,Stormy,Under Construction,34,Valid,Yes,Intersection,8
1469,Himachal Pradesh,2021,June,Saturday,7:18,Fatal,1,Pedestrian,Foggy,Dry,105,Expired,Yes,Straight Road,7
1470,Kerala,2021,September,Sunday,23:19,Serious,4,Car,Stormy,Damaged,73,Valid,No,Straight Road,10
1471,Andhra Pradesh,2020,December,Tuesday,6:33,Minor,4,Bus,Stormy,Under Construction,115,Expired,No,Straight Road,9
1472,Maharashtra,2018,June,Tuesday,9:20,Minor,5,Pedestrian,Stormy,Under Construction,40,Not Available,Yes,Bridge,2
1473,Gujarat,2018,November,Thursday,13:7,Minor,4,Two-Wheeler,Hazy,Dry,107,Expired,No,Straight Road,2
1474,Arunachal Pradesh,2022,June,Tuesday,17:39,Fatal,4,Auto-Rickshaw,Rainy,Damaged,114,Valid,Yes,Bridge,9
1475,Rajasthan,2018,April,Monday,7:47,Minor,5,Pedestrian,Hazy,Under Construction,36,Valid,Yes,Bridge,13
1476,Nagaland,2020,April,Sunday,6:3,Serious,4,Two-Wheeler,Rainy,Wet,57,Valid,No,Intersection,3
1477,Manipur,2018,June,Monday,7:50,Fatal,3,Cycle,Hazy,Under Construction,98,Valid,Yes,Intersection,4
1478,Gujarat,2020,August,Sunday,2:14,Serious,1,Cycle,Clear,Wet,41,Valid,No,Curve,9
1479,Rajasthan,2023,November,Thursday,19:26,Serious,4,Auto-Rickshaw,Rainy,Under Construction,86,Not Available,Yes,Intersection,8
1480,Telangana,2022,January,Sunday,22:8,Minor,3,Auto-Rickshaw,Stormy,Dry,64,Valid,Yes,Bridge,4
1481,Kerala,2023,January,Thursday,9:54,Fatal,3,Cycle,Hazy,Damaged,113,Expired,Yes,Curve,9
1482,Sikkim,2020,September,Thursday,10:5,Serious,5,Bus,Hazy,Wet,118,Valid,Yes,Intersection,4
1483,Jharkhand,2021,January,Sunday,7:47,Minor,5,Two-Wheeler,Stormy,Wet,71,Valid,No,Straight Road,12
1484,Punjab,2018,November,Friday,7:52,Fatal,4,Pedestrian,Hazy,Damaged,38,Valid,No,Curve,13
1485,Delhi,2018,October,Saturday,9:29,Fatal,3,Bus,Clear,Dry,31,Valid,No,Intersection,5
1486,Jharkhand,2022,April,Wednesday,1:8,Fatal,2,Car,Foggy,Under Construction,95,Expired,No,Curve,10
1487,Haryana,2020,July,Friday,1:31,Minor,3,Cycle,Rainy,Wet,41,Valid,Yes,Straight Road,11
1488,Kerala,2022,February,Thursday,6:50,Minor,1,Two-Wheeler,Rainy,Damaged,103,Valid,No,Bridge,5
1489,Madhya Pradesh,2021,June,Wednesday,10:57,Serious,4,Pedestrian,Foggy,Damaged,105,Not Available,Yes,Bridge,8
1490,Jharkhand,2019,December,Wednesday,12:36,Minor,3,Truck,Clear,Dry,95,Valid,No,Intersection,3
1491,Chandigarh,2022,May,Tuesday,14:1,Minor,1,Two-Wheeler,Hazy,Wet,74,Expired,Yes,Intersection,9
1492,Rajasthan,2023,December,Saturday,5:53,Fatal,4,Pedestrian,Hazy,Under Construction,41,Expired,No,Bridge,6
1493,Rajasthan,2020,November,Sunday,5:47,Minor,1,Car,Hazy,Under Construction,86,Valid,No,Intersection,7
1494,Karnataka,2022,February,Sunday,12:49,Fatal,1,Bus,Hazy,Wet,37,Not Available,No,Bridge,0
1495,Delhi,2021,December,Wednesday,5:47,Serious,5,Two-Wheeler,Foggy,Damaged,103,Expired,Yes,Intersection,8
1496,Gujarat,2020,January,Thursday,13:4,Serious,5,Car,Hazy,Dry,48,Valid,Yes,Curve,9
1497,Chandigarh,2018,January,Monday,16:51,Serious,4,Two-Wheeler,Clear,Damaged,114,Expired,Yes,Bridge,12
1498,Telangana,2022,October,Tuesday,21:56,Fatal,5,Bus,Rainy,Under Construction,43,Expired,No,Straight Road,1
1499,Kerala,2019,December,Monday,3:10,Serious,3,Two-Wheeler,Foggy,Wet,82,Not Available,Yes,Curve,12
1500,Maharashtra,2023,October,Tuesday,21:37,Minor,2,Auto-Rickshaw,Stormy,Dry,32,Expired,No,Intersection,8
1501,Uttar Pradesh,2018,September,Sunday,19:32,Minor,3,Cycle,Stormy,Dry,109,Expired,Yes,Curve,6
1502,Uttar Pradesh,2021,February,Wednesday,14:26,Serious,2,Two-Wheeler,Stormy,Under Construction,48,Valid,Yes,Intersection,2
1503,Gujarat,2021,June,Tuesday,22:28,Fatal,2,Cycle,Foggy,Dry,41,Valid,No,Straight Road,5
1504,Bihar,2018,December,Tuesday,5:56,Fatal,4,Bus,Rainy,Damaged,100,Valid,No,Intersection,11
1505,Tripura,2019,February,Monday,21:18,Minor,5,Pedestrian,Foggy,Under Construction,99,Not Available,Yes,Bridge,7
1506,Uttarakhand,2022,March,Friday,19:27,Fatal,1,Bus,Foggy,Damaged,72,Expired,No,Bridge,6
1507,Manipur,2021,October,Saturday,3:37,Fatal,4,Cycle,Clear,Under Construction,65,Valid,No,Bridge,9
1508,Punjab,2019,April,Sunday,17:59,Minor,1,Auto-Rickshaw,Foggy,Dry,110,Expired,No,Intersection,5
1509,Haryana,2018,July,Wednesday,0:13,Fatal,1,Car,Rainy,Under Construction,40,Valid,No,Straight Road,12
1510,Rajasthan,2020,May,Sunday,3:20,Fatal,2,Two-Wheeler,Stormy,Damaged,59,Not Available,No,Intersection,7
1511,Gujarat,2018,February,Tuesday,17:10,Fatal,1,Bus,Rainy,Under Construction,75,Expired,Yes,Curve,5
1512,Bihar,2020,March,Monday,18:13,Minor,2,Auto-Rickshaw,Foggy,Damaged,81,Not Available,No,Bridge,8
1513,Odisha,2018,April,Thursday,12:55,Fatal,4,Auto-Rickshaw,Rainy,Wet,78,Not Available,No,Straight Road,6
1514,Assam,2019,June,Tuesday,22:0,Fatal,2,Pedestrian,Foggy,Wet,68,Valid,No,Straight Road,2
1515,Odisha,2021,March,Monday,23:6,Serious,5,Auto-Rickshaw,Rainy,Dry,48,Valid,Yes,Intersection,10
1516,Punjab,2020,December,Wednesday,5:4,Minor,4,Two-Wheeler,Rainy,Damaged,44,Expired,Yes,Bridge,8
1517,Manipur,2020,January,Saturday,3:43,Minor,2,Truck,Hazy,Damaged,116,Not Available,No,Straight Road,9
1518,Jharkhand,2023,August,Tuesday,16:17,Minor,5,Auto-Rickshaw,Hazy,Damaged,77,Not Available,Yes,Intersection,4
1519,Telangana,2019,January,Friday,8:39,Serious,3,Two-Wheeler,Stormy,Damaged,54,Valid,Yes,Straight Road,8
1520,Gujarat,2018,June,Saturday,10:36,Serious,4,Auto-Rickshaw,Foggy,Dry,57,Not Available,No,Intersection,5
1521,Andhra Pradesh,2018,May,Saturday,3:28,Serious,1,Two-Wheeler,Hazy,Wet,38,Not Available,No,Bridge,2
1522,Bihar,2021,December,Friday,17:16,Fatal,3,Car,Foggy,Dry,106,Valid,Yes,Curve,3
1523,Tamil Nadu,2020,September,Thursday,7:6,Fatal,1,Bus,Hazy,Wet,81,Valid,Yes,Intersection,8
1524,Manipur,2022,July,Wednesday,20:23,Serious,1,Truck,Hazy,Wet,50,Expired,No,Intersection,5
1525,Arunachal Pradesh,2018,April,Monday,16:34,Minor,2,Two-Wheeler,Stormy,Damaged,85,Expired,No,Intersection,6
1526,Goa,2019,April,Saturday,13:17,Minor,4,Auto-Rickshaw,Hazy,Damaged,99,Expired,Yes,Curve,8
1527,Gujarat,2019,October,Saturday,14:16,Minor,4,Car,Rainy,Under Construction,33,Expired,Yes,Straight Road,5
1528,Assam,2021,December,Monday,2:30,Fatal,5,Truck,Clear,Under Construction,85,Expired,Yes,Bridge,4
1529,Rajasthan,2018,December,Thursday,12:21,Minor,2,Car,Hazy,Dry,43,Expired,No,Straight Road,10
1530,Gujarat,2022,June,Wednesday,5:45,Minor,1,Pedestrian,Rainy,Dry,82,Not Available,Yes,Bridge,10
1531,Jammu and Kashmir,2021,October,Thursday,6:56,Minor,1,Pedestrian,Stormy,Dry,93,Valid,No,Intersection,10
1532,Manipur,2022,January,Monday,17:34,Fatal,2,Cycle,Hazy,Dry,64,Not Available,No,Intersection,13
1533,Manipur,2019,December,Monday,12:15,Fatal,3,Truck,Hazy,Under Construction,46,Not Available,Yes,Intersection,5
1534,Himachal Pradesh,2021,April,Tuesday,6:0,Minor,4,Auto-Rickshaw,Hazy,Wet,78,Valid,No,Bridge,11
1535,Jharkhand,2022,June,Thursday,2:0,Serious,3,Bus,Clear,Wet,60,Valid,No,Bridge,8
1536,Delhi,2020,April,Wednesday,3:44,Fatal,2,Bus,Foggy,Dry,58,Valid,Yes,Curve,7
1537,Meghalaya,2020,December,Wednesday,20:34,Serious,2,Auto-Rickshaw,Foggy,Wet,75,Valid,Yes,Curve,12
1538,Punjab,2022,January,Wednesday,20:34,Minor,3,Bus,Stormy,Dry,42,Expired,No,Intersection,11
1539,Jharkhand,2019,June,Sunday,23:32,Serious,5,Truck,Rainy,Damaged,76,Expired,No,Intersection,8
1540,Telangana,2019,September,Wednesday,8:21,Fatal,4,Cycle,Rainy,Wet,113,Expired,Yes,Bridge,2
1541,Telangana,2020,July,Monday,12:31,Serious,5,Pedestrian,Foggy,Under Construction,69,Expired,Yes,Straight Road,12
1542,Jammu and Kashmir,2021,May,Wednesday,22:43,Fatal,4,Bus,Clear,Wet,30,Valid,No,Straight Road,6
1543,Rajasthan,2022,August,Tuesday,4:24,Minor,2,Pedestrian,Clear,Under Construction,107,Valid,No,Straight Road,8
1544,Himachal Pradesh,2020,September,Tuesday,16:43,Minor,1,Pedestrian,Stormy,Under Construction,60,Expired,No,Curve,2
1545,Jharkhand,2020,September,Monday,21:52,Minor,1,Truck,Foggy,Wet,119,Expired,Yes,Intersection,1
1546,Himachal Pradesh,2023,September,Tuesday,9:46,Fatal,5,Pedestrian,Foggy,Wet,43,Not Available,Yes,Straight Road,5
1547,Punjab,2020,June,Tuesday,6:1,Minor,3,Cycle,Hazy,Under Construction,108,Expired,No,Intersection,10
1548,Delhi,2021,June,Wednesday,17:21,Serious,2,Bus,Hazy,Under Construction,38,Not Available,No,Straight Road,14
1549,Sikkim,2022,December,Thursday,22:34,Minor,3,Auto-Rickshaw,Rainy,Damaged,87,Expired,Yes,Curve,8
1550,Bihar,2020,February,Saturday,20:55,Serious,1,Truck,Foggy,Damaged,58,Expired,No,Curve,9
1551,Kerala,2018,March,Wednesday,2:43,Fatal,2,Auto-Rickshaw,Stormy,Damaged,112,Expired,No,Curve,11
1552,Goa,2019,December,Wednesday,14:41,Serious,2,Cycle,Stormy,Dry,92,Not Available,No,Straight Road,3
1553,Karnataka,2020,August,Monday,7:7,Minor,3,Truck,Stormy,Damaged,107,Not Available,Yes,Bridge,3
1554,Goa,2020,February,Monday,1:57,Serious,1,Cycle,Clear,Dry,102,Valid,No,Bridge,12
1555,Sikkim,2022,May,Thursday,11:16,Minor,1,Two-Wheeler,Stormy,Damaged,66,Valid,Yes,Curve,8
1556,Nagaland,2022,February,Tuesday,6:0,Minor,5,Truck,Clear,Damaged,87,Valid,No,Intersection,14
1557,Meghalaya,2020,December,Friday,1:35,Fatal,1,Car,Stormy,Dry,56,Not Available,Yes,Straight Road,9
1558,Haryana,2022,March,Friday,22:32,Serious,5,Auto-Rickshaw,Stormy,Damaged,120,Valid,Yes,Intersection,13
1559,Sikkim,2023,October,Sunday,5:28,Serious,5,Pedestrian,Clear,Under Construction,64,Not Available,Yes,Bridge,5
1560,Telangana,2022,September,Tuesday,11:9,Minor,3,Cycle,Rainy,Damaged,59,Valid,No,Bridge,8
1561,Manipur,2022,April,Saturday,7:34,Serious,3,Truck,Rainy,Damaged,59,Not Available,Yes,Intersection,5
1562,Tamil Nadu,2022,April,Sunday,7:32,Serious,4,Bus,Hazy,Under Construction,34,Expired,Yes,Intersection,5
1563,Punjab,2021,July,Thursday,15:42,Serious,4,Two-Wheeler,Foggy,Wet,88,Expired,No,Straight Road,8
1564,Jharkhand,2019,March,Wednesday,3:58,Fatal,4,Truck,Hazy,Under Construction,106,Expired,No,Straight Road,9
1565,Mizoram,2020,January,Thursday,13:35,Minor,5,Pedestrian,Clear,Under Construction,115,Not Available,Yes,Curve,10
1566,Kerala,2023,May,Wednesday,17:30,Serious,1,Two-Wheeler,Rainy,Dry,89,Expired,Yes,Straight Road,8
1567,Sikkim,2021,December,Sunday,19:59,Serious,5,Truck,Stormy,Wet,69,Not Available,No,Intersection,6
1568,Puducherry,2023,October,Thursday,5:8,Minor,3,Bus,Stormy,Damaged,119,Valid,No,Bridge,3
1569,Manipur,2023,August,Sunday,8:51,Serious,4,Truck,Stormy,Damaged,102,Valid,Yes,Curve,1
1570,Punjab,2020,July,Wednesday,10:22,Fatal,1,Cycle,Hazy,Under Construction,101,Expired,No,Bridge,7
1571,Madhya Pradesh,2018,April,Saturday,14:41,Fatal,1,Truck,Stormy,Wet,80,Valid,Yes,Intersection,9
1572,Himachal Pradesh,2022,October,Monday,1:45,Serious,2,Bus,Hazy,Damaged,94,Expired,No,Intersection,4
1573,Gujarat,2020,October,Sunday,14:17,Fatal,1,Pedestrian,Stormy,Damaged,55,Expired,Yes,Bridge,12
1574,Goa,2020,April,Tuesday,12:19,Minor,5,Car,Foggy,Under Construction,73,Expired,No,Curve,11
1575,Karnataka,2021,October,Sunday,2:31,Serious,1,Two-Wheeler,Stormy,Under Construction,67,Valid,Yes,Straight Road,9
1576,Telangana,2019,July,Friday,21:14,Minor,1,Truck,Rainy,Wet,72,Valid,Yes,Intersection,11
1577,Rajasthan,2021,March,Monday,15:23,Fatal,2,Cycle,Foggy,Damaged,114,Valid,Yes,Intersection,10
1578,Arunachal Pradesh,2018,September,Tuesday,15:1,Fatal,5,Bus,Stormy,Wet,37,Not Available,Yes,Straight Road,1
1579,Meghalaya,2018,December,Wednesday,16:28,Serious,1,Car,Clear,Dry,73,Expired,Yes,Intersection,3
1580,Himachal Pradesh,2020,July,Monday,13:46,Serious,3,Bus,Stormy,Dry,100,Not Available,Yes,Bridge,11
1581,Jammu and Kashmir,2023,April,Sunday,18:27,Fatal,1,Bus,Clear,Under Construction,32,Expired,Yes,Bridge,4
1582,Chhattisgarh,2020,January,Saturday,3:52,Minor,5,Pedestrian,Hazy,Under Construction,38,Not Available,No,Bridge,9
1583,Delhi,2022,January,Wednesday,22:53,Minor,1,Truck,Hazy,Dry,104,Expired,No,Straight Road,15
1584,Puducherry,2019,April,Sunday,10:56,Serious,4,Bus,Clear,Wet,96,Not Available,No,Curve,8
1585,Delhi,2019,November,Friday,0:37,Serious,5,Auto-Rickshaw,Stormy,Under Construction,91,Valid,Yes,Straight Road,7
1586,Jharkhand,2020,December,Tuesday,14:3,Serious,3,Car,Rainy,Under Construction,63,Valid,Yes,Intersection,6
1587,Delhi,2019,June,Wednesday,15:46,Minor,3,Bus,Rainy,Dry,118,Valid,Yes,Curve,7
1588,Andhra Pradesh,2019,October,Thursday,20:34,Minor,3,Car,Stormy,Under Construction,55,Valid,Yes,Bridge,8
1589,Punjab,2020,September,Wednesday,0:37,Fatal,3,Bus,Rainy,Damaged,90,Expired,No,Curve,5
1590,Sikkim,2020,January,Thursday,21:32,Serious,3,Auto-Rickshaw,Foggy,Wet,75,Not Available,Yes,Straight Road,6
1591,Rajasthan,2018,January,Monday,19:53,Fatal,3,Two-Wheeler,Clear,Dry,95,Valid,Yes,Straight Road,8
1592,Uttar Pradesh,2022,December,Monday,12:29,Minor,2,Truck,Hazy,Wet,117,Not Available,Yes,Straight Road,14
1593,Chhattisgarh,2019,December,Wednesday,1:3,Serious,4,Auto-Rickshaw,Stormy,Wet,77,Not Available,No,Straight Road,1
1594,Uttar Pradesh,2021,October,Saturday,3:39,Fatal,3,Pedestrian,Stormy,Dry,75,Not Available,Yes,Curve,8
1595,Telangana,2019,April,Saturday,0:14,Minor,4,Cycle,Stormy,Damaged,95,Valid,No,Intersection,9
1596,Mizoram,2019,September,Saturday,10:10,Serious,4,Auto-Rickshaw,Hazy,Under Construction,57,Expired,No,Intersection,5
1597,Jharkhand,2020,July,Wednesday,16:37,Serious,1,Cycle,Clear,Wet,87,Not Available,No,Intersection,0
1598,Karnataka,2022,February,Wednesday,0:25,Minor,1,Cycle,Rainy,Under Construction,72,Expired,Yes,Straight Road,5
1599,Meghalaya,2021,February,Wednesday,4:22,Fatal,5,Truck,Hazy,Wet,70,Valid,No,Straight Road,9
1600,Chandigarh,2019,November,Thursday,10:51,Minor,2,Cycle,Foggy,Damaged,39,Not Available,Yes,Straight Road,8
1601,Uttarakhand,2022,July,Monday,13:15,Fatal,2,Truck,Hazy,Dry,98,Expired,Yes,Intersection,10
1602,Tripura,2020,October,Thursday,3:11,Minor,1,Truck,Hazy,Under Construction,119,Not Available,No,Intersection,7
1603,Sikkim,2019,November,Thursday,8:1,Serious,3,Auto-Rickshaw,Foggy,Damaged,68,Valid,Yes,Intersection,9
1604,Odisha,2023,August,Thursday,8:19,Fatal,2,Two-Wheeler,Foggy,Damaged,112,Expired,Yes,Curve,9
1605,Odisha,2020,November,Wednesday,5:40,Minor,2,Car,Clear,Under Construction,77,Not Available,No,Intersection,7
1606,Haryana,2020,April,Sunday,13:29,Serious,3,Cycle,Rainy,Dry,36,Not Available,Yes,Intersection,11
1607,Jharkhand,2019,May,Monday,22:18,Minor,5,Pedestrian,Hazy,Under Construction,80,Not Available,Yes,Bridge,7
1608,Goa,2019,July,Thursday,10:0,Minor,3,Two-Wheeler,Rainy,Damaged,80,Not Available,No,Intersection,9
1609,Rajasthan,2019,March,Saturday,15:53,Minor,1,Cycle,Hazy,Dry,53,Valid,No,Bridge,2
1610,Rajasthan,2020,October,Tuesday,21:1,Minor,3,Auto-Rickshaw,Foggy,Under Construction,31,Valid,No,Straight Road,5
1611,Manipur,2021,April,Thursday,5:32,Fatal,2,Car,Rainy,Dry,74,Expired,No,Intersection,3
1612,Rajasthan,2021,July,Sunday,9:58,Minor,1,Two-Wheeler,Clear,Wet,107,Valid,No,Curve,13
1613,Puducherry,2018,January,Thursday,21:50,Fatal,3,Auto-Rickshaw,Clear,Under Construction,95,Expired,Yes,Curve,8
1614,Andhra Pradesh,2019,December,Wednesday,13:8,Fatal,1,Truck,Stormy,Damaged,81,Valid,Yes,Straight Road,4
1615,Chandigarh,2019,November,Sunday,19:43,Serious,1,Car,Foggy,Dry,56,Not Available,Yes,Bridge,13
1616,Punjab,2020,February,Saturday,13:28,Fatal,2,Two-Wheeler,Rainy,Dry,62,Valid,No,Straight Road,11
1617,Kerala,2022,July,Thursday,7:31,Fatal,1,Cycle,Rainy,Dry,43,Expired,Yes,Curve,6
1618,Tripura,2022,September,Wednesday,12:7,Minor,1,Truck,Stormy,Damaged,117,Expired,Yes,Curve,2
1619,Delhi,2022,March,Tuesday,23:47,Minor,4,Pedestrian,Stormy,Dry,45,Expired,Yes,Straight Road,2
1620,Chhattisgarh,2021,February,Sunday,9:52,Fatal,2,Cycle,Rainy,Wet,119,Expired,No,Straight Road,6
1621,Kerala,2023,September,Friday,20:48,Fatal,5,Truck,Hazy,Wet,34,Valid,Yes,Straight Road,1
1622,Maharashtra,2018,June,Saturday,21:29,Fatal,2,Cycle,Hazy,Wet,85,Valid,No,Bridge,13
1623,Tripura,2022,June,Sunday,8:53,Fatal,2,Two-Wheeler,Hazy,Wet,111,Valid,Yes,Bridge,8
1624,Andhra Pradesh,2020,March,Sunday,6:45,Serious,4,Truck,Hazy,Wet,88,Expired,No,Straight Road,7
1625,Nagaland,2023,December,Monday,10:23,Fatal,3,Pedestrian,Foggy,Under Construction,89,Valid,No,Intersection,12
1626,Arunachal Pradesh,2018,May,Monday,9:9,Fatal,1,Two-Wheeler,Clear,Under Construction,37,Valid,Yes,Straight Road,7
1627,Goa,2021,April,Friday,12:1,Fatal,5,Truck,Rainy,Wet,84,Not Available,Yes,Curve,4
1628,Rajasthan,2018,September,Thursday,0:9,Minor,1,Two-Wheeler,Rainy,Under Construction,46,Valid,Yes,Intersection,4
1629,Meghalaya,2019,April,Wednesday,19:54,Minor,4,Bus,Rainy,Damaged,92,Valid,No,Curve,6
1630,Jammu and Kashmir,2022,August,Thursday,17:38,Minor,5,Cycle,Foggy,Dry,48,Not Available,No,Curve,6
1631,Gujarat,2019,November,Friday,13:48,Minor,4,Car,Foggy,Wet,90,Not Available,No,Curve,11
1632,West Bengal,2020,November,Monday,10:8,Fatal,2,Pedestrian,Hazy,Dry,94,Not Available,No,Curve,7
1633,Meghalaya,2019,May,Tuesday,5:37,Serious,4,Bus,Foggy,Damaged,42,Not Available,Yes,Intersection,11
1634,Nagaland,2021,September,Friday,16:0,Fatal,5,Two-Wheeler,Stormy,Wet,41,Valid,Yes,Intersection,14
1635,Jharkhand,2019,June,Saturday,10:41,Fatal,4,Pedestrian,Hazy,Dry,72,Valid,No,Curve,10
1636,Jharkhand,2018,February,Wednesday,21:18,Minor,3,Pedestrian,Stormy,Wet,109,Expired,Yes,Straight Road,2
1637,Nagaland,2020,September,Friday,12:50,Fatal,1,Two-Wheeler,Clear,Dry,44,Valid,Yes,Straight Road,4
1638,Puducherry,2023,September,Friday,2:5,Minor,4,Pedestrian,Foggy,Wet,30,Expired,No,Intersection,7
1639,Jammu and Kashmir,2022,December,Saturday,11:40,Fatal,4,Pedestrian,Clear,Damaged,106,Not Available,No,Bridge,12
1640,Delhi,2023,July,Tuesday,9:22,Fatal,4,Cycle,Foggy,Wet,100,Expired,Yes,Straight Road,5
1641,Sikkim,2020,October,Wednesday,11:59,Fatal,2,Truck,Foggy,Dry,32,Valid,No,Bridge,13
1642,Kerala,2022,October,Sunday,10:57,Minor,3,Cycle,Foggy,Under Construction,69,Valid,Yes,Straight Road,4
1643,Puducherry,2018,June,Friday,0:2,Serious,4,Two-Wheeler,Stormy,Under Construction,39,Not Available,No,Straight Road,12
1644,Telangana,2018,October,Monday,10:13,Fatal,1,Two-Wheeler,Rainy,Damaged,84,Valid,Yes,Bridge,4
1645,Assam,2023,March,Saturday,2:18,Minor,5,Car,Rainy,Under Construction,57,Not Available,No,Straight Road,11
1646,Manipur,2023,December,Monday,8:6,Minor,4,Cycle,Foggy,Wet,86,Valid,Yes,Straight Road,14
1647,Puducherry,2021,September,Wednesday,21:7,Fatal,3,Cycle,Foggy,Damaged,72,Not Available,Yes,Curve,4
1648,West Bengal,2021,December,Friday,7:28,Fatal,5,Truck,Stormy,Wet,45,Not Available,No,Straight Road,7
1649,Puducherry,2020,January,Monday,10:22,Fatal,4,Cycle,Foggy,Damaged,70,Valid,Yes,Intersection,9
1650,Arunachal Pradesh,2020,March,Wednesday,17:30,Fatal,1,Auto-Rickshaw,Hazy,Damaged,55,Valid,No,Bridge,12
1651,Haryana,2019,November,Saturday,23:41,Serious,2,Auto-Rickshaw,Clear,Wet,47,Valid,Yes,Intersection,12
1652,Uttarakhand,2019,June,Monday,2:45,Serious,4,Two-Wheeler,Rainy,Damaged,76,Not Available,Yes,Curve,8
1653,Tripura,2019,September,Sunday,18:10,Fatal,3,Car,Stormy,Under Construction,115,Expired,Yes,Curve,12
1654,Madhya Pradesh,2020,December,Tuesday,12:44,Fatal,4,Cycle,Foggy,Wet,34,Expired,No,Bridge,8
1655,Madhya Pradesh,2022,June,Wednesday,15:53,Fatal,5,Two-Wheeler,Clear,Damaged,92,Expired,Yes,Straight Road,4
1656,Nagaland,2023,July,Saturday,2:34,Minor,4,Car,Rainy,Dry,78,Valid,Yes,Intersection,8
1657,Puducherry,2020,April,Saturday,0:40,Fatal,3,Two-Wheeler,Hazy,Under Construction,82,Not Available,No,Bridge,8
1658,Madhya Pradesh,2018,April,Monday,1:57,Minor,1,Auto-Rickshaw,Hazy,Under Construction,97,Expired,Yes,Intersection,9
1659,Telangana,2021,October,Saturday,6:59,Minor,4,Truck,Rainy,Wet,60,Expired,No,Bridge,5
1660,Sikkim,2023,April,Sunday,23:32,Serious,3,Car,Hazy,Under Construction,118,Valid,Yes,Bridge,13
1661,Mizoram,2022,April,Wednesday,12:57,Fatal,1,Auto-Rickshaw,Clear,Damaged,54,Expired,No,Curve,2
1662,Maharashtra,2018,July,Saturday,8:57,Minor,3,Car,Stormy,Damaged,42,Expired,No,Bridge,14
1663,Nagaland,2022,September,Tuesday,22:21,Fatal,2,Truck,Clear,Under Construction,109,Valid,Yes,Curve,1
1664,Chandigarh,2018,June,Tuesday,11:30,Fatal,5,Cycle,Rainy,Damaged,32,Valid,Yes,Curve,5
1665,Telangana,2021,April,Thursday,5:49,Serious,4,Pedestrian,Foggy,Dry,77,Not Available,No,Bridge,6
1666,Tripura,2023,December,Monday,22:35,Serious,1,Bus,Clear,Under Construction,80,Not Available,Yes,Bridge,3
1667,Chandigarh,2020,August,Thursday,0:11,Minor,5,Truck,Rainy,Under Construction,116,Not Available,Yes,Bridge,8
1668,Chhattisgarh,2019,May,Friday,7:19,Minor,5,Truck,Rainy,Under Construction,35,Valid,Yes,Intersection,8
1669,Punjab,2019,November,Wednesday,9:56,Serious,5,Cycle,Foggy,Under Construction,97,Valid,Yes,Intersection,6
1670,Madhya Pradesh,2019,November,Thursday,10:0,Minor,1,Auto-Rickshaw,Hazy,Dry,100,Expired,Yes,Curve,13
1671,Puducherry,2018,July,Tuesday,13:41,Minor,5,Car,Stormy,Damaged,49,Not Available,No,Curve,2
1672,Gujarat,2022,July,Sunday,2:41,Minor,3,Auto-Rickshaw,Hazy,Wet,46,Valid,No,Bridge,1
1673,West Bengal,2018,December,Sunday,19:34,Minor,5,Auto-Rickshaw,Hazy,Dry,106,Expired,Yes,Bridge,5
1674,Telangana,2021,March,Saturday,10:31,Fatal,1,Pedestrian,Foggy,Damaged,41,Not Available,No,Bridge,1
1675,Bihar,2023,November,Monday,14:2,Fatal,3,Cycle,Stormy,Dry,104,Valid,No,Straight Road,5
1676,Sikkim,2020,March,Sunday,6:42,Minor,5,Two-Wheeler,Clear,Dry,50,Valid,Yes,Bridge,6
1677,Rajasthan,2022,April,Friday,22:3,Serious,4,Car,Foggy,Under Construction,37,Valid,Yes,Straight Road,12
1678,Nagaland,2018,May,Saturday,2:24,Fatal,1,Auto-Rickshaw,Clear,Under Construction,88,Expired,No,Curve,11
1679,Arunachal Pradesh,2019,October,Tuesday,19:51,Minor,4,Car,Clear,Damaged,90,Valid,Yes,Straight Road,6
1680,Kerala,2020,October,Saturday,0:47,Fatal,1,Cycle,Stormy,Wet,108,Not Available,No,Bridge,7
1681,Tripura,2023,January,Sunday,9:9,Minor,1,Cycle,Hazy,Wet,79,Expired,Yes,Straight Road,11
1682,Telangana,2022,May,Thursday,4:55,Minor,5,Two-Wheeler,Clear,Damaged,64,Valid,Yes,Bridge,7
1683,Sikkim,2021,November,Thursday,0:26,Minor,5,Auto-Rickshaw,Clear,Damaged,96,Valid,Yes,Straight Road,5
1684,Haryana,2023,July,Friday,17:35,Minor,5,Two-Wheeler,Rainy,Wet,45,Expired,No,Intersection,4
1685,Gujarat,2021,March,Sunday,19:43,Serious,2,Cycle,Rainy,Under Construction,52,Valid,Yes,Straight Road,10
1686,Sikkim,2022,October,Sunday,3:1,Fatal,2,Car,Stormy,Damaged,107,Expired,No,Intersection,14
1687,Nagaland,2018,October,Saturday,14:7,Fatal,5,Truck,Rainy,Wet,62,Valid,Yes,Intersection,15
1688,Gujarat,2021,October,Tuesday,2:46,Serious,1,Auto-Rickshaw,Foggy,Damaged,33,Valid,No,Curve,9
1689,Haryana,2023,September,Thursday,16:51,Fatal,1,Truck,Stormy,Under Construction,96,Valid,No,Straight Road,8
1690,Maharashtra,2023,March,Tuesday,11:29,Fatal,2,Bus,Stormy,Under Construction,30,Expired,Yes,Curve,7
1691,Sikkim,2021,November,Monday,5:22,Serious,2,Pedestrian,Hazy,Wet,63,Valid,Yes,Bridge,11
1692,Madhya Pradesh,2018,November,Tuesday,7:47,Serious,3,Truck,Clear,Dry,109,Not Available,No,Intersection,8
1693,Kerala,2019,November,Friday,15:44,Minor,3,Cycle,Hazy,Damaged,47,Expired,No,Bridge,5
1694,West Bengal,2021,April,Friday,4:4,Serious,2,Two-Wheeler,Clear,Dry,36,Expired,No,Curve,4
1695,Karnataka,2019,September,Thursday,16:40,Minor,5,Pedestrian,Clear,Wet,117,Not Available,Yes,Straight Road,12
1696,Nagaland,2019,September,Sunday,10:32,Serious,2,Pedestrian,Hazy,Under Construction,86,Valid,No,Straight Road,7
1697,Jammu and Kashmir,2020,December,Sunday,22:39,Serious,3,Bus,Hazy,Under Construction,51,Expired,Yes,Bridge,5
1698,Mizoram,2021,August,Sunday,21:33,Minor,1,Cycle,Rainy,Damaged,86,Expired,No,Curve,3
1699,Rajasthan,2021,June,Wednesday,8:32,Fatal,4,Two-Wheeler,Clear,Damaged,105,Valid,Yes,Curve,4
1700,Haryana,2020,September,Friday,6:33,Minor,4,Auto-Rickshaw,Clear,Wet,56,Expired,Yes,Intersection,7
1701,West Bengal,2022,January,Wednesday,1:43,Minor,1,Truck,Foggy,Wet,95,Not Available,No,Bridge,13
1702,Assam,2021,October,Saturday,6:52,Fatal,1,Truck,Hazy,Damaged,37,Not Available,Yes,Bridge,7
1703,Uttar Pradesh,2020,March,Friday,12:31,Minor,5,Cycle,Foggy,Damaged,108,Expired,Yes,Straight Road,2
1704,Bihar,2018,April,Thursday,20:43,Minor,5,Auto-Rickshaw,Clear,Wet,55,Valid,Yes,Intersection,11
1705,Mizoram,2023,October,Saturday,17:58,Minor,3,Car,Foggy,Wet,117,Not Available,No,Intersection,8
1706,Himachal Pradesh,2018,November,Sunday,7:5,Minor,3,Truck,Rainy,Wet,109,Not Available,No,Straight Road,7
1707,Tamil Nadu,2021,May,Wednesday,21:47,Minor,4,Bus,Clear,Damaged,40,Expired,No,Intersection,5
1708,Goa,2022,October,Tuesday,20:31,Fatal,5,Truck,Rainy,Under Construction,94,Not Available,Yes,Intersection,6
1709,Goa,2020,November,Wednesday,17:25,Minor,1,Two-Wheeler,Stormy,Under Construction,55,Valid,No,Intersection,10
1710,Puducherry,2023,September,Thursday,5:38,Serious,1,Auto-Rickshaw,Rainy,Damaged,52,Expired,Yes,Intersection,6
1711,Tamil Nadu,2023,December,Monday,1:56,Fatal,1,Bus,Rainy,Damaged,87,Expired,No,Intersection,8
1712,Tamil Nadu,2019,September,Thursday,22:5,Fatal,3,Bus,Stormy,Under Construction,51,Not Available,Yes,Intersection,9
1713,Nagaland,2020,June,Wednesday,17:9,Minor,5,Cycle,Stormy,Dry,54,Not Available,No,Intersection,12
1714,Punjab,2019,September,Wednesday,1:43,Serious,2,Two-Wheeler,Clear,Wet,87,Valid,Yes,Straight Road,1
1715,Uttarakhand,2022,September,Saturday,21:34,Serious,2,Truck,Foggy,Damaged,71,Not Available,No,Curve,3
1716,Tamil Nadu,2023,September,Wednesday,0:21,Minor,5,Bus,Stormy,Dry,62,Valid,No,Intersection,7
1717,Sikkim,2019,June,Sunday,17:0,Serious,5,Car,Rainy,Damaged,118,Not Available,Yes,Bridge,9
1718,Punjab,2021,April,Friday,15:48,Minor,4,Pedestrian,Rainy,Damaged,79,Expired,No,Curve,10
1719,Assam,2018,February,Saturday,20:2,Minor,4,Bus,Clear,Under Construction,59,Not Available,Yes,Bridge,13
1720,Punjab,2019,May,Friday,19:5,Fatal,5,Two-Wheeler,Stormy,Wet,80,Valid,Yes,Intersection,11
1721,Himachal Pradesh,2020,May,Friday,18:56,Minor,5,Car,Hazy,Wet,33,Valid,No,Intersection,4
1722,Meghalaya,2023,November,Wednesday,1:34,Minor,5,Truck,Foggy,Under Construction,81,Not Available,Yes,Bridge,9
1723,Himachal Pradesh,2021,May,Tuesday,0:37,Minor,2,Car,Clear,Dry,64,Not Available,No,Straight Road,7
1724,Jammu and Kashmir,2018,May,Saturday,15:16,Serious,5,Two-Wheeler,Foggy,Dry,83,Expired,No,Intersection,13
1725,Delhi,2018,November,Wednesday,10:45,Serious,1,Truck,Stormy,Under Construction,105,Valid,Yes,Bridge,10
1726,Goa,2023,March,Thursday,13:47,Minor,5,Truck,Stormy,Wet,75,Not Available,No,Straight Road,3
1727,Puducherry,2020,February,Wednesday,18:48,Fatal,1,Car,Foggy,Wet,106,Expired,Yes,Bridge,10
1728,Jammu and Kashmir,2019,November,Sunday,0:51,Serious,2,Auto-Rickshaw,Clear,Dry,50,Expired,Yes,Straight Road,10
1729,Arunachal Pradesh,2021,December,Wednesday,9:40,Fatal,4,Auto-Rickshaw,Foggy,Dry,51,Expired,No,Intersection,2
1730,Karnataka,2019,July,Friday,22:19,Fatal,2,Truck,Foggy,Under Construction,72,Valid,Yes,Bridge,5
1731,Goa,2022,May,Wednesday,6:36,Fatal,4,Bus,Clear,Dry,91,Not Available,No,Straight Road,0
1732,Delhi,2023,March,Tuesday,22:57,Minor,2,Bus,Rainy,Damaged,65,Valid,Yes,Bridge,8
1733,Chhattisgarh,2022,October,Friday,0:30,Serious,5,Cycle,Foggy,Under Construction,55,Expired,No,Curve,12
1734,Haryana,2019,December,Sunday,23:51,Minor,2,Auto-Rickshaw,Rainy,Dry,53,Valid,No,Curve,2
1735,Haryana,2019,January,Friday,15:2,Minor,3,Two-Wheeler,Foggy,Under Construction,40,Valid,Yes,Straight Road,3
1736,Assam,2023,February,Saturday,19:28,Minor,4,Car,Rainy,Damaged,115,Valid,No,Intersection,9
1737,Madhya Pradesh,2023,June,Friday,15:24,Minor,2,Pedestrian,Clear,Under Construction,110,Not Available,No,Straight Road,12
1738,Meghalaya,2022,August,Thursday,11:47,Minor,4,Cycle,Stormy,Damaged,107,Expired,Yes,Straight Road,7
1739,Chandigarh,2022,March,Thursday,16:43,Fatal,2,Auto-Rickshaw,Clear,Damaged,95,Expired,No,Straight Road,13
1740,Rajasthan,2020,May,Monday,22:59,Fatal,1,Pedestrian,Clear,Dry,111,Valid,Yes,Straight Road,2
1741,Punjab,2021,February,Wednesday,11:35,Fatal,4,Auto-Rickshaw,Rainy,Damaged,79,Valid,No,Curve,6
1742,Assam,2020,October,Monday,4:48,Minor,4,Cycle,Hazy,Under Construction,113,Valid,Yes,Bridge,10
1743,Telangana,2022,June,Friday,17:52,Fatal,4,Pedestrian,Hazy,Damaged,101,Valid,Yes,Bridge,6
1744,Uttarakhand,2022,November,Wednesday,15:48,Serious,1,Cycle,Clear,Damaged,90,Not Available,Yes,Curve,7
1745,Karnataka,2021,March,Wednesday,3:38,Minor,3,Car,Rainy,Damaged,86,Expired,Yes,Bridge,11
1746,Delhi,2018,November,Wednesday,9:22,Fatal,4,Cycle,Stormy,Dry,79,Valid,Yes,Curve,13
1747,Maharashtra,2018,November,Tuesday,0:40,Fatal,4,Auto-Rickshaw,Hazy,Wet,113,Valid,Yes,Intersection,4
1748,Uttarakhand,2018,October,Wednesday,23:54,Serious,5,Auto-Rickshaw,Rainy,Dry,62,Expired,No,Straight Road,5
1749,Himachal Pradesh,2023,October,Sunday,7:45,Minor,2,Auto-Rickshaw,Clear,Wet,39,Valid,No,Intersection,9
1750,Odisha,2019,September,Sunday,20:20,Serious,5,Two-Wheeler,Stormy,Dry,95,Not Available,Yes,Intersection,13
1751,Tamil Nadu,2021,September,Tuesday,4:20,Fatal,4,Bus,Hazy,Wet,72,Not Available,Yes,Intersection,6
1752,Haryana,2019,August,Monday,14:16,Minor,4,Bus,Hazy,Dry,69,Not Available,Yes,Straight Road,9
1753,Kerala,2021,February,Sunday,5:8,Fatal,1,Bus,Rainy,Under Construction,43,Expired,No,Straight Road,4
1754,Odisha,2022,June,Tuesday,22:37,Fatal,1,Truck,Rainy,Wet,111,Valid,No,Intersection,13
1755,Goa,2023,March,Thursday,14:5,Fatal,1,Car,Clear,Under Construction,100,Not Available,Yes,Straight Road,12
1756,Assam,2022,August,Wednesday,15:59,Fatal,5,Bus,Hazy,Under Construction,35,Not Available,No,Bridge,4
1757,Nagaland,2021,September,Sunday,2:15,Fatal,2,Truck,Rainy,Dry,78,Valid,Yes,Straight Road,8
1758,Arunachal Pradesh,2021,January,Thursday,14:23,Fatal,1,Truck,Rainy,Dry,114,Not Available,No,Curve,11
1759,Rajasthan,2022,June,Wednesday,2:29,Minor,3,Bus,Stormy,Dry,78,Not Available,Yes,Straight Road,7
1760,Chandigarh,2018,March,Wednesday,20:2,Serious,2,Two-Wheeler,Clear,Wet,92,Expired,Yes,Straight Road,4
1761,Himachal Pradesh,2021,August,Monday,21:34,Serious,4,Bus,Stormy,Damaged,91,Expired,Yes,Curve,6
1762,Goa,2023,October,Wednesday,19:24,Minor,1,Auto-Rickshaw,Stormy,Under Construction,75,Valid,Yes,Bridge,1
1763,Tripura,2020,February,Friday,11:9,Fatal,2,Bus,Stormy,Wet,105,Valid,No,Curve,5
1764,Chandigarh,2021,June,Wednesday,17:17,Minor,4,Truck,Rainy,Damaged,93,Valid,No,Curve,6
1765,Madhya Pradesh,2021,February,Friday,22:52,Fatal,1,Bus,Rainy,Dry,93,Not Available,No,Straight Road,7
1766,Meghalaya,2021,April,Thursday,13:59,Minor,5,Pedestrian,Foggy,Dry,113,Not Available,Yes,Curve,8
1767,Puducherry,2019,August,Friday,21:34,Serious,2,Car,Rainy,Under Construction,35,Valid,No,Curve,10
1768,Jharkhand,2023,November,Monday,19:39,Fatal,5,Car,Foggy,Under Construction,90,Valid,Yes,Intersection,7
1769,Chandigarh,2021,February,Wednesday,2:28,Minor,2,Auto-Rickshaw,Rainy,Damaged,100,Not Available,Yes,Curve,6
1770,Tamil Nadu,2022,September,Wednesday,15:18,Minor,3,Truck,Rainy,Wet,110,Valid,No,Bridge,5
1771,Telangana,2018,March,Thursday,2:18,Fatal,1,Truck,Foggy,Under Construction,39,Not Available,No,Bridge,10
1772,Jharkhand,2020,April,Wednesday,9:34,Fatal,2,Car,Clear,Dry,95,Valid,Yes,Curve,13
1773,West Bengal,2022,March,Wednesday,22:37,Serious,3,Cycle,Foggy,Wet,39,Not Available,Yes,Bridge,9
1774,Uttar Pradesh,2020,May,Saturday,0:39,Fatal,1,Auto-Rickshaw,Foggy,Damaged,79,Valid,Yes,Straight Road,9
1775,Nagaland,2022,September,Tuesday,6:45,Minor,3,Truck,Hazy,Damaged,94,Not Available,No,Curve,7
1776,Jammu and Kashmir,2023,December,Wednesday,3:51,Fatal,2,Cycle,Stormy,Under Construction,95,Expired,No,Bridge,9
1777,Maharashtra,2023,April,Sunday,8:15,Fatal,5,Two-Wheeler,Stormy,Damaged,105,Expired,Yes,Curve,13
1778,Mizoram,2019,January,Sunday,16:11,Serious,5,Auto-Rickshaw,Stormy,Damaged,88,Valid,Yes,Bridge,5
1779,Uttarakhand,2020,June,Sunday,3:49,Minor,2,Pedestrian,Stormy,Wet,38,Not Available,No,Curve,5
1780,Sikkim,2019,May,Sunday,21:7,Minor,3,Pedestrian,Hazy,Dry,30,Valid,No,Curve,11
1781,Goa,2020,February,Monday,9:39,Serious,2,Auto-Rickshaw,Foggy,Under Construction,117,Valid,Yes,Curve,13
1782,Nagaland,2021,January,Monday,2:53,Minor,5,Cycle,Clear,Wet,115,Expired,Yes,Intersection,8
1783,Karnataka,2022,June,Friday,21:24,Minor,5,Cycle,Stormy,Damaged,53,Expired,Yes,Straight Road,7
1784,Himachal Pradesh,2020,May,Monday,8:26,Minor,1,Bus,Hazy,Damaged,88,Valid,No,Straight Road,6
1785,Telangana,2018,February,Monday,20:53,Fatal,3,Car,Stormy,Under Construction,63,Expired,No,Straight Road,10
1786,Kerala,2022,March,Wednesday,9:37,Fatal,4,Bus,Rainy,Damaged,46,Expired,Yes,Intersection,6
1787,Haryana,2021,October,Wednesday,7:58,Fatal,5,Truck,Clear,Under Construction,95,Not Available,Yes,Intersection,6
1788,Delhi,2020,November,Monday,22:58,Serious,5,Two-Wheeler,Foggy,Dry,105,Not Available,No,Intersection,10
1789,Himachal Pradesh,2019,February,Tuesday,4:1,Minor,3,Truck,Rainy,Wet,79,Valid,No,Bridge,2
1790,Arunachal Pradesh,2021,September,Sunday,11:21,Fatal,3,Pedestrian,Clear,Wet,112,Valid,No,Bridge,1
1791,Assam,2022,May,Sunday,2:28,Serious,5,Bus,Foggy,Wet,90,Not Available,Yes,Straight Road,6
1792,Kerala,2023,March,Monday,2:43,Fatal,1,Bus,Clear,Damaged,105,Valid,Yes,Bridge,9
1793,Punjab,2020,September,Friday,11:11,Minor,4,Two-Wheeler,Foggy,Under Construction,52,Valid,No,Bridge,12
1794,Jharkhand,2021,February,Friday,6:55,Minor,4,Pedestrian,Hazy,Dry,63,Expired,No,Bridge,3
1795,Punjab,2018,July,Thursday,5:6,Minor,5,Truck,Clear,Wet,120,Not Available,Yes,Bridge,3
1796,Jharkhand,2020,September,Monday,0:7,Fatal,3,Truck,Stormy,Under Construction,108,Not Available,No,Bridge,4
1797,Gujarat,2018,March,Friday,13:47,Serious,5,Two-Wheeler,Stormy,Dry,45,Expired,No,Curve,5
1798,Goa,2018,May,Wednesday,13:46,Serious,2,Bus,Rainy,Under Construction,99,Expired,No,Intersection,4
1799,Uttar Pradesh,2022,December,Thursday,8:30,Serious,2,Truck,Stormy,Dry,115,Valid,Yes,Bridge,0
1800,Sikkim,2018,December,Friday,11:49,Fatal,4,Truck,Foggy,Under Construction,117,Expired,No,Straight Road,12
1801,Maharashtra,2020,October,Thursday,20:1,Fatal,2,Auto-Rickshaw,Rainy,Under Construction,45,Expired,No,Intersection,13
1802,Mizoram,2021,September,Saturday,21:8,Serious,3,Two-Wheeler,Foggy,Dry,111,Not Available,No,Curve,3
1803,Odisha,2018,October,Monday,16:24,Fatal,2,Auto-Rickshaw,Rainy,Under Construction,82,Valid,Yes,Intersection,0
1804,Uttarakhand,2018,March,Tuesday,21:54,Minor,4,Cycle,Rainy,Under Construction,109,Not Available,No,Intersection,13
1805,Madhya Pradesh,2022,November,Sunday,16:53,Minor,2,Two-Wheeler,Stormy,Wet,100,Expired,No,Straight Road,11
1806,Chhattisgarh,2021,October,Sunday,18:38,Serious,1,Car,Foggy,Under Construction,105,Valid,No,Curve,6
1807,Meghalaya,2023,February,Saturday,1:24,Fatal,4,Bus,Clear,Dry,74,Not Available,Yes,Bridge,11
1808,Goa,2020,April,Wednesday,20:41,Fatal,5,Truck,Foggy,Dry,62,Expired,Yes,Bridge,7
1809,Puducherry,2023,April,Sunday,1:25,Fatal,5,Cycle,Rainy,Dry,79,Not Available,Yes,Intersection,8
1810,Tamil Nadu,2022,November,Tuesday,4:4,Serious,1,Truck,Foggy,Dry,38,Expired,Yes,Bridge,0
1811,Punjab,2022,May,Friday,21:28,Fatal,1,Bus,Foggy,Wet,110,Not Available,No,Bridge,10
1812,Telangana,2018,September,Tuesday,15:13,Serious,2,Car,Foggy,Dry,119,Not Available,Yes,Straight Road,6
1813,Maharashtra,2020,January,Monday,15:32,Fatal,2,Car,Stormy,Wet,65,Not Available,No,Straight Road,5
1814,Uttarakhand,2020,January,Friday,5:14,Minor,1,Pedestrian,Hazy,Dry,95,Not Available,No,Intersection,11
1815,Punjab,2021,August,Monday,7:16,Serious,4,Bus,Foggy,Under Construction,73,Not Available,Yes,Straight Road,8
1816,Telangana,2018,September,Sunday,2:51,Minor,2,Cycle,Rainy,Wet,111,Not Available,Yes,Bridge,14
1817,Gujarat,2019,January,Monday,22:17,Minor,3,Truck,Stormy,Damaged,104,Expired,Yes,Bridge,12
1818,Andhra Pradesh,2018,May,Wednesday,2:35,Fatal,5,Auto-Rickshaw,Stormy,Under Construction,101,Valid,No,Straight Road,2
1819,West Bengal,2021,April,Thursday,22:58,Serious,2,Pedestrian,Rainy,Under Construction,94,Expired,No,Bridge,8
1820,Kerala,2023,June,Monday,7:25,Fatal,1,Car,Clear,Wet,117,Expired,Yes,Straight Road,12
1821,Uttarakhand,2021,August,Monday,13:32,Fatal,3,Truck,Hazy,Wet,104,Valid,No,Intersection,8
1822,Maharashtra,2018,February,Thursday,4:9,Minor,1,Pedestrian,Hazy,Wet,62,Not Available,Yes,Straight Road,8
1823,Karnataka,2019,July,Tuesday,5:40,Minor,5,Truck,Clear,Damaged,52,Expired,Yes,Straight Road,5
1824,Odisha,2019,February,Sunday,7:43,Serious,3,Two-Wheeler,Foggy,Under Construction,85,Expired,Yes,Intersection,8
1825,Rajasthan,2021,January,Tuesday,16:38,Fatal,3,Truck,Hazy,Wet,61,Valid,No,Curve,6
1826,Jharkhand,2023,September,Saturday,7:48,Serious,4,Bus,Clear,Damaged,44,Expired,Yes,Bridge,8
1827,Goa,2021,November,Tuesday,7:0,Fatal,3,Pedestrian,Hazy,Dry,53,Valid,No,Intersection,11
1828,Madhya Pradesh,2019,May,Sunday,17:41,Fatal,3,Pedestrian,Hazy,Under Construction,53,Valid,Yes,Bridge,6
1829,Odisha,2022,January,Sunday,9:58,Minor,3,Bus,Foggy,Dry,100,Not Available,Yes,Straight Road,5
1830,West Bengal,2018,February,Wednesday,14:56,Fatal,2,Cycle,Rainy,Wet,90,Valid,Yes,Curve,11
1831,Tamil Nadu,2021,November,Friday,1:42,Minor,5,Truck,Foggy,Damaged,39,Not Available,No,Curve,12
1832,Haryana,2018,February,Saturday,0:28,Serious,4,Car,Stormy,Dry,103,Valid,Yes,Bridge,11
1833,Punjab,2021,November,Monday,6:22,Serious,1,Cycle,Hazy,Under Construction,67,Not Available,Yes,Curve,1
1834,Andhra Pradesh,2021,August,Wednesday,6:12,Minor,1,Car,Rainy,Under Construction,48,Expired,Yes,Bridge,4
1835,Nagaland,2021,December,Monday,6:37,Minor,2,Bus,Hazy,Dry,40,Expired,Yes,Straight Road,6
1836,Gujarat,2021,September,Saturday,21:47,Fatal,1,Cycle,Stormy,Dry,109,Valid,No,Straight Road,11
1837,Delhi,2023,February,Friday,16:58,Fatal,4,Truck,Rainy,Under Construction,31,Not Available,No,Intersection,8
1838,Jammu and Kashmir,2023,December,Tuesday,6:12,Serious,3,Cycle,Foggy,Damaged,107,Valid,No,Curve,3
1839,Punjab,2019,December,Tuesday,10:39,Serious,2,Cycle,Rainy,Dry,89,Valid,Yes,Bridge,9
1840,Arunachal Pradesh,2021,April,Friday,7:7,Minor,5,Auto-Rickshaw,Stormy,Wet,53,Expired,Yes,Bridge,7
1841,Rajasthan,2019,December,Sunday,14:13,Fatal,2,Auto-Rickshaw,Hazy,Damaged,51,Expired,Yes,Curve,8
1842,West Bengal,2023,April,Monday,23:45,Serious,5,Auto-Rickshaw,Hazy,Wet,112,Valid,Yes,Curve,11
1843,Odisha,2022,November,Sunday,18:49,Serious,3,Truck,Clear,Dry,37,Not Available,No,Intersection,6
1844,Uttar Pradesh,2018,June,Monday,5:40,Fatal,4,Bus,Foggy,Wet,32,Expired,No,Intersection,1
1845,Odisha,2018,June,Tuesday,10:28,Fatal,3,Cycle,Clear,Under Construction,54,Valid,Yes,Straight Road,6
1846,Himachal Pradesh,2023,February,Friday,8:10,Serious,2,Auto-Rickshaw,Rainy,Under Construction,115,Valid,Yes,Bridge,4
1847,Puducherry,2023,August,Wednesday,18:16,Fatal,3,Cycle,Stormy,Damaged,120,Not Available,No,Intersection,5
1848,Tripura,2021,August,Sunday,14:50,Serious,3,Truck,Clear,Damaged,81,Valid,No,Bridge,5
1849,Manipur,2022,May,Friday,3:41,Fatal,1,Pedestrian,Foggy,Damaged,49,Not Available,Yes,Bridge,14
1850,Odisha,2018,October,Friday,18:58,Minor,3,Auto-Rickshaw,Stormy,Under Construction,83,Not Available,No,Bridge,10
1851,Jammu and Kashmir,2021,July,Saturday,17:21,Fatal,2,Pedestrian,Hazy,Wet,51,Valid,No,Straight Road,4
1852,Himachal Pradesh,2023,August,Thursday,15:14,Serious,2,Cycle,Rainy,Dry,96,Valid,No,Curve,13
1853,Uttar Pradesh,2018,November,Thursday,3:28,Minor,4,Two-Wheeler,Rainy,Dry,60,Not Available,Yes,Curve,12
1854,Telangana,2018,October,Sunday,4:55,Minor,3,Two-Wheeler,Foggy,Wet,106,Expired,No,Intersection,10
1855,Tripura,2022,October,Saturday,22:25,Minor,3,Car,Stormy,Dry,105,Expired,Yes,Intersection,14
1856,Goa,2023,August,Wednesday,19:24,Fatal,5,Car,Clear,Wet,84,Expired,Yes,Straight Road,5
1857,Karnataka,2021,October,Saturday,11:32,Minor,3,Car,Foggy,Wet,57,Expired,Yes,Straight Road,4
1858,Arunachal Pradesh,2022,May,Monday,19:2,Minor,5,Auto-Rickshaw,Clear,Wet,103,Expired,No,Straight Road,12
1859,Jammu and Kashmir,2023,August,Sunday,23:23,Fatal,3,Pedestrian,Stormy,Wet,70,Not Available,Yes,Straight Road,6
1860,Andhra Pradesh,2021,November,Friday,13:45,Serious,4,Auto-Rickshaw,Hazy,Wet,71,Valid,Yes,Curve,14
1861,Gujarat,2021,October,Thursday,18:39,Fatal,3,Bus,Foggy,Dry,57,Expired,Yes,Curve,2
1862,Maharashtra,2019,January,Friday,14:28,Minor,3,Car,Rainy,Wet,39,Expired,No,Intersection,4
1863,Madhya Pradesh,2023,October,Thursday,5:8,Minor,5,Pedestrian,Stormy,Damaged,103,Not Available,No,Bridge,4
1864,Delhi,2023,March,Saturday,18:23,Minor,3,Bus,Clear,Under Construction,96,Not Available,Yes,Intersection,3
1865,Telangana,2022,February,Saturday,17:29,Fatal,5,Bus,Rainy,Under Construction,67,Not Available,Yes,Curve,13
1866,Tripura,2020,February,Tuesday,21:53,Fatal,2,Bus,Clear,Dry,118,Not Available,Yes,Straight Road,10
1867,Gujarat,2021,April,Thursday,6:45,Minor,5,Truck,Hazy,Wet,69,Not Available,Yes,Curve,12
1868,Rajasthan,2018,March,Thursday,11:55,Minor,3,Truck,Clear,Dry,58,Not Available,Yes,Intersection,9
1869,Odisha,2018,August,Friday,3:41,Serious,1,Pedestrian,Foggy,Under Construction,91,Expired,No,Bridge,1
1870,Assam,2020,February,Monday,7:43,Serious,4,Two-Wheeler,Foggy,Wet,81,Expired,No,Straight Road,15
1871,Chandigarh,2023,February,Sunday,0:50,Fatal,2,Bus,Rainy,Under Construction,69,Not Available,Yes,Bridge,13
1872,Tamil Nadu,2021,December,Friday,23:18,Serious,2,Cycle,Hazy,Under Construction,59,Not Available,Yes,Intersection,3
1873,Mizoram,2022,January,Monday,11:17,Serious,4,Car,Clear,Dry,87,Not Available,No,Curve,8
1874,Uttarakhand,2023,August,Tuesday,18:40,Minor,2,Pedestrian,Hazy,Wet,31,Valid,No,Bridge,7
1875,Madhya Pradesh,2021,May,Monday,23:56,Fatal,3,Cycle,Rainy,Wet,104,Expired,Yes,Bridge,14
1876,Jharkhand,2023,September,Saturday,5:14,Fatal,2,Bus,Rainy,Wet,75,Expired,No,Straight Road,5
1877,Meghalaya,2023,February,Wednesday,3:23,Serious,3,Bus,Clear,Dry,49,Not Available,Yes,Curve,6
1878,Manipur,2021,July,Tuesday,16:37,Minor,1,Cycle,Stormy,Wet,101,Valid,Yes,Straight Road,12
1879,Himachal Pradesh,2023,September,Sunday,19:16,Minor,2,Truck,Rainy,Under Construction,86,Expired,Yes,Straight Road,14
1880,Uttarakhand,2019,February,Saturday,3:49,Minor,5,Two-Wheeler,Foggy,Damaged,60,Expired,Yes,Bridge,6
1881,Kerala,2021,May,Wednesday,1:25,Serious,5,Truck,Foggy,Wet,79,Not Available,Yes,Straight Road,11
1882,Puducherry,2019,March,Thursday,22:44,Fatal,5,Cycle,Clear,Dry,65,Not Available,Yes,Intersection,11
1883,Puducherry,2018,April,Friday,15:35,Fatal,1,Bus,Rainy,Damaged,58,Not Available,Yes,Bridge,2
1884,Maharashtra,2020,June,Sunday,12:28,Fatal,4,Car,Clear,Damaged,87,Valid,Yes,Bridge,5
1885,Bihar,2020,November,Monday,20:49,Fatal,2,Bus,Foggy,Damaged,106,Expired,Yes,Bridge,5
1886,Delhi,2022,August,Tuesday,11:9,Minor,2,Car,Hazy,Wet,60,Not Available,No,Curve,10
1887,Odisha,2018,December,Thursday,22:33,Minor,1,Bus,Stormy,Wet,51,Valid,No,Curve,10
1888,West Bengal,2018,April,Wednesday,20:59,Serious,4,Cycle,Foggy,Damaged,37,Expired,No,Curve,11
1889,Madhya Pradesh,2023,January,Thursday,23:47,Serious,2,Pedestrian,Foggy,Under Construction,35,Valid,Yes,Intersection,15
1890,Sikkim,2022,June,Monday,10:49,Serious,2,Cycle,Clear,Wet,72,Not Available,Yes,Bridge,10
1891,Puducherry,2022,June,Saturday,23:43,Minor,5,Auto-Rickshaw,Clear,Dry,78,Valid,No,Straight Road,2
1892,Uttar Pradesh,2021,April,Wednesday,9:47,Fatal,3,Pedestrian,Stormy,Under Construction,54,Not Available,Yes,Intersection,5
1893,Uttar Pradesh,2022,May,Thursday,3:50,Serious,5,Truck,Foggy,Wet,98,Valid,No,Bridge,12
1894,Sikkim,2018,June,Wednesday,16:31,Minor,3,Bus,Stormy,Damaged,87,Expired,Yes,Straight Road,5
1895,Andhra Pradesh,2018,April,Monday,20:13,Minor,2,Auto-Rickshaw,Foggy,Dry,92,Valid,Yes,Bridge,2
1896,Rajasthan,2018,February,Monday,7:1,Serious,1,Pedestrian,Hazy,Under Construction,73,Expired,Yes,Curve,9
1897,Andhra Pradesh,2021,January,Tuesday,3:21,Minor,1,Two-Wheeler,Stormy,Under Construction,46,Valid,No,Straight Road,11
1898,Karnataka,2018,March,Sunday,3:39,Serious,2,Car,Foggy,Wet,118,Not Available,Yes,Intersection,8
1899,Haryana,2023,November,Friday,6:15,Minor,4,Bus,Stormy,Wet,64,Expired,No,Curve,5
1900,Uttar Pradesh,2021,August,Wednesday,9:3,Minor,3,Cycle,Clear,Dry,101,Valid,No,Bridge,3
1901,Haryana,2018,October,Monday,23:1,Minor,1,Car,Rainy,Damaged,120,Not Available,No,Intersection,10
1902,Bihar,2023,October,Saturday,23:39,Serious,3,Two-Wheeler,Clear,Wet,83,Not Available,Yes,Curve,6
1903,Haryana,2019,October,Monday,20:38,Serious,4,Cycle,Stormy,Dry,31,Expired,Yes,Straight Road,1
1904,Assam,2019,March,Friday,14:15,Serious,4,Cycle,Clear,Wet,107,Valid,No,Intersection,14
1905,Assam,2022,May,Tuesday,1:19,Minor,1,Truck,Stormy,Under Construction,54,Valid,No,Intersection,5
1906,Odisha,2020,October,Thursday,3:13,Minor,5,Bus,Foggy,Under Construction,76,Not Available,Yes,Straight Road,0
1907,Chandigarh,2020,January,Monday,12:52,Minor,5,Auto-Rickshaw,Stormy,Damaged,100,Valid,No,Intersection,11
1908,Maharashtra,2021,September,Tuesday,20:6,Serious,3,Bus,Clear,Dry,52,Valid,Yes,Intersection,14
1909,Uttar Pradesh,2023,September,Friday,20:13,Fatal,5,Pedestrian,Rainy,Dry,81,Not Available,No,Bridge,6
1910,Manipur,2023,April,Thursday,4:3,Minor,3,Car,Stormy,Dry,63,Valid,No,Straight Road,3
1911,Karnataka,2022,December,Tuesday,8:14,Minor,1,Truck,Clear,Dry,109,Expired,No,Curve,5
1912,Haryana,2022,October,Monday,1:4,Serious,2,Truck,Stormy,Dry,114,Expired,No,Curve,4
1913,Nagaland,2023,October,Thursday,7:37,Fatal,1,Auto-Rickshaw,Foggy,Dry,84,Not Available,No,Intersection,11
1914,Goa,2022,January,Saturday,16:5,Fatal,3,Auto-Rickshaw,Foggy,Wet,98,Expired,No,Intersection,13
1915,Uttarakhand,2019,February,Sunday,18:6,Serious,1,Car,Rainy,Under Construction,44,Expired,No,Straight Road,11
1916,Manipur,2019,December,Wednesday,18:24,Minor,4,Car,Foggy,Wet,59,Valid,No,Straight Road,11
1917,Haryana,2020,January,Wednesday,22:36,Fatal,3,Cycle,Hazy,Under Construction,32,Expired,Yes,Bridge,9
1918,Jammu and Kashmir,2022,November,Saturday,14:16,Fatal,1,Cycle,Hazy,Wet,31,Expired,No,Bridge,7
1919,Mizoram,2023,April,Sunday,0:59,Fatal,3,Auto-Rickshaw,Clear,Damaged,65,Expired,Yes,Curve,8
1920,Manipur,2020,April,Monday,16:38,Fatal,2,Two-Wheeler,Clear,Dry,93,Not Available,No,Bridge,9
1921,Andhra Pradesh,2018,November,Monday,9:44,Fatal,1,Pedestrian,Hazy,Damaged,98,Expired,No,Straight Road,4
1922,Andhra Pradesh,2022,December,Friday,6:30,Serious,2,Bus,Rainy,Dry,59,Expired,No,Curve,12
1923,Andhra Pradesh,2019,October,Monday,12:47,Minor,4,Truck,Stormy,Wet,112,Not Available,No,Curve,5
1924,Delhi,2021,July,Friday,6:50,Serious,1,Truck,Hazy,Wet,92,Expired,No,Curve,0
1925,Tamil Nadu,2021,December,Monday,0:51,Serious,1,Truck,Rainy,Damaged,30,Not Available,Yes,Straight Road,13
1926,Bihar,2022,January,Saturday,7:6,Fatal,1,Auto-Rickshaw,Foggy,Damaged,32,Expired,No,Curve,10
1927,Kerala,2020,December,Sunday,14:53,Fatal,1,Bus,Hazy,Damaged,96,Expired,No,Curve,7
1928,Delhi,2022,January,Wednesday,11:58,Fatal,5,Two-Wheeler,Hazy,Wet,84,Not Available,No,Curve,5
1929,Rajasthan,2021,June,Sunday,12:23,Minor,1,Auto-Rickshaw,Clear,Under Construction,80,Expired,Yes,Intersection,3
1930,Odisha,2022,March,Wednesday,0:15,Minor,2,Bus,Rainy,Damaged,37,Not Available,No,Bridge,13
1931,Maharashtra,2021,July,Saturday,11:39,Minor,2,Cycle,Clear,Under Construction,101,Valid,Yes,Straight Road,4
1932,Karnataka,2023,March,Tuesday,14:7,Fatal,3,Car,Hazy,Under Construction,42,Expired,Yes,Curve,4
1933,Meghalaya,2020,April,Wednesday,1:38,Minor,5,Cycle,Stormy,Dry,49,Expired,Yes,Intersection,7
1934,Madhya Pradesh,2021,August,Tuesday,7:36,Minor,5,Cycle,Foggy,Damaged,105,Not Available,Yes,Intersection,8
1935,Nagaland,2021,April,Tuesday,21:37,Fatal,1,Bus,Clear,Damaged,39,Valid,Yes,Intersection,14
1936,Andhra Pradesh,2019,February,Saturday,3:59,Serious,5,Two-Wheeler,Stormy,Dry,77,Not Available,No,Intersection,11
1937,Karnataka,2022,November,Tuesday,0:30,Minor,1,Bus,Hazy,Damaged,31,Valid,Yes,Straight Road,4
1938,Manipur,2022,April,Sunday,12:56,Minor,1,Truck,Hazy,Dry,61,Valid,Yes,Curve,8
1939,Odisha,2022,January,Thursday,7:51,Fatal,5,Two-Wheeler,Hazy,Damaged,50,Expired,No,Intersection,12
1940,Delhi,2019,June,Friday,8:27,Minor,2,Car,Clear,Damaged,108,Valid,No,Straight Road,5
1941,Puducherry,2020,December,Sunday,19:38,Serious,4,Car,Stormy,Wet,85,Valid,No,Intersection,4
1942,Mizoram,2019,March,Monday,8:13,Fatal,5,Truck,Rainy,Under Construction,39,Expired,No,Intersection,2
1943,Odisha,2023,March,Tuesday,14:28,Minor,4,Truck,Hazy,Dry,34,Valid,Yes,Bridge,6
1944,Arunachal Pradesh,2021,February,Thursday,21:5,Serious,1,Two-Wheeler,Clear,Wet,75,Not Available,Yes,Straight Road,3
1945,Chhattisgarh,2021,May,Saturday,17:7,Fatal,2,Two-Wheeler,Foggy,Wet,40,Expired,Yes,Intersection,6
1946,Jammu and Kashmir,2019,October,Thursday,14:47,Serious,3,Pedestrian,Clear,Wet,96,Valid,No,Straight Road,3
1947,Tripura,2021,March,Wednesday,21:42,Serious,1,Pedestrian,Clear,Damaged,107,Not Available,No,Bridge,4
1948,Delhi,2021,February,Thursday,18:19,Minor,2,Two-Wheeler,Clear,Wet,72,Not Available,No,Intersection,7
1949,West Bengal,2023,May,Tuesday,1:56,Fatal,3,Car,Foggy,Damaged,94,Not Available,No,Bridge,13
1950,Kerala,2019,April,Thursday,22:28,Minor,3,Truck,Rainy,Damaged,35,Not Available,Yes,Curve,3
1951,Uttarakhand,2020,December,Friday,8:50,Fatal,3,Pedestrian,Foggy,Wet,61,Valid,No,Intersection,12
1952,Punjab,2018,August,Tuesday,7:41,Serious,4,Pedestrian,Foggy,Damaged,30,Expired,Yes,Intersection,3
1953,Telangana,2021,November,Tuesday,21:7,Fatal,5,Bus,Foggy,Wet,45,Not Available,Yes,Intersection,14
1954,Tamil Nadu,2020,March,Thursday,11:18,Minor,2,Truck,Hazy,Damaged,115,Valid,No,Curve,5
1955,Tripura,2023,January,Saturday,19:52,Fatal,5,Cycle,Hazy,Dry,35,Valid,No,Straight Road,15
1956,Punjab,2019,May,Saturday,11:21,Fatal,4,Two-Wheeler,Hazy,Damaged,66,Expired,No,Bridge,8
1957,Manipur,2018,December,Sunday,17:19,Minor,5,Bus,Hazy,Wet,34,Valid,No,Intersection,4
1958,Puducherry,2019,May,Monday,19:1,Serious,3,Auto-Rickshaw,Foggy,Damaged,99,Expired,Yes,Curve,8
1959,West Bengal,2023,January,Tuesday,1:53,Serious,4,Truck,Hazy,Dry,73,Valid,Yes,Bridge,5
1960,Jharkhand,2023,March,Saturday,7:47,Fatal,5,Pedestrian,Foggy,Under Construction,59,Not Available,No,Curve,9
1961,Chandigarh,2021,February,Wednesday,21:34,Fatal,4,Pedestrian,Clear,Damaged,46,Valid,Yes,Intersection,4
1962,Chhattisgarh,2018,December,Friday,23:26,Fatal,5,Bus,Clear,Damaged,85,Not Available,Yes,Curve,12
1963,Manipur,2020,October,Wednesday,4:1,Minor,3,Car,Stormy,Under Construction,98,Valid,Yes,Bridge,1
1964,Tripura,2023,July,Saturday,7:12,Fatal,1,Truck,Rainy,Dry,34,Expired,Yes,Straight Road,5
1965,Meghalaya,2021,June,Wednesday,17:22,Serious,1,Pedestrian,Rainy,Dry,79,Expired,Yes,Curve,5
1966,Haryana,2020,August,Sunday,15:30,Minor,1,Auto-Rickshaw,Clear,Damaged,70,Valid,Yes,Intersection,6
1967,Punjab,2018,December,Saturday,21:33,Fatal,5,Bus,Stormy,Under Construction,112,Expired,No,Curve,1
1968,Meghalaya,2020,December,Thursday,23:40,Fatal,5,Cycle,Stormy,Dry,103,Valid,No,Curve,9
1969,Goa,2021,June,Monday,1:18,Minor,1,Car,Hazy,Wet,41,Expired,Yes,Curve,9
1970,Goa,2023,March,Wednesday,22:59,Minor,4,Two-Wheeler,Rainy,Wet,63,Expired,Yes,Intersection,5
1971,Tamil Nadu,2022,November,Friday,19:19,Serious,3,Auto-Rickshaw,Foggy,Dry,61,Valid,No,Bridge,1
1972,Puducherry,2021,October,Wednesday,22:23,Minor,2,Truck,Clear,Wet,93,Not Available,Yes,Curve,2
1973,Telangana,2019,January,Monday,14:47,Minor,3,Cycle,Foggy,Damaged,117,Not Available,No,Curve,2
1974,Meghalaya,2019,June,Monday,18:8,Minor,2,Truck,Hazy,Dry,33,Expired,No,Intersection,6
1975,Uttar Pradesh,2020,August,Friday,5:52,Serious,3,Auto-Rickshaw,Stormy,Wet,97,Valid,No,Bridge,13
1976,Uttarakhand,2019,June,Wednesday,21:12,Minor,5,Auto-Rickshaw,Stormy,Under Construction,115,Valid,Yes,Curve,5
1977,Jammu and Kashmir,2019,January,Tuesday,18:58,Serious,5,Pedestrian,Rainy,Wet,70,Valid,No,Curve,6
1978,Goa,2018,February,Tuesday,7:25,Minor,3,Truck,Clear,Under Construction,65,Valid,No,Curve,7
1979,Puducherry,2022,April,Thursday,16:24,Minor,3,Car,Rainy,Under Construction,99,Expired,No,Intersection,13
1980,Sikkim,2022,May,Monday,15:38,Minor,5,Bus,Hazy,Damaged,102,Expired,No,Curve,5
1981,Uttar Pradesh,2019,July,Monday,7:5,Serious,5,Car,Clear,Damaged,44,Not Available,Yes,Curve,12
1982,Uttarakhand,2022,June,Sunday,15:11,Minor,1,Truck,Rainy,Damaged,42,Valid,No,Intersection,1
1983,Uttarakhand,2018,March,Sunday,19:29,Serious,2,Car,Foggy,Damaged,86,Valid,Yes,Bridge,7
1984,Sikkim,2022,February,Thursday,1:15,Serious,4,Pedestrian,Rainy,Wet,34,Not Available,No,Intersection,7
1985,Uttar Pradesh,2022,November,Friday,12:8,Fatal,2,Truck,Clear,Damaged,73,Expired,Yes,Curve,8
1986,Madhya Pradesh,2022,August,Sunday,1:6,Fatal,3,Truck,Rainy,Wet,114,Expired,No,Bridge,13
1987,Telangana,2023,January,Monday,7:41,Minor,1,Car,Hazy,Dry,75,Not Available,No,Intersection,2
1988,Meghalaya,2021,September,Friday,9:1,Serious,2,Truck,Stormy,Dry,35,Not Available,No,Bridge,13
1989,Tripura,2018,September,Wednesday,5:5,Minor,2,Two-Wheeler,Clear,Under Construction,56,Not Available,Yes,Straight Road,9
1990,Puducherry,2018,July,Monday,15:17,Minor,4,Cycle,Hazy,Dry,70,Not Available,Yes,Curve,6
1991,Maharashtra,2021,January,Friday,12:58,Minor,1,Pedestrian,Hazy,Wet,91,Not Available,Yes,Curve,8
1992,Tamil Nadu,2023,January,Monday,9:47,Fatal,5,Car,Clear,Under Construction,44,Expired,No,Intersection,12
1993,Chandigarh,2021,March,Friday,9:14,Serious,3,Two-Wheeler,Foggy,Dry,106,Expired,No,Intersection,9
1994,Andhra Pradesh,2020,June,Monday,23:39,Fatal,2,Pedestrian,Foggy,Under Construction,50,Valid,No,Curve,2
1995,Chhattisgarh,2020,August,Sunday,4:2,Serious,4,Bus,Foggy,Dry,74,Valid,Yes,Intersection,10
1996,Mizoram,2019,January,Saturday,5:6,Serious,3,Cycle,Rainy,Dry,109,Valid,Yes,Bridge,13
1997,Madhya Pradesh,2018,June,Thursday,14:58,Minor,5,Auto-Rickshaw,Foggy,Under Construction,97,Valid,No,Straight Road,11
1998,Himachal Pradesh,2019,February,Friday,18:24,Serious,2,Car,Hazy,Under Construction,49,Valid,Yes,Intersection,14
1999,Bihar,2018,July,Wednesday,12:55,Serious,5,Car,Foggy,Wet,55,Valid,Yes,Straight Road,6
2000,Tripura,2023,June,Saturday,2:50,Serious,1,Pedestrian,Rainy,Under Construction,89,Expired,No,Straight Road,11
2001,Gujarat,2018,July,Tuesday,5:17,Minor,2,Cycle,Stormy,Damaged,78,Not Available,Yes,Straight Road,12
2002,West Bengal,2020,November,Thursday,6:19,Minor,1,Pedestrian,Stormy,Wet,32,Not Available,No,Bridge,2
2003,Andhra Pradesh,2020,April,Saturday,11:30,Fatal,5,Bus,Rainy,Wet,101,Valid,Yes,Bridge,9
2004,Arunachal Pradesh,2020,July,Wednesday,22:14,Minor,5,Two-Wheeler,Hazy,Dry,35,Valid,No,Curve,7
2005,Madhya Pradesh,2020,April,Sunday,2:22,Serious,5,Cycle,Hazy,Under Construction,58,Valid,No,Bridge,14
2006,Andhra Pradesh,2023,September,Tuesday,20:7,Fatal,3,Car,Stormy,Wet,91,Expired,No,Bridge,3
2007,Tamil Nadu,2020,November,Monday,6:58,Fatal,4,Cycle,Foggy,Damaged,114,Not Available,Yes,Curve,10
2008,Nagaland,2023,December,Saturday,14:42,Minor,3,Pedestrian,Foggy,Under Construction,74,Valid,Yes,Intersection,6
2009,Bihar,2018,July,Friday,8:1,Minor,4,Car,Hazy,Wet,34,Not Available,No,Intersection,6
2010,Jharkhand,2022,July,Wednesday,2:3,Serious,4,Auto-Rickshaw,Rainy,Damaged,87,Expired,No,Curve,13
2011,Tripura,2019,October,Friday,17:38,Serious,4,Truck,Foggy,Damaged,51,Not Available,No,Bridge,10
2012,Rajasthan,2018,January,Saturday,9:34,Minor,1,Auto-Rickshaw,Clear,Under Construction,94,Not Available,No,Bridge,5
2013,Tripura,2020,April,Monday,0:36,Serious,1,Pedestrian,Rainy,Wet,85,Not Available,No,Straight Road,3
2014,Mizoram,2023,December,Saturday,1:53,Serious,3,Two-Wheeler,Rainy,Under Construction,53,Valid,Yes,Intersection,5
2015,Jammu and Kashmir,2018,March,Monday,7:46,Minor,3,Pedestrian,Foggy,Dry,57,Expired,No,Intersection,10
2016,Haryana,2021,September,Tuesday,19:9,Fatal,4,Truck,Hazy,Under Construction,104,Expired,No,Straight Road,12
2017,Jammu and Kashmir,2022,July,Wednesday,4:35,Serious,3,Bus,Hazy,Damaged,93,Expired,Yes,Curve,2
2018,Uttar Pradesh,2021,December,Thursday,6:25,Fatal,3,Pedestrian,Foggy,Wet,51,Expired,Yes,Straight Road,9
2019,Arunachal Pradesh,2022,November,Wednesday,14:43,Serious,2,Truck,Rainy,Under Construction,76,Not Available,No,Bridge,9
2020,Uttarakhand,2018,December,Monday,16:47,Minor,2,Auto-Rickshaw,Rainy,Dry,90,Expired,No,Curve,11
2021,Chhattisgarh,2022,July,Thursday,0:49,Fatal,1,Bus,Clear,Under Construction,33,Not Available,No,Curve,13
2022,Bihar,2019,October,Thursday,18:48,Serious,2,Auto-Rickshaw,Hazy,Damaged,42,Not Available,Yes,Curve,12
2023,Manipur,2020,November,Wednesday,2:53,Fatal,1,Two-Wheeler,Stormy,Wet,33,Not Available,No,Straight Road,13
2024,Chandigarh,2021,January,Thursday,6:37,Fatal,3,Truck,Rainy,Under Construction,117,Expired,Yes,Curve,7
2025,Andhra Pradesh,2019,October,Thursday,6:21,Fatal,1,Pedestrian,Hazy,Dry,53,Expired,No,Curve,0
2026,Haryana,2021,March,Tuesday,14:20,Minor,3,Truck,Stormy,Dry,84,Valid,No,Curve,7
2027,Manipur,2022,January,Tuesday,10:5,Fatal,5,Auto-Rickshaw,Hazy,Dry,78,Valid,Yes,Intersection,8
2028,Manipur,2020,August,Sunday,2:36,Serious,3,Cycle,Foggy,Dry,64,Valid,No,Curve,6
2029,Tamil Nadu,2019,May,Friday,6:32,Serious,5,Bus,Stormy,Damaged,55,Expired,No,Straight Road,13
2030,Tamil Nadu,2018,March,Sunday,10:54,Serious,3,Car,Clear,Dry,120,Valid,No,Bridge,8
2031,Odisha,2021,January,Tuesday,5:21,Serious,5,Bus,Hazy,Wet,101,Not Available,Yes,Curve,7
2032,Chhattisgarh,2020,December,Tuesday,6:33,Serious,2,Truck,Rainy,Wet,80,Not Available,Yes,Curve,10
2033,Kerala,2022,August,Thursday,23:34,Fatal,5,Bus,Rainy,Wet,53,Valid,Yes,Straight Road,5
2034,Madhya Pradesh,2021,June,Wednesday,22:30,Fatal,4,Auto-Rickshaw,Clear,Under Construction,33,Valid,Yes,Straight Road,6
2035,Chhattisgarh,2018,January,Sunday,8:45,Fatal,3,Bus,Stormy,Damaged,108,Not Available,Yes,Intersection,8
2036,Chhattisgarh,2023,July,Thursday,11:29,Fatal,4,Auto-Rickshaw,Clear,Wet,55,Not Available,Yes,Curve,5
2037,Chhattisgarh,2021,July,Friday,0:17,Minor,5,Pedestrian,Foggy,Damaged,76,Expired,No,Straight Road,10
2038,Tripura,2021,September,Thursday,14:12,Fatal,1,Cycle,Stormy,Wet,70,Not Available,Yes,Curve,6
2039,Delhi,2022,June,Sunday,5:0,Serious,3,Auto-Rickshaw,Clear,Wet,46,Not Available,No,Intersection,13
2040,Himachal Pradesh,2023,October,Sunday,5:31,Fatal,4,Cycle,Clear,Under Construction,42,Expired,Yes,Intersection,8
2041,Uttarakhand,2022,October,Sunday,14:59,Fatal,3,Cycle,Clear,Damaged,52,Not Available,No,Curve,4
2042,Delhi,2021,February,Friday,9:33,Serious,4,Cycle,Stormy,Wet,36,Valid,Yes,Curve,8
2043,Punjab,2023,June,Monday,10:40,Serious,4,Truck,Rainy,Dry,60,Valid,No,Curve,9
2044,Mizoram,2020,July,Thursday,12:43,Minor,3,Auto-Rickshaw,Foggy,Damaged,41,Valid,Yes,Straight Road,2
2045,Andhra Pradesh,2018,December,Thursday,18:18,Serious,5,Cycle,Stormy,Damaged,58,Expired,No,Curve,5
2046,Chhattisgarh,2020,January,Wednesday,7:24,Minor,5,Two-Wheeler,Clear,Under Construction,98,Valid,No,Intersection,3
2047,Nagaland,2022,July,Thursday,8:45,Serious,1,Car,Foggy,Wet,93,Expired,No,Intersection,4
2048,Sikkim,2021,March,Wednesday,0:5,Minor,4,Pedestrian,Clear,Damaged,87,Expired,No,Intersection,12
2049,Uttarakhand,2023,April,Thursday,4:30,Minor,4,Auto-Rickshaw,Rainy,Wet,117,Valid,Yes,Curve,7
2050,Bihar,2021,August,Sunday,9:25,Minor,4,Cycle,Clear,Wet,113,Expired,No,Intersection,8
2051,Goa,2018,February,Thursday,23:59,Minor,5,Truck,Rainy,Damaged,116,Valid,No,Intersection,7
2052,Assam,2023,October,Sunday,14:3,Serious,1,Bus,Clear,Dry,41,Valid,No,Intersection,3
2053,Madhya Pradesh,2019,September,Monday,20:41,Fatal,2,Pedestrian,Hazy,Wet,42,Not Available,No,Straight Road,7
2054,Jharkhand,2019,October,Wednesday,22:16,Minor,1,Cycle,Rainy,Under Construction,74,Expired,No,Curve,11
2055,Mizoram,2022,August,Monday,19:57,Fatal,3,Auto-Rickshaw,Clear,Under Construction,37,Expired,Yes,Bridge,8
2056,Rajasthan,2022,June,Thursday,7:52,Minor,5,Bus,Clear,Wet,112,Expired,Yes,Straight Road,13
2057,Nagaland,2023,July,Monday,2:39,Fatal,2,Car,Foggy,Wet,116,Not Available,No,Bridge,1
2058,Nagaland,2020,October,Wednesday,6:32,Minor,2,Auto-Rickshaw,Hazy,Under Construction,90,Not Available,Yes,Bridge,1
2059,Nagaland,2022,December,Tuesday,5:43,Serious,3,Auto-Rickshaw,Foggy,Wet,76,Not Available,No,Curve,2
2060,Gujarat,2022,February,Tuesday,18:52,Serious,1,Bus,Rainy,Damaged,97,Not Available,No,Bridge,14
2061,Andhra Pradesh,2021,May,Saturday,22:24,Minor,2,Two-Wheeler,Stormy,Wet,102,Not Available,No,Intersection,5
2062,Arunachal Pradesh,2020,May,Thursday,17:29,Fatal,1,Auto-Rickshaw,Foggy,Dry,108,Valid,No,Bridge,4
2063,Rajasthan,2020,January,Thursday,8:27,Serious,2,Two-Wheeler,Rainy,Under Construction,67,Expired,Yes,Straight Road,5
2064,Chhattisgarh,2018,March,Monday,21:10,Minor,2,Two-Wheeler,Stormy,Damaged,72,Valid,Yes,Curve,3
2065,Karnataka,2020,September,Monday,15:31,Fatal,2,Auto-Rickshaw,Foggy,Under Construction,94,Not Available,No,Straight Road,12
2066,Assam,2018,October,Saturday,2:38,Fatal,5,Bus,Rainy,Under Construction,56,Valid,Yes,Bridge,4
2067,Himachal Pradesh,2019,September,Monday,22:11,Serious,5,Auto-Rickshaw,Foggy,Wet,45,Not Available,Yes,Straight Road,6
2068,Odisha,2019,August,Saturday,16:58,Serious,4,Car,Hazy,Dry,57,Expired,No,Bridge,4
2069,Madhya Pradesh,2020,January,Sunday,8:5,Minor,4,Two-Wheeler,Clear,Damaged,100,Valid,No,Curve,11
2070,Nagaland,2022,November,Monday,11:58,Serious,3,Auto-Rickshaw,Stormy,Under Construction,36,Expired,Yes,Straight Road,5
2071,Haryana,2023,November,Monday,6:32,Minor,3,Pedestrian,Foggy,Wet,106,Valid,No,Bridge,5
2072,Tamil Nadu,2022,November,Thursday,10:22,Serious,5,Pedestrian,Stormy,Dry,74,Expired,No,Bridge,6
2073,Nagaland,2020,August,Saturday,7:53,Minor,5,Bus,Rainy,Under Construction,35,Valid,Yes,Intersection,10
2074,Bihar,2023,May,Sunday,12:26,Minor,4,Pedestrian,Hazy,Damaged,63,Not Available,Yes,Intersection,11
2075,Delhi,2019,June,Monday,12:29,Fatal,2,Auto-Rickshaw,Rainy,Under Construction,63,Valid,No,Bridge,5
2076,Sikkim,2019,September,Monday,7:5,Minor,5,Pedestrian,Hazy,Damaged,80,Not Available,Yes,Intersection,3
2077,Delhi,2020,November,Thursday,22:27,Serious,4,Car,Foggy,Damaged,35,Not Available,Yes,Intersection,3
2078,Gujarat,2022,August,Sunday,13:32,Serious,1,Truck,Rainy,Wet,83,Expired,Yes,Bridge,11
2079,Kerala,2022,March,Thursday,4:53,Fatal,3,Two-Wheeler,Clear,Damaged,46,Expired,Yes,Intersection,13
2080,Assam,2023,April,Sunday,4:58,Serious,2,Auto-Rickshaw,Rainy,Damaged,104,Expired,Yes,Straight Road,10
2081,Mizoram,2022,October,Saturday,19:23,Serious,4,Cycle,Hazy,Under Construction,47,Not Available,No,Straight Road,3
2082,Manipur,2020,June,Friday,15:56,Serious,4,Pedestrian,Foggy,Wet,42,Not Available,No,Straight Road,8
2083,Uttarakhand,2019,December,Thursday,8:29,Fatal,3,Car,Stormy,Dry,73,Expired,Yes,Intersection,13
2084,Mizoram,2018,November,Friday,4:30,Minor,4,Bus,Clear,Wet,108,Valid,No,Bridge,12
2085,Himachal Pradesh,2020,March,Saturday,13:59,Minor,3,Two-Wheeler,Hazy,Damaged,63,Expired,Yes,Intersection,7
2086,Uttarakhand,2021,April,Saturday,15:14,Minor,2,Truck,Stormy,Wet,39,Valid,Yes,Curve,7
2087,Jammu and Kashmir,2021,December,Thursday,8:42,Serious,1,Cycle,Clear,Wet,100,Valid,Yes,Bridge,2
2088,Goa,2018,February,Monday,15:33,Fatal,1,Bus,Stormy,Under Construction,53,Not Available,No,Straight Road,11
2089,Arunachal Pradesh,2022,July,Friday,13:30,Fatal,2,Cycle,Stormy,Damaged,90,Not Available,Yes,Bridge,2
2090,Karnataka,2023,July,Thursday,10:57,Minor,5,Auto-Rickshaw,Hazy,Under Construction,91,Expired,No,Bridge,12
2091,Haryana,2019,October,Wednesday,18:54,Serious,2,Two-Wheeler,Foggy,Under Construction,67,Not Available,No,Intersection,10
2092,Kerala,2021,December,Tuesday,17:1,Serious,1,Bus,Foggy,Damaged,46,Not Available,No,Straight Road,10
2093,Manipur,2018,April,Monday,12:17,Serious,1,Pedestrian,Foggy,Damaged,90,Expired,No,Intersection,10
2094,Rajasthan,2022,October,Saturday,17:22,Serious,4,Truck,Hazy,Dry,99,Not Available,No,Intersection,12
2095,Tamil Nadu,2023,November,Sunday,11:39,Minor,5,Auto-Rickshaw,Rainy,Dry,32,Not Available,No,Bridge,7
2096,Delhi,2021,February,Monday,13:20,Serious,2,Truck,Clear,Wet,72,Expired,No,Curve,3
2097,Odisha,2021,September,Tuesday,18:17,Fatal,2,Cycle,Stormy,Dry,60,Valid,Yes,Bridge,4
2098,Jammu and Kashmir,2023,June,Friday,13:17,Fatal,2,Cycle,Rainy,Under Construction,61,Expired,Yes,Intersection,9
2099,Sikkim,2022,February,Thursday,9:7,Minor,4,Car,Stormy,Under Construction,38,Not Available,No,Intersection,6
2100,Himachal Pradesh,2021,April,Thursday,20:0,Serious,1,Truck,Hazy,Dry,79,Expired,Yes,Bridge,7
2101,Maharashtra,2020,October,Thursday,8:28,Fatal,3,Truck,Rainy,Dry,63,Expired,No,Intersection,4
2102,Assam,2021,July,Thursday,19:12,Minor,1,Auto-Rickshaw,Rainy,Damaged,45,Valid,Yes,Intersection,9
2103,Madhya Pradesh,2023,November,Wednesday,3:54,Minor,4,Pedestrian,Hazy,Damaged,107,Valid,Yes,Curve,6
2104,Chhattisgarh,2023,September,Sunday,11:27,Fatal,4,Cycle,Rainy,Wet,77,Valid,No,Bridge,1
2105,Puducherry,2022,December,Monday,15:40,Minor,1,Auto-Rickshaw,Foggy,Dry,75,Not Available,Yes,Intersection,4
2106,Chandigarh,2023,May,Tuesday,16:59,Minor,4,Two-Wheeler,Clear,Dry,44,Valid,Yes,Bridge,7
2107,Arunachal Pradesh,2022,August,Tuesday,2:47,Minor,4,Truck,Foggy,Wet,103,Valid,Yes,Curve,3
2108,Uttarakhand,2020,December,Thursday,1:13,Serious,3,Cycle,Rainy,Under Construction,94,Not Available,No,Curve,4
2109,Odisha,2021,July,Monday,15:16,Serious,4,Two-Wheeler,Rainy,Dry,43,Valid,Yes,Bridge,13
2110,Arunachal Pradesh,2021,July,Monday,19:6,Minor,3,Truck,Foggy,Under Construction,105,Expired,No,Straight Road,12
2111,Meghalaya,2019,June,Monday,5:36,Serious,3,Cycle,Stormy,Damaged,47,Not Available,No,Bridge,11
2112,Nagaland,2023,December,Wednesday,6:41,Minor,2,Bus,Clear,Damaged,43,Expired,Yes,Intersection,8
2113,Mizoram,2020,January,Friday,20:31,Minor,4,Cycle,Hazy,Wet,43,Expired,Yes,Curve,2
2114,Meghalaya,2019,May,Friday,14:9,Minor,5,Pedestrian,Foggy,Dry,62,Not Available,Yes,Curve,3
2115,Haryana,2022,October,Monday,3:40,Fatal,3,Bus,Foggy,Dry,87,Valid,Yes,Curve,14
2116,Andhra Pradesh,2022,December,Sunday,21:42,Fatal,5,Auto-Rickshaw,Hazy,Dry,59,Valid,No,Curve,4
2117,Uttarakhand,2019,March,Monday,3:10,Fatal,1,Bus,Clear,Wet,38,Not Available,Yes,Curve,3
2118,Bihar,2022,August,Monday,22:19,Fatal,1,Truck,Foggy,Damaged,58,Not Available,No,Curve,6
2119,Sikkim,2018,February,Wednesday,3:6,Serious,3,Car,Clear,Dry,70,Not Available,Yes,Straight Road,3
2120,Bihar,2022,November,Wednesday,20:2,Fatal,4,Auto-Rickshaw,Hazy,Under Construction,61,Valid,Yes,Intersection,8
2121,Bihar,2018,May,Saturday,21:26,Serious,2,Cycle,Foggy,Wet,86,Valid,Yes,Intersection,13
2122,Uttar Pradesh,2021,May,Wednesday,9:39,Fatal,4,Truck,Clear,Wet,109,Expired,No,Intersection,8
2123,Meghalaya,2021,January,Saturday,17:4,Minor,1,Truck,Rainy,Under Construction,101,Valid,No,Intersection,1
2124,Punjab,2023,August,Wednesday,13:16,Minor,1,Cycle,Hazy,Dry,99,Valid,Yes,Intersection,14
2125,Haryana,2018,December,Sunday,16:46,Serious,1,Bus,Rainy,Damaged,92,Expired,No,Bridge,7
2126,Kerala,2021,March,Friday,5:42,Serious,4,Auto-Rickshaw,Rainy,Dry,107,Not Available,Yes,Curve,6
2127,Chhattisgarh,2018,October,Wednesday,19:31,Serious,2,Bus,Rainy,Dry,31,Valid,No,Intersection,12
2128,Karnataka,2021,March,Thursday,8:12,Minor,4,Pedestrian,Rainy,Damaged,108,Not Available,Yes,Intersection,12
2129,Jammu and Kashmir,2019,August,Saturday,13:29,Minor,1,Truck,Foggy,Wet,87,Valid,Yes,Bridge,6
2130,Mizoram,2023,October,Friday,23:46,Fatal,5,Cycle,Foggy,Under Construction,96,Not Available,No,Intersection,13
2131,Chhattisgarh,2022,March,Tuesday,22:41,Serious,4,Two-Wheeler,Clear,Wet,79,Not Available,Yes,Curve,6
2132,Odisha,2023,November,Sunday,12:32,Fatal,1,Cycle,Foggy,Under Construction,46,Valid,No,Straight Road,12
2133,Bihar,2019,August,Sunday,8:27,Serious,2,Bus,Rainy,Wet,58,Not Available,Yes,Intersection,10
2134,Arunachal Pradesh,2020,November,Monday,18:53,Fatal,4,Bus,Stormy,Wet,56,Not Available,No,Curve,10
2135,Jammu and Kashmir,2022,June,Monday,21:24,Serious,1,Bus,Stormy,Damaged,70,Valid,Yes,Bridge,3
2136,Punjab,2021,June,Sunday,1:6,Minor,5,Car,Stormy,Under Construction,118,Expired,Yes,Straight Road,15
2137,Karnataka,2023,December,Tuesday,2:52,Fatal,5,Auto-Rickshaw,Foggy,Dry,43,Not Available,Yes,Bridge,8
2138,Haryana,2022,September,Wednesday,15:55,Minor,4,Two-Wheeler,Rainy,Wet,56,Not Available,No,Curve,3
2139,Odisha,2021,February,Saturday,13:31,Serious,1,Truck,Rainy,Under Construction,102,Valid,No,Straight Road,3
2140,Bihar,2018,April,Friday,14:8,Fatal,2,Bus,Rainy,Under Construction,118,Valid,No,Straight Road,11
2141,Goa,2020,April,Thursday,9:42,Serious,4,Auto-Rickshaw,Hazy,Under Construction,114,Expired,Yes,Straight Road,9
2142,Bihar,2023,March,Thursday,17:9,Fatal,3,Pedestrian,Hazy,Wet,105,Not Available,Yes,Curve,12
2143,Telangana,2020,October,Friday,14:54,Fatal,5,Car,Hazy,Dry,116,Not Available,Yes,Intersection,4
2144,West Bengal,2023,January,Thursday,7:57,Fatal,4,Pedestrian,Foggy,Under Construction,88,Expired,Yes,Bridge,6
2145,Goa,2019,July,Friday,17:47,Serious,5,Truck,Foggy,Wet,75,Valid,Yes,Intersection,9
2146,West Bengal,2023,September,Friday,9:42,Minor,4,Auto-Rickshaw,Hazy,Dry,77,Expired,Yes,Curve,14
2147,West Bengal,2018,November,Friday,20:31,Fatal,3,Cycle,Stormy,Wet,105,Not Available,No,Curve,5
2148,Delhi,2018,December,Tuesday,18:52,Fatal,2,Bus,Hazy,Damaged,109,Not Available,No,Intersection,15
2149,Arunachal Pradesh,2023,August,Thursday,17:45,Fatal,1,Truck,Stormy,Damaged,87,Not Available,Yes,Bridge,3
2150,Bihar,2019,February,Thursday,12:41,Minor,1,Truck,Foggy,Damaged,96,Not Available,Yes,Bridge,7
2151,Uttarakhand,2023,May,Saturday,6:57,Fatal,5,Auto-Rickshaw,Rainy,Dry,61,Not Available,Yes,Intersection,8
2152,Himachal Pradesh,2020,March,Monday,6:27,Minor,2,Cycle,Clear,Wet,98,Valid,No,Bridge,5
2153,Meghalaya,2020,July,Saturday,22:32,Minor,5,Cycle,Rainy,Under Construction,91,Expired,Yes,Intersection,7
2154,Uttar Pradesh,2021,April,Sunday,12:6,Serious,3,Car,Clear,Wet,82,Valid,Yes,Curve,3
2155,Arunachal Pradesh,2022,November,Tuesday,18:17,Serious,4,Cycle,Stormy,Under Construction,112,Expired,Yes,Curve,6
2156,Tripura,2020,January,Monday,5:34,Minor,2,Bus,Clear,Under Construction,105,Expired,Yes,Curve,11
2157,Andhra Pradesh,2018,August,Wednesday,20:44,Minor,5,Auto-Rickshaw,Hazy,Damaged,112,Not Available,No,Curve,9
2158,Telangana,2019,July,Wednesday,7:58,Fatal,3,Auto-Rickshaw,Clear,Dry,37,Valid,No,Curve,10
2159,Assam,2020,November,Monday,7:34,Serious,3,Truck,Clear,Damaged,42,Expired,Yes,Curve,6
2160,Maharashtra,2021,November,Wednesday,7:24,Fatal,4,Cycle,Clear,Under Construction,35,Valid,Yes,Intersection,6
2161,Jammu and Kashmir,2022,September,Monday,0:48,Fatal,4,Truck,Foggy,Damaged,54,Valid,Yes,Intersection,7
2162,Rajasthan,2022,November,Monday,19:50,Minor,4,Truck,Hazy,Damaged,54,Valid,No,Bridge,6
2163,Jammu and Kashmir,2023,November,Wednesday,3:5,Minor,5,Truck,Clear,Damaged,114,Expired,No,Straight Road,9
2164,Arunachal Pradesh,2018,November,Friday,13:27,Fatal,5,Truck,Hazy,Wet,86,Expired,No,Straight Road,13
2165,Chandigarh,2019,October,Tuesday,14:20,Serious,4,Two-Wheeler,Hazy,Under Construction,71,Valid,No,Curve,12
2166,Nagaland,2021,November,Friday,18:1,Serious,4,Cycle,Rainy,Dry,76,Not Available,No,Bridge,4
2167,Jharkhand,2019,August,Friday,20:32,Serious,4,Truck,Foggy,Under Construction,84,Not Available,Yes,Curve,8
2168,Haryana,2018,April,Friday,4:34,Minor,2,Truck,Hazy,Under Construction,42,Expired,Yes,Straight Road,8
2169,Jammu and Kashmir,2023,March,Tuesday,6:39,Minor,5,Car,Hazy,Wet,46,Not Available,No,Bridge,11
2170,Uttarakhand,2021,February,Wednesday,8:58,Minor,3,Pedestrian,Foggy,Damaged,65,Not Available,Yes,Intersection,13
2171,Sikkim,2022,August,Wednesday,23:0,Serious,4,Car,Hazy,Under Construction,80,Expired,Yes,Curve,8
2172,Assam,2022,May,Thursday,3:5,Fatal,5,Pedestrian,Stormy,Dry,60,Valid,Yes,Intersection,10
2173,Maharashtra,2019,August,Thursday,19:13,Fatal,4,Bus,Rainy,Wet,64,Not Available,Yes,Straight Road,6
2174,Chandigarh,2023,July,Monday,23:0,Minor,2,Auto-Rickshaw,Foggy,Damaged,100,Expired,No,Straight Road,9
2175,Tamil Nadu,2023,April,Friday,21:17,Fatal,3,Car,Stormy,Dry,100,Valid,Yes,Bridge,4
2176,Assam,2022,June,Saturday,21:29,Minor,5,Pedestrian,Stormy,Wet,61,Expired,No,Curve,12
2177,Uttar Pradesh,2018,May,Tuesday,13:24,Minor,3,Pedestrian,Hazy,Damaged,34,Not Available,No,Straight Road,2
2178,Chhattisgarh,2023,April,Sunday,22:11,Minor,4,Auto-Rickshaw,Foggy,Under Construction,67,Not Available,No,Straight Road,6
2179,Andhra Pradesh,2023,October,Tuesday,3:58,Fatal,4,Cycle,Rainy,Damaged,35,Valid,No,Intersection,2
2180,Goa,2022,March,Thursday,0:54,Minor,2,Bus,Hazy,Dry,115,Not Available,No,Intersection,9
2181,Tamil Nadu,2018,January,Tuesday,13:21,Minor,4,Two-Wheeler,Foggy,Under Construction,69,Valid,No,Bridge,1
2182,Chhattisgarh,2018,April,Thursday,6:35,Minor,1,Auto-Rickshaw,Hazy,Under Construction,75,Expired,Yes,Straight Road,9
2183,Nagaland,2020,November,Friday,20:15,Fatal,4,Cycle,Stormy,Wet,33,Not Available,Yes,Straight Road,9
2184,Himachal Pradesh,2021,November,Monday,7:4,Serious,4,Auto-Rickshaw,Foggy,Damaged,71,Not Available,No,Intersection,5
2185,Puducherry,2022,January,Sunday,2:13,Minor,2,Truck,Hazy,Damaged,34,Not Available,No,Intersection,10
2186,Puducherry,2023,October,Thursday,10:36,Minor,2,Pedestrian,Clear,Dry,44,Valid,Yes,Intersection,9
2187,Puducherry,2018,May,Saturday,17:9,Minor,1,Pedestrian,Rainy,Damaged,88,Valid,No,Intersection,1
2188,Jammu and Kashmir,2020,July,Friday,2:46,Minor,3,Two-Wheeler,Stormy,Wet,114,Valid,Yes,Intersection,10
2189,Delhi,2018,June,Wednesday,4:48,Fatal,1,Bus,Stormy,Damaged,100,Valid,No,Bridge,0
2190,Uttarakhand,2019,April,Friday,12:40,Minor,4,Cycle,Clear,Dry,111,Not Available,Yes,Intersection,12
2191,Goa,2023,June,Monday,7:41,Fatal,1,Cycle,Hazy,Wet,50,Valid,No,Straight Road,6
2192,Punjab,2019,October,Sunday,15:23,Minor,2,Pedestrian,Stormy,Dry,80,Expired,No,Intersection,4
2193,West Bengal,2019,April,Sunday,3:12,Minor,2,Bus,Foggy,Under Construction,55,Expired,Yes,Bridge,11
2194,Tripura,2018,November,Saturday,9:30,Serious,5,Two-Wheeler,Rainy,Damaged,108,Not Available,No,Straight Road,5
2195,Rajasthan,2023,April,Saturday,12:42,Serious,2,Bus,Stormy,Dry,46,Valid,No,Intersection,10
2196,Nagaland,2022,November,Sunday,17:53,Serious,4,Pedestrian,Hazy,Under Construction,38,Valid,Yes,Bridge,6
2197,Rajasthan,2018,August,Friday,12:17,Fatal,3,Pedestrian,Foggy,Dry,98,Valid,No,Curve,4
2198,Arunachal Pradesh,2023,August,Wednesday,23:40,Serious,1,Pedestrian,Stormy,Wet,65,Expired,No,Intersection,1
2199,Punjab,2022,October,Tuesday,8:15,Fatal,5,Car,Stormy,Wet,52,Valid,No,Intersection,6
2200,Himachal Pradesh,2021,July,Tuesday,19:51,Fatal,5,Bus,Clear,Dry,55,Not Available,No,Curve,11
2201,Kerala,2018,June,Wednesday,2:30,Fatal,4,Cycle,Stormy,Damaged,66,Not Available,No,Intersection,3
2202,Uttarakhand,2022,March,Saturday,10:42,Fatal,1,Bus,Clear,Dry,71,Valid,Yes,Intersection,5
2203,Chhattisgarh,2019,April,Tuesday,21:21,Minor,5,Two-Wheeler,Stormy,Wet,56,Not Available,No,Curve,8
2204,Rajasthan,2021,March,Sunday,4:50,Serious,5,Truck,Hazy,Damaged,48,Not Available,No,Intersection,11
2205,Kerala,2018,August,Monday,13:44,Serious,3,Truck,Rainy,Damaged,81,Expired,Yes,Curve,7
2206,Tamil Nadu,2018,August,Friday,16:37,Minor,4,Car,Foggy,Under Construction,75,Not Available,No,Intersection,11
2207,Jharkhand,2022,October,Monday,22:28,Minor,3,Auto-Rickshaw,Foggy,Under Construction,82,Valid,No,Curve,7
2208,Haryana,2021,September,Wednesday,2:3,Fatal,4,Car,Hazy,Dry,86,Not Available,Yes,Straight Road,10
2209,Maharashtra,2023,January,Monday,9:40,Minor,2,Two-Wheeler,Clear,Under Construction,34,Valid,Yes,Straight Road,8
2210,Uttarakhand,2023,May,Sunday,12:15,Serious,1,Car,Hazy,Damaged,70,Valid,Yes,Bridge,5
2211,Rajasthan,2020,November,Thursday,5:17,Serious,5,Auto-Rickshaw,Stormy,Under Construction,50,Expired,No,Curve,7
2212,Goa,2021,August,Thursday,12:39,Minor,4,Car,Rainy,Under Construction,36,Valid,Yes,Intersection,13
2213,Chhattisgarh,2023,November,Wednesday,7:53,Serious,1,Truck,Foggy,Wet,47,Not Available,No,Bridge,10
2214,Mizoram,2021,December,Sunday,2:1,Fatal,4,Bus,Hazy,Wet,72,Not Available,Yes,Curve,6
2215,Kerala,2018,July,Sunday,2:55,Fatal,2,Bus,Rainy,Damaged,89,Valid,No,Intersection,9
2216,Odisha,2023,December,Saturday,17:51,Serious,1,Cycle,Rainy,Dry,48,Valid,No,Straight Road,7
2217,Uttar Pradesh,2019,March,Friday,22:1,Serious,1,Auto-Rickshaw,Rainy,Under Construction,57,Expired,No,Bridge,13
2218,Bihar,2023,January,Wednesday,3:17,Fatal,1,Car,Stormy,Damaged,58,Expired,No,Curve,8
2219,Bihar,2021,March,Thursday,22:33,Fatal,3,Truck,Rainy,Under Construction,91,Expired,Yes,Straight Road,1
2220,Kerala,2023,April,Saturday,10:38,Serious,4,Bus,Foggy,Under Construction,105,Valid,No,Intersection,10
2221,Sikkim,2023,June,Friday,0:5,Minor,3,Two-Wheeler,Clear,Wet,59,Expired,Yes,Intersection,13
2222,Chandigarh,2019,November,Tuesday,10:3,Serious,4,Bus,Clear,Damaged,49,Expired,Yes,Bridge,4
2223,West Bengal,2020,January,Thursday,23:52,Fatal,3,Pedestrian,Rainy,Damaged,47,Valid,Yes,Bridge,12
2224,Meghalaya,2020,January,Monday,20:26,Serious,2,Two-Wheeler,Rainy,Under Construction,100,Valid,No,Curve,5
2225,Uttarakhand,2021,July,Sunday,17:53,Fatal,3,Pedestrian,Foggy,Wet,60,Not Available,Yes,Intersection,10
2226,Sikkim,2019,May,Monday,3:24,Serious,4,Two-Wheeler,Clear,Wet,78,Expired,No,Curve,4
2227,Puducherry,2021,March,Thursday,8:36,Fatal,4,Bus,Hazy,Under Construction,84,Expired,Yes,Bridge,8
2228,Kerala,2019,May,Saturday,15:49,Fatal,4,Car,Clear,Wet,77,Not Available,Yes,Intersection,1
2229,Uttarakhand,2023,September,Wednesday,1:36,Serious,5,Truck,Hazy,Dry,56,Not Available,Yes,Intersection,8
2230,Maharashtra,2022,January,Thursday,15:55,Fatal,1,Pedestrian,Foggy,Dry,75,Not Available,Yes,Intersection,3
2231,Manipur,2023,May,Saturday,22:55,Minor,4,Car,Foggy,Dry,50,Not Available,Yes,Bridge,9
2232,Goa,2022,April,Saturday,9:45,Minor,1,Two-Wheeler,Rainy,Under Construction,35,Not Available,Yes,Intersection,7
2233,Uttar Pradesh,2021,December,Saturday,5:26,Serious,2,Bus,Hazy,Damaged,75,Expired,No,Curve,12
2234,Kerala,2022,February,Wednesday,23:44,Serious,3,Car,Clear,Dry,51,Expired,No,Bridge,9
2235,Assam,2023,August,Sunday,22:58,Minor,1,Cycle,Hazy,Under Construction,89,Valid,Yes,Bridge,3
2236,Assam,2019,April,Sunday,7:21,Fatal,1,Bus,Clear,Damaged,34,Expired,Yes,Straight Road,4
2237,Rajasthan,2020,October,Wednesday,23:42,Minor,5,Bus,Rainy,Wet,108,Not Available,Yes,Intersection,9
2238,Bihar,2018,February,Wednesday,4:55,Serious,4,Pedestrian,Rainy,Under Construction,119,Expired,No,Bridge,2
2239,West Bengal,2022,November,Saturday,22:31,Fatal,1,Cycle,Foggy,Dry,111,Expired,No,Straight Road,12
2240,Kerala,2018,January,Tuesday,5:18,Minor,3,Two-Wheeler,Stormy,Damaged,68,Valid,No,Straight Road,5
2241,Telangana,2020,January,Monday,15:34,Serious,3,Two-Wheeler,Hazy,Wet,30,Not Available,No,Curve,3
2242,Assam,2023,October,Monday,12:7,Fatal,2,Pedestrian,Rainy,Dry,53,Not Available,Yes,Curve,10
2243,Chandigarh,2020,April,Sunday,0:55,Serious,4,Two-Wheeler,Stormy,Under Construction,55,Valid,No,Straight Road,4
2244,Punjab,2018,August,Saturday,18:56,Fatal,4,Bus,Stormy,Dry,104,Not Available,Yes,Straight Road,9
2245,Tripura,2020,April,Monday,10:35,Serious,4,Bus,Foggy,Wet,88,Expired,No,Intersection,11
2246,Nagaland,2018,July,Saturday,20:0,Fatal,3,Car,Foggy,Dry,42,Expired,Yes,Bridge,7
2247,Andhra Pradesh,2020,March,Tuesday,6:53,Minor,3,Cycle,Foggy,Dry,57,Valid,No,Curve,5
2248,Mizoram,2023,February,Friday,8:20,Fatal,5,Pedestrian,Stormy,Dry,43,Valid,No,Straight Road,6
2249,Karnataka,2020,August,Friday,17:28,Minor,2,Truck,Rainy,Damaged,98,Valid,Yes,Curve,10
2250,Sikkim,2020,July,Friday,23:34,Fatal,1,Two-Wheeler,Stormy,Wet,34,Valid,Yes,Intersection,10
2251,Jharkhand,2019,May,Thursday,9:38,Fatal,1,Pedestrian,Foggy,Damaged,78,Not Available,Yes,Straight Road,5
2252,Manipur,2022,March,Thursday,18:37,Serious,5,Pedestrian,Hazy,Under Construction,90,Expired,Yes,Intersection,12
2253,Punjab,2020,August,Wednesday,4:49,Serious,5,Auto-Rickshaw,Stormy,Damaged,99,Valid,Yes,Curve,7
2254,Haryana,2021,December,Wednesday,3:4,Minor,1,Car,Clear,Dry,115,Not Available,Yes,Straight Road,11
2255,Tripura,2023,November,Tuesday,5:7,Serious,3,Car,Rainy,Damaged,76,Valid,Yes,Straight Road,2
2256,Maharashtra,2022,June,Monday,6:33,Fatal,3,Cycle,Clear,Dry,37,Valid,No,Curve,3
2257,Rajasthan,2021,February,Monday,21:37,Serious,3,Truck,Foggy,Dry,94,Not Available,Yes,Curve,13
2258,Odisha,2021,May,Sunday,0:39,Minor,3,Two-Wheeler,Stormy,Damaged,32,Expired,No,Intersection,8
2259,Himachal Pradesh,2020,February,Saturday,7:55,Fatal,1,Car,Hazy,Under Construction,46,Expired,Yes,Curve,9
2260,Arunachal Pradesh,2018,October,Saturday,14:10,Serious,5,Auto-Rickshaw,Rainy,Wet,90,Expired,Yes,Curve,10
2261,Meghalaya,2021,June,Thursday,13:31,Serious,2,Bus,Hazy,Dry,107,Expired,Yes,Intersection,4
2262,Tamil Nadu,2021,September,Sunday,14:48,Fatal,1,Pedestrian,Stormy,Damaged,63,Expired,Yes,Intersection,11
2263,Gujarat,2020,February,Monday,16:29,Fatal,3,Two-Wheeler,Foggy,Dry,97,Valid,No,Intersection,2
2264,Chhattisgarh,2018,July,Wednesday,8:5,Serious,4,Car,Hazy,Dry,83,Valid,Yes,Straight Road,6
2265,Odisha,2022,December,Friday,10:46,Minor,3,Car,Rainy,Dry,61,Expired,No,Intersection,13
2266,Goa,2020,May,Monday,21:51,Serious,4,Truck,Foggy,Under Construction,104,Expired,Yes,Straight Road,4
2267,Jammu and Kashmir,2021,November,Sunday,21:39,Serious,1,Two-Wheeler,Rainy,Dry,41,Not Available,No,Intersection,2
2268,Telangana,2023,August,Saturday,22:7,Minor,3,Pedestrian,Stormy,Under Construction,36,Expired,No,Curve,5
2269,Arunachal Pradesh,2019,August,Monday,18:44,Fatal,3,Cycle,Stormy,Dry,35,Not Available,Yes,Intersection,7
2270,Jharkhand,2020,September,Sunday,7:27,Serious,3,Cycle,Clear,Wet,40,Valid,No,Curve,11
2271,Andhra Pradesh,2023,March,Thursday,8:37,Fatal,1,Pedestrian,Foggy,Damaged,49,Expired,No,Curve,1
2272,Bihar,2019,May,Saturday,22:32,Serious,1,Bus,Clear,Damaged,49,Not Available,Yes,Intersection,14
2273,Gujarat,2023,March,Wednesday,9:15,Fatal,1,Car,Hazy,Wet,119,Not Available,Yes,Intersection,10
2274,Punjab,2023,July,Thursday,12:43,Minor,3,Pedestrian,Rainy,Wet,115,Expired,Yes,Straight Road,9
2275,Himachal Pradesh,2023,April,Sunday,4:10,Serious,5,Bus,Clear,Damaged,113,Expired,Yes,Straight Road,9
2276,Sikkim,2019,January,Wednesday,23:24,Fatal,2,Two-Wheeler,Foggy,Under Construction,115,Valid,Yes,Curve,4
2277,Jammu and Kashmir,2019,February,Friday,2:18,Serious,2,Pedestrian,Stormy,Wet,85,Valid,Yes,Bridge,4
2278,Telangana,2021,February,Sunday,3:31,Minor,2,Auto-Rickshaw,Foggy,Wet,84,Not Available,Yes,Intersection,8
2279,West Bengal,2018,July,Tuesday,9:28,Fatal,1,Two-Wheeler,Rainy,Dry,115,Expired,Yes,Intersection,10
2280,Meghalaya,2022,May,Sunday,13:11,Minor,5,Car,Rainy,Damaged,116,Expired,Yes,Bridge,12
2281,Bihar,2023,April,Saturday,12:45,Minor,4,Truck,Foggy,Wet,99,Not Available,Yes,Intersection,9
2282,Himachal Pradesh,2021,July,Wednesday,17:0,Minor,1,Bus,Stormy,Wet,73,Expired,Yes,Curve,11
2283,Himachal Pradesh,2020,October,Sunday,1:59,Minor,5,Bus,Foggy,Dry,114,Expired,Yes,Intersection,8
2284,Assam,2022,November,Friday,20:50,Minor,1,Truck,Stormy,Dry,111,Valid,Yes,Bridge,3
2285,Mizoram,2022,June,Wednesday,6:34,Minor,1,Truck,Hazy,Dry,89,Expired,Yes,Bridge,9
2286,Tamil Nadu,2019,January,Friday,5:49,Serious,3,Cycle,Foggy,Under Construction,112,Expired,Yes,Intersection,11
2287,Himachal Pradesh,2021,November,Thursday,23:58,Serious,5,Pedestrian,Clear,Dry,85,Not Available,Yes,Bridge,14
2288,Assam,2019,July,Tuesday,6:28,Fatal,2,Truck,Clear,Under Construction,118,Not Available,No,Straight Road,7
2289,Tripura,2022,June,Wednesday,4:57,Serious,5,Car,Clear,Under Construction,60,Valid,Yes,Bridge,9
2290,Sikkim,2021,December,Friday,18:49,Minor,5,Bus,Clear,Dry,36,Valid,Yes,Bridge,15
2291,Chhattisgarh,2021,December,Saturday,11:10,Minor,4,Truck,Rainy,Damaged,87,Expired,Yes,Curve,8
2292,Kerala,2021,February,Tuesday,17:7,Serious,2,Cycle,Rainy,Damaged,93,Expired,No,Bridge,9
2293,Uttar Pradesh,2018,July,Tuesday,19:59,Minor,4,Cycle,Hazy,Damaged,82,Not Available,Yes,Straight Road,9
2294,Mizoram,2021,December,Monday,16:19,Fatal,4,Cycle,Foggy,Under Construction,63,Valid,Yes,Intersection,10
2295,Tamil Nadu,2020,July,Tuesday,11:50,Fatal,2,Two-Wheeler,Stormy,Dry,46,Expired,Yes,Bridge,6
2296,Haryana,2020,May,Thursday,16:24,Serious,2,Pedestrian,Stormy,Damaged,82,Expired,Yes,Intersection,0
2297,Telangana,2022,July,Friday,20:32,Fatal,5,Auto-Rickshaw,Hazy,Under Construction,77,Expired,No,Bridge,3
2298,Tamil Nadu,2020,April,Friday,11:13,Minor,1,Auto-Rickshaw,Foggy,Under Construction,99,Expired,Yes,Curve,6
2299,Uttar Pradesh,2021,December,Friday,0:34,Minor,2,Truck,Clear,Under Construction,112,Not Available,No,Curve,6
2300,Gujarat,2018,March,Friday,7:15,Minor,1,Two-Wheeler,Clear,Under Construction,70,Valid,No,Intersection,4
2301,Jharkhand,2022,August,Sunday,18:5,Minor,3,Auto-Rickshaw,Stormy,Under Construction,105,Valid,Yes,Straight Road,10
2302,Punjab,2023,July,Friday,22:17,Fatal,3,Pedestrian,Stormy,Damaged,78,Expired,Yes,Bridge,10
2303,Uttar Pradesh,2020,June,Wednesday,1:17,Serious,2,Bus,Rainy,Damaged,101,Not Available,Yes,Curve,15
2304,Haryana,2022,February,Wednesday,1:11,Fatal,5,Auto-Rickshaw,Clear,Under Construction,52,Not Available,Yes,Bridge,9
2305,Puducherry,2018,April,Thursday,0:41,Serious,2,Cycle,Clear,Damaged,96,Not Available,No,Bridge,10
2306,Delhi,2021,June,Sunday,14:29,Fatal,4,Two-Wheeler,Rainy,Under Construction,100,Not Available,Yes,Intersection,14
2307,Telangana,2021,June,Friday,4:8,Minor,3,Auto-Rickshaw,Stormy,Damaged,97,Valid,Yes,Bridge,4
2308,Jharkhand,2023,May,Tuesday,5:34,Serious,3,Truck,Hazy,Dry,64,Not Available,No,Straight Road,8
2309,Kerala,2018,May,Monday,1:7,Minor,4,Auto-Rickshaw,Rainy,Under Construction,88,Not Available,Yes,Curve,14
2310,Tripura,2021,August,Friday,18:55,Fatal,4,Cycle,Stormy,Damaged,97,Not Available,No,Curve,2
2311,Puducherry,2023,February,Sunday,12:6,Minor,4,Bus,Hazy,Wet,60,Expired,No,Bridge,12
2312,Telangana,2019,May,Sunday,23:37,Minor,5,Car,Stormy,Dry,56,Valid,No,Curve,12
2313,Goa,2018,October,Wednesday,21:52,Fatal,5,Two-Wheeler,Foggy,Under Construction,77,Expired,No,Curve,9
2314,Kerala,2018,September,Friday,9:7,Serious,1,Car,Rainy,Damaged,99,Valid,Yes,Curve,11
2315,Bihar,2022,March,Thursday,22:8,Fatal,2,Pedestrian,Foggy,Under Construction,110,Not Available,No,Straight Road,6
2316,Maharashtra,2019,October,Thursday,19:1,Serious,2,Cycle,Stormy,Under Construction,41,Expired,No,Bridge,8
2317,Haryana,2023,February,Monday,8:12,Serious,1,Auto-Rickshaw,Clear,Wet,80,Valid,Yes,Bridge,8
2318,Rajasthan,2023,April,Tuesday,5:53,Fatal,4,Pedestrian,Stormy,Under Construction,103,Valid,Yes,Bridge,14
2319,Goa,2018,October,Wednesday,18:9,Serious,2,Bus,Clear,Dry,46,Expired,No,Straight Road,14
2320,Assam,2020,May,Monday,3:21,Serious,3,Auto-Rickshaw,Foggy,Under Construction,85,Not Available,No,Straight Road,5
2321,Madhya Pradesh,2023,November,Monday,1:19,Fatal,1,Pedestrian,Foggy,Under Construction,71,Not Available,No,Bridge,12
2322,Arunachal Pradesh,2021,April,Thursday,7:30,Fatal,5,Pedestrian,Stormy,Damaged,116,Valid,Yes,Intersection,6
2323,Sikkim,2018,August,Thursday,8:26,Minor,4,Auto-Rickshaw,Clear,Wet,48,Valid,Yes,Bridge,4
2324,Uttar Pradesh,2018,September,Friday,16:25,Serious,1,Pedestrian,Foggy,Damaged,107,Expired,Yes,Straight Road,4
2325,Manipur,2019,June,Sunday,4:38,Minor,5,Truck,Stormy,Dry,114,Expired,No,Curve,1
2326,Sikkim,2023,June,Friday,0:11,Minor,5,Cycle,Foggy,Wet,43,Not Available,No,Curve,9
2327,Haryana,2022,May,Friday,23:48,Minor,5,Pedestrian,Foggy,Wet,96,Valid,Yes,Intersection,11
2328,Maharashtra,2018,April,Friday,17:55,Fatal,5,Truck,Stormy,Dry,85,Expired,No,Curve,3
2329,Chandigarh,2020,November,Wednesday,14:36,Serious,5,Car,Hazy,Damaged,102,Not Available,No,Curve,11
2330,Haryana,2022,August,Monday,10:14,Fatal,1,Cycle,Rainy,Damaged,62,Expired,No,Straight Road,4
2331,Jammu and Kashmir,2021,October,Thursday,8:3,Serious,1,Pedestrian,Foggy,Under Construction,59,Not Available,No,Straight Road,14
2332,Chandigarh,2022,May,Thursday,0:21,Serious,4,Auto-Rickshaw,Stormy,Wet,106,Expired,Yes,Bridge,10
2333,Kerala,2018,August,Wednesday,5:45,Serious,4,Bus,Foggy,Under Construction,82,Valid,Yes,Bridge,3
2334,Tripura,2021,February,Monday,15:6,Serious,3,Auto-Rickshaw,Hazy,Damaged,75,Not Available,No,Curve,11
2335,Tamil Nadu,2018,May,Wednesday,11:22,Minor,3,Cycle,Foggy,Dry,79,Expired,Yes,Straight Road,5
2336,Telangana,2020,December,Wednesday,12:22,Serious,5,Pedestrian,Hazy,Under Construction,103,Valid,Yes,Bridge,7
2337,Punjab,2022,March,Sunday,14:3,Fatal,4,Bus,Stormy,Dry,68,Valid,No,Curve,12
2338,Jharkhand,2019,February,Tuesday,13:55,Minor,5,Pedestrian,Clear,Wet,100,Expired,No,Intersection,15
2339,Odisha,2022,February,Wednesday,10:33,Serious,4,Bus,Hazy,Dry,89,Valid,No,Bridge,3
2340,Delhi,2018,September,Monday,20:24,Serious,5,Two-Wheeler,Foggy,Dry,104,Valid,Yes,Intersection,10
2341,Karnataka,2018,December,Friday,10:23,Fatal,3,Pedestrian,Hazy,Under Construction,36,Valid,No,Curve,8
2342,Maharashtra,2020,January,Monday,15:33,Minor,2,Cycle,Stormy,Wet,99,Valid,No,Straight Road,1
2343,Tripura,2020,May,Saturday,18:51,Serious,3,Bus,Clear,Damaged,37,Expired,Yes,Straight Road,9
2344,Rajasthan,2019,August,Sunday,21:18,Serious,5,Pedestrian,Hazy,Under Construction,87,Not Available,Yes,Curve,12
2345,Maharashtra,2018,June,Tuesday,12:50,Fatal,5,Bus,Clear,Dry,120,Valid,Yes,Bridge,7
2346,Jharkhand,2021,September,Monday,9:45,Fatal,1,Pedestrian,Hazy,Under Construction,46,Valid,No,Straight Road,7
2347,Tamil Nadu,2021,April,Friday,5:0,Fatal,1,Bus,Hazy,Wet,104,Valid,No,Straight Road,14
2348,Odisha,2020,December,Tuesday,2:3,Minor,3,Car,Hazy,Damaged,94,Not Available,No,Bridge,3
2349,Jammu and Kashmir,2023,March,Wednesday,21:32,Fatal,2,Pedestrian,Hazy,Damaged,111,Valid,Yes,Intersection,7
2350,Assam,2022,August,Wednesday,0:38,Minor,3,Two-Wheeler,Rainy,Under Construction,103,Valid,No,Intersection,12
2351,Mizoram,2019,June,Sunday,8:49,Fatal,4,Auto-Rickshaw,Stormy,Wet,32,Valid,Yes,Straight Road,6
2352,Maharashtra,2021,January,Sunday,20:12,Fatal,3,Pedestrian,Hazy,Under Construction,97,Not Available,Yes,Bridge,9
2353,Tamil Nadu,2021,September,Tuesday,5:17,Minor,3,Two-Wheeler,Rainy,Wet,72,Expired,Yes,Bridge,8
2354,Karnataka,2019,December,Saturday,23:12,Serious,5,Bus,Stormy,Under Construction,61,Not Available,Yes,Straight Road,9
2355,Goa,2022,December,Friday,8:52,Minor,4,Bus,Foggy,Wet,102,Expired,Yes,Intersection,4
2356,Andhra Pradesh,2023,October,Wednesday,15:40,Fatal,1,Car,Hazy,Damaged,42,Expired,No,Intersection,13
2357,Maharashtra,2022,June,Monday,4:7,Fatal,4,Car,Hazy,Under Construction,104,Not Available,No,Intersection,4
2358,Rajasthan,2022,December,Monday,11:8,Serious,1,Two-Wheeler,Rainy,Under Construction,115,Not Available,Yes,Curve,5
2359,Chandigarh,2020,February,Monday,17:26,Minor,5,Car,Hazy,Damaged,74,Not Available,No,Intersection,7
2360,Kerala,2021,June,Saturday,18:10,Serious,4,Auto-Rickshaw,Foggy,Dry,68,Valid,Yes,Bridge,4
2361,Kerala,2020,February,Monday,2:36,Fatal,2,Two-Wheeler,Hazy,Wet,117,Expired,Yes,Intersection,6
2362,Telangana,2023,November,Monday,19:20,Fatal,4,Cycle,Foggy,Dry,67,Not Available,Yes,Intersection,2
2363,Odisha,2022,August,Wednesday,1:55,Serious,3,Truck,Foggy,Dry,51,Valid,No,Straight Road,4
2364,Assam,2020,December,Friday,1:52,Serious,3,Pedestrian,Clear,Under Construction,98,Not Available,No,Straight Road,7
2365,Nagaland,2021,April,Monday,11:47,Fatal,2,Two-Wheeler,Clear,Dry,30,Valid,Yes,Straight Road,4
2366,Chhattisgarh,2023,March,Tuesday,1:36,Minor,1,Auto-Rickshaw,Hazy,Wet,47,Valid,No,Straight Road,7
2367,Kerala,2021,September,Thursday,11:23,Serious,2,Cycle,Hazy,Wet,77,Valid,Yes,Bridge,12
2368,Uttar Pradesh,2021,June,Friday,21:50,Minor,1,Cycle,Clear,Wet,119,Expired,Yes,Straight Road,9
2369,Karnataka,2020,October,Saturday,0:25,Fatal,3,Truck,Hazy,Damaged,76,Valid,No,Bridge,12
2370,Telangana,2023,September,Monday,19:51,Fatal,1,Truck,Foggy,Damaged,60,Not Available,Yes,Intersection,8
2371,Punjab,2018,September,Saturday,19:22,Serious,1,Truck,Hazy,Damaged,114,Not Available,Yes,Intersection,4
2372,Telangana,2021,May,Saturday,14:39,Serious,2,Auto-Rickshaw,Stormy,Damaged,82,Valid,Yes,Bridge,6
2373,Bihar,2019,February,Monday,1:7,Minor,1,Auto-Rickshaw,Rainy,Wet,41,Not Available,No,Curve,5
2374,Uttar Pradesh,2020,September,Saturday,7:21,Serious,5,Pedestrian,Foggy,Damaged,60,Not Available,Yes,Intersection,13
2375,Goa,2018,April,Thursday,15:33,Fatal,2,Truck,Clear,Under Construction,75,Valid,Yes,Curve,10
2376,Nagaland,2022,January,Friday,14:55,Fatal,1,Two-Wheeler,Clear,Damaged,118,Not Available,No,Intersection,12
2377,Tamil Nadu,2022,December,Tuesday,5:3,Minor,1,Car,Stormy,Under Construction,102,Valid,No,Curve,10
2378,Madhya Pradesh,2021,March,Friday,9:51,Serious,5,Car,Foggy,Wet,92,Expired,Yes,Straight Road,5
2379,Uttarakhand,2021,June,Tuesday,9:32,Minor,3,Two-Wheeler,Foggy,Damaged,72,Not Available,Yes,Curve,5
2380,Meghalaya,2018,February,Wednesday,6:21,Minor,4,Cycle,Stormy,Wet,32,Expired,No,Intersection,3
2381,Karnataka,2022,July,Thursday,1:47,Fatal,1,Pedestrian,Rainy,Wet,58,Expired,Yes,Straight Road,12
2382,Madhya Pradesh,2021,February,Friday,1:39,Minor,4,Two-Wheeler,Clear,Dry,119,Expired,No,Intersection,2
2383,Kerala,2018,July,Tuesday,19:12,Fatal,5,Truck,Clear,Dry,38,Expired,Yes,Bridge,12
2384,Sikkim,2023,July,Wednesday,22:21,Fatal,1,Bus,Hazy,Wet,60,Not Available,No,Intersection,10
2385,Delhi,2023,February,Wednesday,15:29,Serious,3,Cycle,Hazy,Dry,80,Not Available,No,Intersection,7
2386,West Bengal,2021,January,Monday,9:39,Fatal,1,Auto-Rickshaw,Clear,Wet,55,Valid,No,Curve,8
2387,Kerala,2018,January,Saturday,0:16,Minor,4,Car,Stormy,Dry,113,Not Available,Yes,Curve,10
2388,Uttarakhand,2019,August,Thursday,3:52,Minor,3,Truck,Hazy,Wet,107,Valid,No,Intersection,7
2389,Bihar,2018,November,Monday,9:35,Fatal,5,Auto-Rickshaw,Rainy,Under Construction,78,Expired,Yes,Curve,11
2390,Chandigarh,2018,March,Tuesday,3:22,Fatal,3,Car,Rainy,Wet,69,Expired,Yes,Bridge,7
2391,Manipur,2018,April,Saturday,14:10,Minor,3,Auto-Rickshaw,Stormy,Dry,36,Expired,No,Intersection,9
2392,Sikkim,2021,July,Thursday,11:7,Serious,3,Truck,Hazy,Dry,119,Valid,No,Bridge,0
2393,Odisha,2023,November,Thursday,20:5,Minor,5,Pedestrian,Rainy,Dry,79,Not Available,No,Straight Road,7
2394,Sikkim,2020,March,Saturday,23:35,Fatal,2,Truck,Foggy,Dry,94,Expired,No,Curve,10
2395,Rajasthan,2023,September,Monday,3:43,Fatal,5,Bus,Foggy,Dry,42,Expired,Yes,Straight Road,12
2396,Uttarakhand,2020,August,Saturday,16:24,Minor,5,Cycle,Hazy,Wet,83,Expired,No,Straight Road,9
2397,Sikkim,2020,July,Saturday,13:31,Serious,5,Auto-Rickshaw,Clear,Dry,76,Expired,Yes,Bridge,9
2398,Haryana,2023,January,Monday,6:45,Minor,5,Bus,Foggy,Under Construction,55,Not Available,No,Bridge,14
2399,Jammu and Kashmir,2020,December,Sunday,12:27,Serious,1,Pedestrian,Hazy,Damaged,106,Valid,Yes,Bridge,8
2400,Kerala,2018,June,Saturday,0:58,Fatal,1,Truck,Stormy,Damaged,78,Expired,No,Intersection,7
2401,Jharkhand,2021,September,Monday,19:37,Fatal,1,Cycle,Stormy,Dry,82,Expired,No,Straight Road,1
2402,Maharashtra,2022,April,Monday,10:58,Fatal,3,Truck,Clear,Under Construction,40,Valid,No,Intersection,12
2403,Maharashtra,2019,May,Friday,2:3,Fatal,3,Auto-Rickshaw,Foggy,Dry,65,Not Available,No,Straight Road,12
2404,Chhattisgarh,2020,October,Saturday,10:45,Minor,4,Auto-Rickshaw,Hazy,Wet,35,Valid,No,Curve,1
2405,Gujarat,2018,January,Thursday,18:2,Fatal,1,Bus,Rainy,Dry,33,Expired,Yes,Bridge,6
2406,Nagaland,2020,August,Sunday,4:53,Fatal,1,Auto-Rickshaw,Rainy,Damaged,106,Expired,No,Straight Road,10
2407,Delhi,2021,April,Saturday,3:23,Fatal,1,Bus,Foggy,Under Construction,75,Not Available,Yes,Bridge,11
2408,Uttarakhand,2021,March,Thursday,3:8,Minor,4,Car,Clear,Dry,97,Valid,Yes,Bridge,9
2409,Puducherry,2018,June,Tuesday,8:30,Minor,2,Pedestrian,Foggy,Damaged,49,Valid,No,Straight Road,12
2410,Jammu and Kashmir,2019,May,Wednesday,8:43,Fatal,1,Auto-Rickshaw,Foggy,Wet,51,Not Available,Yes,Curve,5
2411,Gujarat,2019,November,Friday,3:46,Minor,4,Cycle,Clear,Dry,116,Not Available,No,Intersection,6
2412,Arunachal Pradesh,2022,August,Monday,6:21,Serious,4,Pedestrian,Foggy,Wet,75,Expired,No,Straight Road,0
2413,Himachal Pradesh,2022,May,Monday,9:52,Fatal,4,Car,Rainy,Wet,92,Expired,No,Intersection,2
2414,Gujarat,2022,June,Monday,8:18,Fatal,1,Cycle,Hazy,Dry,102,Expired,No,Curve,4
2415,Uttar Pradesh,2021,December,Sunday,14:14,Minor,4,Two-Wheeler,Stormy,Wet,79,Expired,No,Straight Road,2
2416,Andhra Pradesh,2019,December,Thursday,19:40,Fatal,4,Truck,Stormy,Damaged,105,Expired,No,Curve,3
2417,Assam,2023,January,Tuesday,23:45,Fatal,1,Cycle,Clear,Dry,118,Expired,Yes,Bridge,7
2418,Jammu and Kashmir,2021,October,Monday,11:52,Fatal,4,Car,Hazy,Wet,53,Expired,Yes,Curve,3
2419,Mizoram,2023,June,Thursday,8:19,Minor,4,Two-Wheeler,Rainy,Under Construction,72,Valid,Yes,Curve,6
2420,Tamil Nadu,2018,February,Wednesday,15:38,Serious,2,Truck,Rainy,Damaged,66,Not Available,No,Bridge,6
2421,Maharashtra,2021,December,Monday,21:47,Serious,3,Two-Wheeler,Rainy,Wet,100,Expired,Yes,Curve,11
2422,Punjab,2019,February,Friday,18:20,Minor,1,Two-Wheeler,Clear,Under Construction,120,Expired,Yes,Intersection,6
2423,West Bengal,2022,May,Sunday,15:52,Fatal,1,Pedestrian,Hazy,Wet,111,Expired,Yes,Bridge,13
2424,Uttar Pradesh,2020,October,Saturday,12:43,Minor,3,Truck,Foggy,Under Construction,105,Expired,No,Intersection,5
2425,Madhya Pradesh,2018,March,Thursday,19:14,Serious,2,Two-Wheeler,Foggy,Under Construction,81,Not Available,No,Bridge,6
2426,Andhra Pradesh,2022,October,Friday,5:5,Minor,4,Auto-Rickshaw,Rainy,Under Construction,33,Expired,Yes,Bridge,6
2427,Chhattisgarh,2022,September,Friday,17:58,Minor,3,Pedestrian,Rainy,Under Construction,67,Valid,No,Intersection,12
2428,Jharkhand,2022,March,Friday,11:58,Serious,4,Cycle,Rainy,Under Construction,84,Expired,No,Curve,15
2429,Sikkim,2019,September,Wednesday,12:57,Fatal,2,Car,Rainy,Wet,41,Expired,Yes,Intersection,13
2430,Punjab,2022,September,Thursday,7:53,Serious,2,Pedestrian,Rainy,Wet,37,Not Available,Yes,Curve,4
2431,West Bengal,2020,February,Tuesday,10:34,Fatal,2,Truck,Rainy,Wet,108,Expired,Yes,Bridge,6
2432,West Bengal,2020,January,Saturday,3:34,Serious,2,Truck,Hazy,Under Construction,48,Valid,Yes,Curve,3
2433,Tripura,2019,August,Thursday,23:56,Minor,5,Truck,Foggy,Dry,73,Valid,No,Curve,13
2434,Puducherry,2019,October,Wednesday,11:48,Fatal,2,Two-Wheeler,Clear,Dry,60,Valid,No,Bridge,15
2435,Sikkim,2019,November,Sunday,22:2,Fatal,1,Bus,Stormy,Dry,96,Valid,Yes,Bridge,6
2436,Sikkim,2018,July,Friday,11:10,Fatal,5,Auto-Rickshaw,Foggy,Dry,86,Valid,No,Bridge,9
2437,Andhra Pradesh,2023,July,Sunday,16:34,Serious,3,Truck,Hazy,Dry,40,Expired,Yes,Curve,13
2438,Maharashtra,2023,July,Wednesday,2:5,Minor,3,Auto-Rickshaw,Rainy,Wet,73,Not Available,No,Curve,5
2439,Andhra Pradesh,2018,December,Thursday,10:38,Minor,1,Car,Clear,Damaged,88,Expired,Yes,Intersection,7
2440,Meghalaya,2023,June,Wednesday,2:16,Fatal,3,Car,Rainy,Wet,106,Expired,No,Curve,6
2441,Nagaland,2023,March,Monday,2:41,Fatal,1,Pedestrian,Foggy,Dry,74,Valid,Yes,Straight Road,6
2442,Meghalaya,2023,March,Monday,7:38,Serious,4,Pedestrian,Stormy,Wet,83,Expired,No,Bridge,7
2443,Nagaland,2020,August,Monday,18:16,Serious,2,Bus,Clear,Dry,54,Not Available,Yes,Straight Road,12
2444,Manipur,2023,July,Friday,17:7,Fatal,5,Auto-Rickshaw,Hazy,Wet,33,Not Available,No,Curve,10
2445,Karnataka,2023,June,Friday,4:36,Fatal,4,Two-Wheeler,Clear,Damaged,113,Expired,Yes,Intersection,8
2446,Gujarat,2018,January,Saturday,23:43,Fatal,4,Bus,Foggy,Under Construction,101,Valid,Yes,Straight Road,4
2447,Gujarat,2019,March,Monday,2:41,Fatal,1,Bus,Stormy,Under Construction,89,Expired,No,Straight Road,11
2448,Arunachal Pradesh,2021,December,Wednesday,17:54,Minor,3,Pedestrian,Hazy,Under Construction,112,Not Available,No,Straight Road,15
2449,Uttar Pradesh,2020,October,Saturday,12:34,Fatal,2,Two-Wheeler,Stormy,Under Construction,49,Not Available,No,Intersection,2
2450,Meghalaya,2023,May,Monday,11:33,Minor,5,Two-Wheeler,Rainy,Under Construction,30,Valid,No,Intersection,9
2451,Manipur,2022,January,Wednesday,17:30,Serious,5,Auto-Rickshaw,Stormy,Damaged,48,Not Available,Yes,Curve,14
2452,Andhra Pradesh,2021,November,Saturday,4:53,Fatal,5,Two-Wheeler,Rainy,Wet,33,Valid,Yes,Curve,6
2453,Himachal Pradesh,2022,March,Saturday,13:16,Fatal,2,Car,Clear,Wet,32,Expired,Yes,Curve,13
2454,Punjab,2019,February,Friday,1:39,Fatal,4,Two-Wheeler,Rainy,Dry,112,Expired,Yes,Straight Road,10
2455,Uttar Pradesh,2019,February,Monday,21:20,Minor,5,Pedestrian,Stormy,Damaged,65,Expired,Yes,Intersection,7
2456,Tamil Nadu,2022,June,Friday,1:59,Minor,2,Two-Wheeler,Stormy,Under Construction,49,Not Available,No,Curve,13
2457,Rajasthan,2023,July,Friday,11:38,Minor,3,Car,Clear,Dry,32,Expired,Yes,Straight Road,4
2458,Assam,2023,October,Monday,10:13,Fatal,1,Cycle,Hazy,Wet,57,Valid,No,Straight Road,6
2459,Karnataka,2022,January,Tuesday,2:8,Fatal,1,Auto-Rickshaw,Stormy,Wet,47,Expired,No,Bridge,14
2460,Tamil Nadu,2019,November,Tuesday,16:20,Minor,1,Bus,Foggy,Under Construction,94,Valid,Yes,Straight Road,11
2461,Madhya Pradesh,2023,September,Thursday,18:8,Serious,1,Auto-Rickshaw,Rainy,Under Construction,115,Expired,Yes,Bridge,5
2462,Punjab,2018,September,Monday,2:12,Serious,5,Two-Wheeler,Rainy,Under Construction,64,Valid,Yes,Curve,5
2463,Uttar Pradesh,2019,February,Monday,11:49,Minor,1,Cycle,Hazy,Under Construction,105,Valid,No,Intersection,9
2464,Puducherry,2022,August,Wednesday,21:37,Serious,3,Pedestrian,Rainy,Dry,105,Expired,No,Straight Road,2
2465,Rajasthan,2022,February,Friday,21:55,Fatal,3,Truck,Hazy,Wet,39,Expired,No,Curve,8
2466,Jammu and Kashmir,2022,April,Friday,3:43,Minor,1,Two-Wheeler,Hazy,Under Construction,87,Not Available,No,Intersection,3
2467,Tripura,2023,July,Thursday,7:25,Fatal,2,Pedestrian,Hazy,Damaged,95,Expired,No,Straight Road,1
2468,Madhya Pradesh,2019,December,Thursday,16:58,Fatal,3,Truck,Hazy,Under Construction,41,Expired,No,Bridge,7
2469,Odisha,2020,October,Friday,13:19,Minor,2,Bus,Rainy,Dry,89,Not Available,Yes,Intersection,14
2470,Rajasthan,2018,May,Monday,14:18,Minor,4,Bus,Hazy,Wet,77,Not Available,Yes,Curve,5
2471,Gujarat,2019,November,Sunday,22:6,Fatal,4,Cycle,Clear,Damaged,85,Not Available,No,Straight Road,7
2472,Maharashtra,2019,July,Tuesday,12:22,Serious,2,Bus,Hazy,Dry,111,Expired,No,Bridge,15
2473,Gujarat,2020,May,Wednesday,7:10,Fatal,5,Bus,Stormy,Damaged,86,Not Available,No,Straight Road,8
2474,Bihar,2018,November,Tuesday,0:39,Serious,4,Auto-Rickshaw,Clear,Damaged,82,Not Available,No,Intersection,4
2475,Delhi,2022,December,Friday,10:59,Serious,2,Two-Wheeler,Stormy,Wet,43,Expired,Yes,Curve,6
2476,Manipur,2019,February,Sunday,11:27,Fatal,3,Cycle,Rainy,Under Construction,108,Expired,Yes,Curve,3
2477,Jammu and Kashmir,2020,April,Friday,6:31,Fatal,1,Bus,Rainy,Damaged,70,Valid,No,Intersection,2
2478,Madhya Pradesh,2019,November,Friday,1:19,Serious,1,Cycle,Rainy,Under Construction,64,Not Available,No,Bridge,4
2479,West Bengal,2023,July,Wednesday,17:55,Fatal,4,Cycle,Hazy,Wet,86,Expired,Yes,Curve,3
2480,Meghalaya,2022,January,Monday,23:55,Fatal,4,Truck,Stormy,Wet,57,Expired,No,Straight Road,12
2481,Manipur,2019,March,Friday,4:19,Fatal,3,Cycle,Stormy,Dry,49,Valid,Yes,Bridge,15
2482,Arunachal Pradesh,2021,October,Wednesday,1:28,Minor,1,Bus,Hazy,Dry,78,Not Available,No,Bridge,8
2483,Tripura,2023,March,Tuesday,2:43,Serious,1,Truck,Stormy,Dry,71,Expired,No,Bridge,11
2484,Maharashtra,2023,October,Wednesday,1:52,Minor,1,Two-Wheeler,Hazy,Wet,75,Not Available,Yes,Intersection,10
2485,Mizoram,2021,May,Sunday,16:54,Serious,3,Auto-Rickshaw,Clear,Wet,80,Expired,Yes,Intersection,7
2486,Arunachal Pradesh,2019,October,Wednesday,11:26,Serious,2,Bus,Hazy,Wet,65,Not Available,Yes,Straight Road,7
2487,Gujarat,2019,March,Sunday,3:22,Minor,1,Two-Wheeler,Stormy,Dry,38,Valid,No,Straight Road,10
2488,Assam,2022,October,Friday,4:39,Serious,4,Cycle,Hazy,Dry,80,Expired,Yes,Straight Road,6
2489,Manipur,2021,September,Monday,15:1,Minor,2,Auto-Rickshaw,Foggy,Under Construction,60,Valid,Yes,Bridge,12
2490,Mizoram,2023,July,Tuesday,7:52,Fatal,2,Auto-Rickshaw,Hazy,Wet,103,Not Available,Yes,Straight Road,7
2491,Sikkim,2020,February,Monday,20:27,Serious,2,Truck,Foggy,Dry,54,Valid,No,Straight Road,7
2492,Bihar,2019,September,Monday,3:23,Serious,5,Bus,Foggy,Damaged,48,Valid,Yes,Intersection,11
2493,Sikkim,2018,November,Wednesday,21:33,Fatal,2,Bus,Clear,Under Construction,93,Valid,Yes,Curve,4
2494,Karnataka,2023,March,Thursday,1:20,Fatal,1,Bus,Hazy,Dry,62,Not Available,Yes,Intersection,11
2495,Sikkim,2020,January,Monday,2:56,Serious,2,Pedestrian,Hazy,Dry,63,Valid,No,Intersection,8
2496,Kerala,2022,July,Sunday,9:27,Minor,3,Cycle,Clear,Wet,96,Valid,Yes,Bridge,9
2497,West Bengal,2021,November,Saturday,21:54,Fatal,5,Truck,Hazy,Damaged,59,Not Available,Yes,Straight Road,10
2498,Nagaland,2023,October,Thursday,1:25,Fatal,3,Bus,Stormy,Dry,40,Not Available,Yes,Intersection,3
2499,Chhattisgarh,2018,February,Wednesday,18:23,Serious,5,Cycle,Stormy,Wet,30,Not Available,No,Curve,13
2500,Jammu and Kashmir,2023,September,Thursday,21:45,Fatal,3,Auto-Rickshaw,Foggy,Wet,51,Valid,No,Straight Road,11
2501,Kerala,2019,May,Sunday,22:18,Fatal,1,Pedestrian,Foggy,Under Construction,60,Valid,Yes,Bridge,12
2502,Gujarat,2021,January,Friday,7:24,Serious,2,Auto-Rickshaw,Rainy,Wet,94,Expired,Yes,Curve,9
2503,Goa,2018,September,Tuesday,23:14,Fatal,2,Truck,Stormy,Under Construction,59,Not Available,No,Bridge,9
2504,Gujarat,2023,September,Monday,17:41,Minor,1,Auto-Rickshaw,Clear,Damaged,99,Valid,Yes,Curve,12
2505,Bihar,2022,September,Tuesday,23:9,Fatal,1,Pedestrian,Hazy,Under Construction,57,Valid,Yes,Curve,14
2506,Telangana,2020,October,Tuesday,8:45,Fatal,5,Car,Foggy,Damaged,117,Not Available,No,Bridge,10
2507,Rajasthan,2019,January,Tuesday,8:8,Minor,5,Pedestrian,Clear,Dry,35,Valid,Yes,Intersection,4
2508,Odisha,2020,September,Thursday,7:42,Serious,2,Auto-Rickshaw,Stormy,Dry,39,Not Available,Yes,Bridge,11
2509,Jammu and Kashmir,2019,October,Thursday,19:16,Minor,2,Pedestrian,Clear,Wet,35,Expired,No,Bridge,14
2510,Rajasthan,2020,December,Monday,1:15,Minor,5,Two-Wheeler,Clear,Under Construction,74,Expired,No,Curve,6
2511,Mizoram,2019,January,Tuesday,11:19,Minor,1,Truck,Stormy,Wet,99,Not Available,No,Curve,7
2512,Uttar Pradesh,2022,February,Sunday,23:41,Serious,4,Truck,Foggy,Damaged,35,Expired,Yes,Curve,7
2513,Tamil Nadu,2020,September,Wednesday,23:49,Fatal,3,Car,Hazy,Under Construction,47,Not Available,Yes,Curve,9
2514,Tamil Nadu,2020,July,Thursday,16:30,Fatal,3,Auto-Rickshaw,Foggy,Dry,119,Valid,No,Bridge,7
2515,Tamil Nadu,2021,February,Friday,14:19,Serious,5,Bus,Rainy,Wet,106,Not Available,No,Intersection,11
2516,Sikkim,2020,July,Tuesday,16:20,Serious,5,Pedestrian,Stormy,Wet,111,Expired,No,Curve,12
2517,West Bengal,2022,August,Wednesday,11:6,Serious,3,Auto-Rickshaw,Rainy,Damaged,80,Not Available,No,Straight Road,9
2518,Uttar Pradesh,2020,November,Wednesday,18:31,Minor,4,Auto-Rickshaw,Rainy,Dry,77,Expired,Yes,Intersection,1
2519,Sikkim,2021,November,Tuesday,21:38,Minor,2,Auto-Rickshaw,Clear,Dry,50,Valid,Yes,Straight Road,10
2520,West Bengal,2023,April,Sunday,13:2,Serious,1,Bus,Rainy,Damaged,79,Expired,No,Intersection,13
2521,Nagaland,2023,October,Tuesday,13:25,Fatal,4,Auto-Rickshaw,Stormy,Dry,106,Expired,Yes,Straight Road,14
2522,Haryana,2018,December,Friday,6:6,Fatal,5,Two-Wheeler,Stormy,Under Construction,80,Not Available,No,Intersection,5
2523,Jharkhand,2020,March,Friday,23:11,Serious,3,Auto-Rickshaw,Hazy,Wet,48,Not Available,Yes,Straight Road,13
2524,Bihar,2023,January,Sunday,6:1,Minor,4,Bus,Rainy,Dry,107,Valid,No,Bridge,9
2525,Telangana,2021,September,Sunday,3:21,Serious,5,Cycle,Rainy,Wet,49,Expired,No,Bridge,2
2526,Tripura,2020,January,Tuesday,22:38,Minor,5,Car,Stormy,Under Construction,114,Expired,Yes,Bridge,7
2527,Nagaland,2020,June,Saturday,3:47,Minor,1,Truck,Stormy,Dry,37,Valid,No,Bridge,10
2528,Andhra Pradesh,2021,April,Tuesday,5:52,Fatal,3,Two-Wheeler,Clear,Damaged,60,Not Available,No,Straight Road,4
2529,Tamil Nadu,2023,August,Sunday,2:37,Fatal,5,Car,Foggy,Dry,64,Expired,No,Bridge,9
2530,Puducherry,2021,January,Friday,6:46,Serious,4,Auto-Rickshaw,Clear,Damaged,60,Not Available,Yes,Intersection,13
2531,Gujarat,2019,February,Monday,3:2,Serious,5,Auto-Rickshaw,Hazy,Under Construction,40,Valid,Yes,Intersection,0
2532,Karnataka,2018,July,Monday,4:2,Fatal,1,Pedestrian,Clear,Dry,83,Expired,No,Bridge,4
2533,Puducherry,2018,June,Thursday,3:10,Fatal,5,Auto-Rickshaw,Foggy,Damaged,75,Valid,Yes,Curve,5
2534,Punjab,2023,August,Thursday,21:22,Serious,4,Truck,Stormy,Damaged,106,Not Available,No,Bridge,11
2535,Rajasthan,2022,November,Friday,12:52,Fatal,3,Car,Hazy,Dry,34,Valid,No,Intersection,10
2536,Andhra Pradesh,2021,June,Saturday,5:0,Fatal,1,Auto-Rickshaw,Stormy,Under Construction,56,Valid,No,Bridge,8
2537,Chhattisgarh,2020,September,Tuesday,18:34,Fatal,1,Cycle,Rainy,Under Construction,94,Expired,Yes,Straight Road,4
2538,Maharashtra,2022,March,Friday,19:43,Serious,1,Cycle,Foggy,Damaged,49,Valid,No,Bridge,10
2539,Uttarakhand,2020,June,Wednesday,4:56,Serious,3,Car,Stormy,Damaged,49,Valid,No,Curve,7
2540,Maharashtra,2019,December,Thursday,9:14,Minor,2,Auto-Rickshaw,Clear,Damaged,87,Valid,No,Bridge,4
2541,Assam,2020,January,Saturday,18:33,Serious,4,Cycle,Stormy,Wet,106,Valid,No,Curve,6
2542,Karnataka,2018,April,Sunday,1:5,Serious,3,Pedestrian,Stormy,Under Construction,83,Not Available,No,Intersection,5
2543,Goa,2022,April,Friday,23:30,Fatal,1,Bus,Foggy,Wet,56,Expired,No,Intersection,8
2544,Maharashtra,2020,November,Wednesday,13:23,Serious,2,Two-Wheeler,Foggy,Damaged,80,Not Available,Yes,Bridge,9
2545,Assam,2022,September,Monday,6:1,Serious,2,Cycle,Stormy,Dry,102,Expired,No,Bridge,5
2546,Haryana,2022,September,Friday,21:24,Fatal,3,Car,Clear,Under Construction,79,Expired,No,Bridge,3
2547,Mizoram,2018,March,Wednesday,8:34,Fatal,4,Truck,Rainy,Dry,119,Expired,Yes,Bridge,12
2548,Madhya Pradesh,2022,July,Sunday,14:16,Serious,3,Bus,Clear,Wet,77,Valid,Yes,Intersection,10
2549,Goa,2021,December,Friday,23:26,Minor,2,Auto-Rickshaw,Rainy,Damaged,120,Not Available,Yes,Curve,8
2550,West Bengal,2022,February,Friday,4:43,Serious,1,Pedestrian,Hazy,Damaged,57,Not Available,No,Curve,6
2551,Uttarakhand,2022,December,Friday,16:11,Minor,5,Truck,Stormy,Damaged,67,Valid,Yes,Straight Road,7
2552,Punjab,2021,June,Wednesday,0:34,Serious,4,Cycle,Foggy,Wet,116,Valid,No,Curve,9
2553,Sikkim,2018,March,Monday,2:51,Serious,1,Auto-Rickshaw,Foggy,Dry,100,Valid,Yes,Intersection,5
2554,Madhya Pradesh,2023,November,Saturday,21:48,Minor,4,Pedestrian,Clear,Damaged,82,Valid,Yes,Intersection,9
2555,Haryana,2019,September,Thursday,17:16,Minor,1,Pedestrian,Stormy,Wet,53,Expired,No,Bridge,8
2556,West Bengal,2023,March,Wednesday,7:22,Fatal,2,Truck,Stormy,Under Construction,115,Not Available,No,Straight Road,14
2557,Delhi,2021,April,Wednesday,1:16,Fatal,4,Two-Wheeler,Clear,Under Construction,119,Expired,Yes,Curve,11
2558,Himachal Pradesh,2019,November,Wednesday,2:55,Serious,5,Pedestrian,Stormy,Dry,100,Not Available,Yes,Straight Road,11
2559,Mizoram,2021,January,Wednesday,9:6,Minor,2,Auto-Rickshaw,Foggy,Dry,87,Not Available,No,Straight Road,2
2560,Uttarakhand,2018,September,Saturday,4:0,Minor,1,Pedestrian,Foggy,Damaged,70,Expired,No,Intersection,13
2561,Uttarakhand,2018,July,Saturday,15:56,Serious,2,Two-Wheeler,Stormy,Under Construction,45,Expired,No,Intersection,10
2562,Odisha,2018,August,Thursday,12:17,Fatal,3,Bus,Clear,Damaged,107,Not Available,Yes,Intersection,5
2563,Punjab,2022,September,Thursday,4:24,Fatal,3,Truck,Stormy,Wet,105,Expired,Yes,Bridge,9
2564,Tamil Nadu,2023,December,Sunday,20:25,Serious,2,Car,Rainy,Damaged,82,Valid,No,Straight Road,3
2565,Manipur,2019,August,Friday,15:47,Serious,1,Car,Clear,Under Construction,57,Expired,No,Bridge,9
2566,Andhra Pradesh,2023,February,Saturday,16:12,Serious,2,Two-Wheeler,Foggy,Dry,39,Not Available,No,Straight Road,10
2567,Manipur,2019,February,Saturday,10:26,Fatal,1,Auto-Rickshaw,Rainy,Under Construction,37,Valid,Yes,Straight Road,4
2568,Goa,2018,March,Sunday,11:58,Minor,2,Bus,Clear,Wet,63,Valid,No,Intersection,7
2569,Telangana,2021,August,Saturday,9:33,Fatal,2,Pedestrian,Hazy,Under Construction,84,Valid,Yes,Intersection,13
2570,Tamil Nadu,2022,June,Saturday,19:22,Serious,4,Pedestrian,Foggy,Dry,119,Expired,No,Intersection,2
2571,Haryana,2019,February,Tuesday,19:59,Serious,3,Bus,Hazy,Dry,96,Valid,No,Bridge,3
2572,Gujarat,2021,March,Sunday,2:11,Minor,5,Auto-Rickshaw,Clear,Damaged,99,Not Available,Yes,Intersection,8
2573,Chhattisgarh,2021,July,Sunday,2:53,Minor,2,Auto-Rickshaw,Clear,Dry,108,Expired,Yes,Bridge,7
2574,Delhi,2018,April,Wednesday,6:2,Serious,3,Cycle,Stormy,Wet,61,Expired,Yes,Straight Road,3
2575,Puducherry,2023,March,Wednesday,15:21,Serious,1,Truck,Clear,Wet,54,Expired,No,Intersection,6
2576,Uttarakhand,2022,October,Friday,15:25,Minor,5,Car,Stormy,Dry,70,Not Available,No,Curve,5
2577,Assam,2021,June,Tuesday,8:7,Minor,4,Two-Wheeler,Stormy,Wet,87,Valid,No,Curve,7
2578,Nagaland,2022,December,Thursday,1:48,Minor,5,Truck,Foggy,Under Construction,58,Valid,Yes,Curve,13
2579,Sikkim,2020,February,Monday,21:6,Minor,5,Car,Rainy,Wet,70,Expired,No,Curve,9
2580,Delhi,2019,September,Tuesday,17:14,Minor,3,Truck,Foggy,Dry,50,Valid,No,Straight Road,12
2581,Assam,2020,December,Sunday,8:21,Fatal,5,Pedestrian,Hazy,Under Construction,51,Valid,No,Intersection,9
2582,Gujarat,2018,January,Tuesday,4:7,Minor,2,Car,Hazy,Under Construction,40,Not Available,Yes,Straight Road,5
2583,Nagaland,2019,August,Wednesday,1:10,Serious,2,Auto-Rickshaw,Foggy,Dry,32,Not Available,No,Intersection,11
2584,Goa,2021,January,Friday,0:32,Minor,2,Auto-Rickshaw,Foggy,Dry,107,Not Available,Yes,Intersection,5
2585,West Bengal,2019,December,Friday,23:13,Minor,4,Two-Wheeler,Stormy,Dry,33,Not Available,No,Curve,7
2586,Karnataka,2022,October,Monday,3:13,Fatal,3,Cycle,Stormy,Damaged,58,Valid,Yes,Bridge,1
2587,Chandigarh,2023,March,Saturday,8:19,Serious,4,Auto-Rickshaw,Hazy,Under Construction,56,Expired,Yes,Straight Road,6
2588,Mizoram,2018,November,Wednesday,4:55,Minor,1,Truck,Stormy,Damaged,116,Expired,No,Bridge,11
2589,Sikkim,2020,August,Friday,23:43,Fatal,1,Pedestrian,Stormy,Damaged,64,Not Available,No,Bridge,4
2590,Madhya Pradesh,2018,July,Monday,23:44,Minor,5,Pedestrian,Rainy,Damaged,51,Not Available,Yes,Curve,2
2591,Karnataka,2020,March,Tuesday,2:36,Fatal,4,Truck,Rainy,Damaged,48,Not Available,No,Straight Road,10
2592,Rajasthan,2019,July,Saturday,11:14,Fatal,1,Car,Stormy,Wet,71,Expired,No,Straight Road,6
2593,Puducherry,2022,December,Friday,11:9,Serious,5,Pedestrian,Hazy,Wet,43,Not Available,No,Bridge,12
2594,Uttar Pradesh,2018,April,Thursday,23:33,Fatal,2,Pedestrian,Rainy,Wet,79,Valid,No,Straight Road,11
2595,Sikkim,2022,July,Wednesday,22:20,Fatal,4,Bus,Hazy,Wet,37,Valid,No,Curve,6
2596,Rajasthan,2022,November,Sunday,0:51,Serious,4,Pedestrian,Clear,Under Construction,115,Expired,Yes,Straight Road,3
2597,Karnataka,2023,December,Saturday,15:23,Minor,4,Pedestrian,Foggy,Damaged,69,Expired,No,Bridge,3
2598,Kerala,2023,January,Tuesday,12:26,Minor,1,Auto-Rickshaw,Foggy,Dry,104,Not Available,No,Bridge,3
2599,Uttarakhand,2019,February,Friday,8:8,Fatal,4,Auto-Rickshaw,Rainy,Damaged,104,Expired,Yes,Straight Road,8
2600,Rajasthan,2020,December,Wednesday,21:46,Serious,5,Truck,Foggy,Wet,33,Valid,Yes,Curve,2
2601,Gujarat,2022,November,Friday,19:57,Serious,3,Two-Wheeler,Hazy,Under Construction,107,Expired,Yes,Straight Road,10
2602,Jammu and Kashmir,2021,April,Wednesday,2:34,Minor,2,Pedestrian,Hazy,Under Construction,88,Valid,Yes,Curve,8
2603,Jammu and Kashmir,2019,October,Wednesday,6:29,Minor,1,Pedestrian,Hazy,Wet,65,Valid,Yes,Straight Road,12
2604,Himachal Pradesh,2018,April,Friday,1:25,Minor,2,Car,Rainy,Dry,30,Expired,No,Intersection,8
2605,Tripura,2018,June,Friday,20:28,Minor,5,Car,Stormy,Damaged,105,Expired,No,Intersection,8
2606,Jammu and Kashmir,2021,April,Thursday,4:55,Fatal,1,Two-Wheeler,Clear,Dry,85,Valid,Yes,Bridge,5
2607,Goa,2023,February,Saturday,15:38,Serious,1,Pedestrian,Clear,Damaged,59,Expired,No,Intersection,9
2608,Telangana,2020,May,Monday,7:2,Serious,3,Bus,Hazy,Dry,50,Valid,Yes,Curve,5
2609,Meghalaya,2021,December,Tuesday,3:9,Minor,4,Cycle,Clear,Wet,65,Not Available,Yes,Intersection,13
2610,Punjab,2023,December,Saturday,20:27,Fatal,2,Pedestrian,Rainy,Under Construction,54,Not Available,No,Bridge,9
2611,Madhya Pradesh,2018,March,Friday,13:34,Serious,4,Two-Wheeler,Stormy,Dry,111,Expired,Yes,Straight Road,10
2612,Chhattisgarh,2023,July,Tuesday,21:52,Fatal,1,Auto-Rickshaw,Hazy,Dry,118,Not Available,No,Bridge,2
2613,Jharkhand,2019,April,Sunday,5:24,Minor,3,Cycle,Rainy,Dry,38,Not Available,No,Bridge,11
2614,Tamil Nadu,2022,April,Friday,10:6,Serious,2,Truck,Rainy,Damaged,39,Not Available,No,Intersection,11
2615,Jharkhand,2020,October,Wednesday,6:29,Serious,5,Truck,Stormy,Wet,35,Valid,No,Straight Road,10
2616,Sikkim,2022,April,Tuesday,12:28,Minor,2,Car,Rainy,Wet,54,Not Available,Yes,Curve,7
2617,Uttarakhand,2023,April,Saturday,2:7,Fatal,2,Pedestrian,Clear,Dry,44,Valid,No,Bridge,10
2618,Goa,2020,October,Saturday,22:40,Fatal,2,Truck,Stormy,Wet,110,Valid,No,Curve,11
2619,Himachal Pradesh,2022,May,Thursday,19:28,Fatal,1,Pedestrian,Stormy,Wet,65,Valid,Yes,Bridge,7
2620,Karnataka,2020,February,Thursday,19:57,Serious,5,Truck,Stormy,Dry,95,Valid,Yes,Intersection,8
2621,Mizoram,2020,April,Monday,12:36,Serious,3,Car,Stormy,Dry,86,Not Available,No,Bridge,5
2622,Jammu and Kashmir,2021,October,Wednesday,18:47,Serious,1,Truck,Stormy,Dry,82,Not Available,No,Straight Road,5
2623,Maharashtra,2022,February,Saturday,12:6,Serious,2,Two-Wheeler,Clear,Dry,71,Valid,Yes,Bridge,10
2624,Bihar,2022,February,Tuesday,21:48,Fatal,4,Two-Wheeler,Foggy,Damaged,48,Not Available,No,Straight Road,9
2625,Jharkhand,2019,December,Wednesday,10:34,Minor,5,Truck,Hazy,Wet,42,Valid,Yes,Straight Road,4
2626,West Bengal,2021,June,Wednesday,15:12,Serious,3,Bus,Rainy,Under Construction,102,Not Available,No,Bridge,4
2627,Delhi,2022,February,Tuesday,19:10,Minor,2,Bus,Clear,Under Construction,73,Not Available,Yes,Intersection,3
2628,Uttar Pradesh,2021,November,Thursday,17:19,Minor,1,Bus,Clear,Damaged,98,Not Available,Yes,Straight Road,8
2629,Goa,2019,March,Saturday,19:5,Serious,4,Bus,Stormy,Damaged,76,Not Available,No,Straight Road,7
2630,Andhra Pradesh,2021,June,Tuesday,15:15,Serious,3,Cycle,Clear,Under Construction,83,Valid,No,Intersection,2
2631,Tripura,2018,October,Sunday,19:28,Minor,5,Two-Wheeler,Rainy,Dry,76,Valid,Yes,Straight Road,6
2632,Himachal Pradesh,2023,July,Tuesday,1:18,Minor,1,Cycle,Rainy,Under Construction,103,Expired,No,Intersection,2
2633,Uttarakhand,2022,April,Sunday,8:8,Fatal,5,Cycle,Clear,Wet,87,Valid,Yes,Intersection,6
2634,Nagaland,2020,November,Sunday,7:11,Minor,5,Truck,Rainy,Damaged,36,Expired,No,Bridge,6
2635,Meghalaya,2023,October,Wednesday,1:34,Serious,2,Bus,Rainy,Damaged,47,Valid,No,Straight Road,7
2636,Odisha,2021,February,Monday,20:5,Minor,5,Truck,Stormy,Dry,113,Valid,Yes,Straight Road,9
2637,Nagaland,2022,March,Friday,20:28,Minor,3,Two-Wheeler,Foggy,Wet,64,Not Available,No,Intersection,0
2638,Chandigarh,2020,September,Thursday,10:57,Fatal,2,Pedestrian,Foggy,Wet,113,Valid,No,Intersection,6
2639,Karnataka,2018,January,Saturday,19:34,Serious,1,Two-Wheeler,Rainy,Wet,37,Expired,Yes,Intersection,2
2640,Mizoram,2019,February,Wednesday,8:12,Fatal,4,Car,Hazy,Wet,80,Not Available,Yes,Straight Road,4
2641,Haryana,2018,June,Friday,6:56,Serious,2,Pedestrian,Rainy,Wet,30,Not Available,Yes,Intersection,13
2642,Jammu and Kashmir,2023,August,Monday,23:54,Fatal,2,Cycle,Foggy,Dry,94,Valid,Yes,Intersection,11
2643,Maharashtra,2022,July,Saturday,9:37,Serious,3,Car,Foggy,Dry,101,Not Available,No,Intersection,13
2644,Kerala,2018,September,Tuesday,23:21,Minor,3,Truck,Stormy,Dry,71,Expired,No,Intersection,6
2645,Tripura,2019,November,Wednesday,21:54,Minor,4,Bus,Stormy,Dry,92,Valid,Yes,Bridge,1
2646,Kerala,2020,December,Thursday,3:43,Minor,5,Bus,Clear,Wet,97,Valid,No,Bridge,3
2647,Himachal Pradesh,2019,July,Thursday,22:25,Serious,4,Pedestrian,Foggy,Damaged,48,Expired,Yes,Curve,7
2648,Chandigarh,2019,October,Wednesday,0:47,Fatal,3,Auto-Rickshaw,Stormy,Dry,112,Expired,No,Bridge,7
2649,Punjab,2023,July,Tuesday,13:26,Fatal,5,Truck,Clear,Wet,34,Expired,No,Straight Road,10
2650,Jharkhand,2022,May,Thursday,23:1,Fatal,5,Two-Wheeler,Hazy,Damaged,90,Valid,Yes,Straight Road,5
2651,Puducherry,2018,May,Thursday,19:2,Fatal,2,Car,Clear,Dry,115,Valid,Yes,Curve,11
2652,Telangana,2023,March,Monday,16:38,Fatal,2,Bus,Stormy,Wet,101,Valid,Yes,Curve,9
2653,Manipur,2018,May,Saturday,10:14,Serious,5,Truck,Foggy,Dry,85,Valid,No,Bridge,4
2654,Mizoram,2019,September,Saturday,19:35,Fatal,3,Pedestrian,Foggy,Wet,49,Valid,Yes,Curve,10
2655,Mizoram,2019,September,Tuesday,6:20,Fatal,3,Two-Wheeler,Rainy,Dry,94,Not Available,Yes,Bridge,6
2656,Uttarakhand,2019,September,Saturday,5:24,Minor,3,Pedestrian,Clear,Dry,48,Valid,No,Intersection,10
2657,Andhra Pradesh,2020,May,Friday,18:2,Serious,2,Truck,Hazy,Wet,111,Not Available,Yes,Intersection,8
2658,Uttar Pradesh,2023,October,Friday,7:31,Fatal,2,Pedestrian,Clear,Damaged,113,Valid,No,Bridge,14
2659,Chandigarh,2018,July,Thursday,2:51,Fatal,4,Auto-Rickshaw,Foggy,Under Construction,93,Not Available,No,Intersection,9
2660,Jammu and Kashmir,2019,August,Wednesday,18:24,Fatal,1,Two-Wheeler,Stormy,Wet,78,Not Available,Yes,Straight Road,11
2661,Gujarat,2018,February,Monday,10:59,Serious,3,Two-Wheeler,Clear,Dry,87,Expired,Yes,Curve,6
2662,Telangana,2018,August,Friday,18:0,Serious,5,Auto-Rickshaw,Foggy,Dry,70,Not Available,Yes,Curve,7
2663,Puducherry,2023,September,Tuesday,12:9,Fatal,5,Truck,Clear,Under Construction,90,Valid,Yes,Bridge,12
2664,Assam,2023,November,Wednesday,3:29,Serious,3,Bus,Clear,Damaged,111,Valid,No,Intersection,6
2665,Telangana,2023,December,Tuesday,10:25,Serious,5,Auto-Rickshaw,Clear,Dry,58,Valid,No,Straight Road,10
2666,Himachal Pradesh,2019,September,Wednesday,18:52,Minor,4,Pedestrian,Rainy,Wet,109,Valid,Yes,Curve,4
2667,Tamil Nadu,2023,January,Sunday,17:11,Minor,4,Bus,Stormy,Dry,70,Valid,No,Bridge,13
2668,Sikkim,2020,July,Monday,23:29,Serious,4,Truck,Stormy,Under Construction,111,Not Available,No,Curve,7
2669,Jammu and Kashmir,2021,June,Thursday,23:27,Serious,3,Pedestrian,Hazy,Wet,89,Expired,Yes,Curve,5
2670,Assam,2021,November,Saturday,12:14,Serious,3,Car,Stormy,Wet,61,Not Available,No,Bridge,6
2671,Uttar Pradesh,2022,September,Thursday,20:23,Minor,3,Two-Wheeler,Rainy,Damaged,114,Expired,Yes,Bridge,11
2672,Goa,2022,July,Friday,8:10,Minor,3,Car,Stormy,Dry,42,Valid,No,Bridge,8
2673,Rajasthan,2018,September,Saturday,20:47,Minor,1,Auto-Rickshaw,Stormy,Dry,43,Valid,No,Curve,14
2674,Kerala,2021,September,Saturday,21:12,Fatal,2,Pedestrian,Clear,Dry,107,Valid,Yes,Curve,4
2675,Chhattisgarh,2022,December,Monday,10:48,Fatal,2,Truck,Foggy,Dry,66,Valid,No,Intersection,5
2676,Arunachal Pradesh,2023,October,Thursday,14:9,Fatal,1,Truck,Hazy,Damaged,69,Valid,No,Intersection,3
2677,Manipur,2022,March,Monday,10:47,Serious,2,Car,Stormy,Under Construction,46,Valid,Yes,Straight Road,9
2678,Odisha,2021,July,Saturday,0:49,Fatal,4,Bus,Hazy,Under Construction,104,Expired,Yes,Intersection,2
2679,Uttar Pradesh,2018,November,Sunday,18:21,Serious,2,Two-Wheeler,Foggy,Dry,107,Expired,Yes,Curve,11
2680,Mizoram,2020,April,Friday,0:32,Serious,4,Auto-Rickshaw,Hazy,Wet,109,Valid,Yes,Intersection,7
2681,Haryana,2023,November,Friday,5:4,Minor,4,Auto-Rickshaw,Foggy,Dry,48,Expired,Yes,Straight Road,9
2682,Himachal Pradesh,2023,February,Friday,12:16,Minor,4,Car,Hazy,Wet,68,Valid,Yes,Curve,5
2683,Uttarakhand,2022,November,Thursday,12:15,Fatal,1,Bus,Clear,Dry,87,Valid,Yes,Straight Road,7
2684,Andhra Pradesh,2018,October,Wednesday,3:40,Serious,4,Bus,Rainy,Under Construction,117,Not Available,Yes,Intersection,9
2685,Tamil Nadu,2022,May,Saturday,13:58,Fatal,3,Car,Clear,Dry,109,Expired,No,Bridge,12
2686,Goa,2022,July,Friday,7:3,Minor,5,Truck,Stormy,Damaged,59,Valid,Yes,Straight Road,12
2687,Arunachal Pradesh,2020,April,Tuesday,3:42,Serious,1,Truck,Rainy,Wet,90,Not Available,No,Curve,10
2688,Rajasthan,2019,June,Sunday,21:59,Fatal,1,Two-Wheeler,Rainy,Dry,70,Valid,No,Intersection,9
2689,Assam,2019,February,Tuesday,7:57,Fatal,2,Bus,Stormy,Dry,120,Not Available,No,Intersection,12
2690,Karnataka,2023,December,Monday,15:59,Fatal,1,Bus,Foggy,Damaged,59,Valid,Yes,Curve,12
2691,Maharashtra,2019,June,Saturday,12:9,Minor,3,Pedestrian,Foggy,Dry,63,Not Available,No,Straight Road,9
2692,Bihar,2023,January,Saturday,19:1,Minor,4,Car,Hazy,Under Construction,34,Not Available,No,Curve,9
2693,Rajasthan,2020,June,Saturday,14:31,Minor,1,Auto-Rickshaw,Foggy,Damaged,119,Expired,Yes,Straight Road,4
2694,Gujarat,2019,July,Friday,7:46,Fatal,5,Auto-Rickshaw,Clear,Wet,104,Not Available,No,Bridge,9
2695,Arunachal Pradesh,2020,February,Wednesday,9:5,Minor,1,Cycle,Foggy,Under Construction,46,Valid,No,Straight Road,5
2696,Madhya Pradesh,2020,December,Saturday,15:42,Minor,1,Pedestrian,Clear,Under Construction,38,Valid,Yes,Straight Road,10
2697,Jammu and Kashmir,2020,January,Monday,21:9,Minor,3,Truck,Stormy,Under Construction,90,Expired,Yes,Straight Road,12
2698,Gujarat,2020,January,Friday,4:30,Minor,3,Two-Wheeler,Clear,Under Construction,62,Not Available,Yes,Intersection,14
2699,Nagaland,2020,November,Saturday,23:41,Serious,2,Cycle,Clear,Dry,100,Valid,Yes,Curve,6
2700,Nagaland,2020,March,Saturday,20:41,Fatal,2,Car,Clear,Wet,117,Valid,Yes,Intersection,6
2701,Jammu and Kashmir,2019,August,Monday,4:54,Serious,3,Auto-Rickshaw,Stormy,Wet,112,Valid,Yes,Intersection,8
2702,Madhya Pradesh,2020,September,Friday,17:51,Serious,5,Truck,Hazy,Wet,72,Not Available,No,Straight Road,15
2703,Telangana,2019,March,Wednesday,9:47,Serious,5,Auto-Rickshaw,Hazy,Wet,110,Not Available,Yes,Curve,7
2704,Tripura,2018,March,Thursday,22:38,Serious,3,Pedestrian,Rainy,Damaged,96,Expired,Yes,Bridge,13
2705,Assam,2021,December,Wednesday,3:12,Serious,4,Two-Wheeler,Foggy,Wet,109,Not Available,Yes,Curve,14
2706,Haryana,2022,June,Wednesday,6:32,Serious,4,Car,Foggy,Damaged,77,Not Available,No,Bridge,6
2707,Jammu and Kashmir,2023,August,Monday,6:41,Serious,1,Two-Wheeler,Hazy,Under Construction,64,Not Available,No,Bridge,8
2708,Nagaland,2021,June,Friday,8:28,Serious,4,Truck,Hazy,Under Construction,106,Not Available,Yes,Straight Road,7
2709,Tamil Nadu,2018,November,Saturday,1:42,Fatal,2,Truck,Foggy,Wet,50,Valid,Yes,Bridge,6
2710,Goa,2022,August,Wednesday,14:37,Serious,2,Truck,Rainy,Under Construction,55,Not Available,No,Curve,6
2711,Mizoram,2020,August,Monday,10:52,Serious,3,Auto-Rickshaw,Hazy,Dry,30,Not Available,Yes,Curve,12
2712,Meghalaya,2019,July,Monday,6:31,Serious,5,Bus,Foggy,Under Construction,101,Not Available,Yes,Intersection,5
2713,Madhya Pradesh,2019,December,Tuesday,6:32,Minor,5,Bus,Clear,Damaged,43,Expired,No,Straight Road,3
2714,Kerala,2021,September,Friday,5:43,Serious,5,Truck,Foggy,Wet,34,Expired,No,Straight Road,7
2715,Rajasthan,2019,August,Saturday,5:51,Fatal,2,Auto-Rickshaw,Hazy,Damaged,53,Valid,No,Bridge,4
2716,Tripura,2019,November,Saturday,20:50,Minor,2,Two-Wheeler,Rainy,Damaged,69,Valid,No,Straight Road,12
2717,Delhi,2023,July,Friday,15:43,Fatal,4,Two-Wheeler,Clear,Damaged,105,Not Available,No,Intersection,4
2718,Madhya Pradesh,2021,January,Tuesday,15:3,Minor,4,Bus,Stormy,Under Construction,98,Valid,No,Bridge,5
2719,Chhattisgarh,2019,November,Friday,4:19,Minor,5,Bus,Stormy,Under Construction,64,Valid,Yes,Straight Road,10
2720,Delhi,2020,August,Saturday,1:17,Fatal,3,Car,Stormy,Wet,116,Valid,No,Straight Road,11
2721,Meghalaya,2022,October,Saturday,3:11,Minor,1,Pedestrian,Hazy,Dry,77,Valid,Yes,Bridge,3
2722,Manipur,2020,October,Saturday,23:27,Minor,4,Pedestrian,Stormy,Under Construction,45,Valid,No,Bridge,7
2723,Manipur,2019,January,Saturday,11:44,Serious,3,Auto-Rickshaw,Foggy,Under Construction,72,Expired,No,Bridge,7
2724,Chandigarh,2021,September,Tuesday,23:4,Minor,3,Two-Wheeler,Hazy,Damaged,30,Valid,No,Bridge,11
2725,Assam,2019,December,Sunday,9:54,Serious,1,Bus,Clear,Under Construction,75,Valid,Yes,Bridge,6
2726,West Bengal,2020,February,Sunday,17:38,Minor,4,Pedestrian,Stormy,Dry,111,Valid,Yes,Curve,2
2727,Mizoram,2021,July,Saturday,6:6,Serious,5,Pedestrian,Foggy,Under Construction,103,Not Available,No,Straight Road,3
2728,Nagaland,2019,December,Saturday,7:43,Minor,4,Car,Stormy,Wet,100,Not Available,No,Bridge,8
2729,Bihar,2020,May,Monday,2:0,Serious,1,Car,Foggy,Dry,36,Expired,Yes,Intersection,12
2730,Mizoram,2023,August,Sunday,1:47,Minor,1,Two-Wheeler,Clear,Damaged,44,Valid,No,Bridge,5
2731,Rajasthan,2022,April,Sunday,19:34,Minor,3,Truck,Clear,Dry,42,Expired,No,Curve,11
2732,Madhya Pradesh,2020,September,Tuesday,4:59,Fatal,2,Cycle,Clear,Wet,54,Not Available,No,Intersection,14
2733,West Bengal,2021,November,Saturday,3:4,Minor,2,Two-Wheeler,Stormy,Dry,103,Expired,No,Curve,8
2734,Jharkhand,2019,December,Thursday,12:53,Serious,1,Pedestrian,Clear,Under Construction,92,Valid,Yes,Bridge,3
2735,Himachal Pradesh,2023,March,Wednesday,11:58,Fatal,4,Car,Hazy,Under Construction,41,Expired,Yes,Straight Road,4
2736,Himachal Pradesh,2023,July,Tuesday,22:15,Minor,3,Two-Wheeler,Rainy,Wet,62,Not Available,No,Intersection,6
2737,Chhattisgarh,2021,May,Friday,18:36,Minor,4,Truck,Foggy,Damaged,32,Expired,No,Curve,7
2738,Meghalaya,2019,May,Saturday,1:23,Minor,3,Bus,Foggy,Damaged,36,Valid,No,Curve,3
2739,Nagaland,2023,November,Monday,4:51,Serious,1,Bus,Hazy,Damaged,113,Not Available,Yes,Straight Road,7
2740,Tripura,2020,July,Saturday,11:42,Serious,2,Cycle,Hazy,Wet,77,Valid,No,Bridge,10
2741,Jharkhand,2020,December,Friday,6:44,Minor,4,Truck,Hazy,Damaged,100,Valid,Yes,Curve,3
2742,Jharkhand,2022,March,Friday,8:3,Minor,3,Truck,Clear,Wet,89,Valid,No,Bridge,11
2743,Karnataka,2021,March,Tuesday,2:12,Serious,1,Two-Wheeler,Hazy,Wet,99,Valid,No,Bridge,11
2744,Goa,2021,April,Monday,14:44,Fatal,5,Car,Stormy,Wet,35,Valid,No,Curve,4
2745,Madhya Pradesh,2022,January,Thursday,22:11,Minor,5,Bus,Foggy,Damaged,65,Not Available,No,Curve,10
2746,Maharashtra,2018,March,Sunday,13:26,Serious,5,Two-Wheeler,Rainy,Damaged,87,Valid,Yes,Straight Road,4
2747,Puducherry,2022,August,Saturday,14:36,Minor,3,Auto-Rickshaw,Stormy,Damaged,82,Valid,No,Curve,13
2748,Punjab,2020,March,Sunday,6:11,Minor,5,Auto-Rickshaw,Rainy,Wet,40,Not Available,Yes,Intersection,5
2749,Gujarat,2022,January,Monday,11:22,Serious,5,Auto-Rickshaw,Hazy,Dry,54,Valid,No,Bridge,9
2750,Kerala,2020,December,Thursday,14:51,Fatal,4,Bus,Clear,Wet,104,Valid,Yes,Curve,6
2751,Chandigarh,2018,March,Saturday,5:27,Fatal,1,Bus,Stormy,Wet,31,Valid,No,Intersection,11
2752,Manipur,2019,August,Wednesday,22:24,Fatal,4,Auto-Rickshaw,Stormy,Damaged,50,Expired,Yes,Straight Road,11
2753,Karnataka,2022,October,Thursday,22:34,Fatal,2,Cycle,Clear,Under Construction,119,Expired,No,Straight Road,1
2754,Rajasthan,2021,April,Wednesday,22:10,Fatal,1,Bus,Rainy,Dry,69,Valid,Yes,Straight Road,13
2755,Odisha,2022,March,Thursday,3:40,Fatal,3,Auto-Rickshaw,Hazy,Dry,119,Valid,Yes,Intersection,7
2756,Madhya Pradesh,2018,June,Thursday,16:15,Serious,2,Bus,Rainy,Wet,95,Not Available,No,Straight Road,14
2757,Jammu and Kashmir,2020,April,Friday,16:3,Fatal,2,Cycle,Hazy,Wet,74,Valid,No,Straight Road,7
2758,Nagaland,2023,October,Monday,7:37,Fatal,5,Bus,Foggy,Dry,63,Expired,Yes,Straight Road,10
2759,Maharashtra,2020,March,Thursday,8:1,Serious,1,Truck,Hazy,Dry,44,Valid,Yes,Intersection,9
2760,Jharkhand,2023,February,Monday,20:29,Minor,1,Car,Hazy,Under Construction,84,Expired,No,Bridge,12
2761,Chandigarh,2022,October,Monday,17:23,Minor,5,Auto-Rickshaw,Clear,Wet,43,Not Available,Yes,Intersection,9
2762,Manipur,2023,March,Friday,3:6,Minor,4,Auto-Rickshaw,Stormy,Under Construction,66,Expired,No,Curve,1
2763,Haryana,2018,July,Monday,20:56,Minor,2,Pedestrian,Foggy,Wet,75,Expired,No,Bridge,14
2764,Jharkhand,2022,September,Thursday,4:36,Serious,4,Auto-Rickshaw,Hazy,Damaged,44,Expired,No,Curve,4
2765,Odisha,2021,November,Sunday,20:21,Minor,4,Car,Rainy,Under Construction,30,Valid,Yes,Curve,3
2766,Maharashtra,2020,June,Thursday,2:49,Serious,2,Auto-Rickshaw,Foggy,Wet,118,Valid,Yes,Intersection,10
2767,West Bengal,2023,December,Monday,14:41,Fatal,5,Truck,Foggy,Wet,35,Not Available,No,Bridge,15
2768,Andhra Pradesh,2019,December,Thursday,1:12,Fatal,4,Two-Wheeler,Stormy,Wet,82,Valid,Yes,Straight Road,0
2769,Odisha,2023,November,Sunday,4:42,Serious,5,Cycle,Clear,Dry,68,Expired,No,Bridge,9
2770,Puducherry,2022,March,Tuesday,4:27,Minor,4,Two-Wheeler,Foggy,Wet,61,Valid,No,Intersection,12
2771,Puducherry,2019,August,Tuesday,5:15,Minor,2,Pedestrian,Foggy,Damaged,35,Not Available,Yes,Curve,8
2772,Puducherry,2018,January,Thursday,10:32,Fatal,2,Auto-Rickshaw,Foggy,Dry,86,Not Available,No,Intersection,7
2773,Delhi,2019,July,Thursday,0:1,Minor,1,Auto-Rickshaw,Clear,Under Construction,108,Valid,Yes,Bridge,10
2774,Haryana,2022,February,Saturday,7:44,Fatal,4,Car,Hazy,Under Construction,39,Expired,No,Intersection,4
2775,Meghalaya,2018,August,Friday,19:11,Fatal,3,Cycle,Rainy,Dry,75,Expired,Yes,Intersection,11
2776,Uttarakhand,2023,March,Saturday,16:36,Serious,3,Auto-Rickshaw,Hazy,Under Construction,62,Not Available,Yes,Straight Road,10
2777,Uttarakhand,2022,July,Sunday,21:3,Fatal,2,Auto-Rickshaw,Rainy,Wet,35,Valid,No,Curve,11
2778,Nagaland,2020,May,Tuesday,13:37,Minor,1,Auto-Rickshaw,Rainy,Wet,62,Expired,Yes,Straight Road,13
2779,Uttarakhand,2023,December,Sunday,13:2,Minor,2,Two-Wheeler,Stormy,Under Construction,87,Expired,No,Straight Road,11
2780,Madhya Pradesh,2022,June,Sunday,17:0,Serious,2,Auto-Rickshaw,Stormy,Under Construction,79,Valid,Yes,Curve,8
2781,Jharkhand,2023,January,Monday,2:22,Minor,5,Pedestrian,Foggy,Dry,75,Not Available,No,Bridge,0
2782,Chandigarh,2018,January,Monday,21:32,Minor,5,Cycle,Hazy,Wet,59,Not Available,Yes,Bridge,10
2783,Nagaland,2019,July,Thursday,19:33,Fatal,4,Cycle,Rainy,Wet,102,Expired,No,Curve,1
2784,Maharashtra,2018,July,Sunday,12:3,Fatal,4,Car,Foggy,Dry,33,Valid,Yes,Straight Road,11
2785,Kerala,2023,October,Monday,0:52,Minor,1,Two-Wheeler,Rainy,Damaged,51,Valid,No,Curve,2
2786,Andhra Pradesh,2023,August,Tuesday,6:44,Serious,4,Car,Hazy,Damaged,92,Valid,Yes,Straight Road,6
2787,Puducherry,2018,November,Friday,14:4,Minor,5,Bus,Stormy,Wet,44,Valid,No,Curve,6
2788,West Bengal,2018,September,Wednesday,8:46,Minor,5,Two-Wheeler,Foggy,Dry,64,Not Available,No,Intersection,6
2789,Delhi,2021,October,Sunday,13:55,Fatal,3,Truck,Rainy,Dry,117,Valid,No,Straight Road,7
2790,Chhattisgarh,2018,June,Saturday,10:23,Serious,5,Truck,Rainy,Dry,69,Valid,Yes,Bridge,4
2791,Andhra Pradesh,2019,July,Saturday,15:47,Minor,2,Auto-Rickshaw,Hazy,Dry,117,Not Available,No,Straight Road,3
2792,West Bengal,2019,July,Monday,0:58,Serious,1,Car,Rainy,Wet,55,Not Available,Yes,Straight Road,1
2793,Manipur,2022,November,Saturday,16:27,Fatal,3,Cycle,Clear,Under Construction,105,Valid,No,Curve,4
2794,Manipur,2022,January,Saturday,11:23,Minor,4,Two-Wheeler,Clear,Dry,60,Valid,No,Intersection,10
2795,Odisha,2023,January,Friday,6:9,Minor,3,Two-Wheeler,Foggy,Dry,36,Expired,Yes,Curve,9
2796,West Bengal,2022,November,Friday,11:33,Serious,3,Cycle,Foggy,Wet,42,Not Available,Yes,Curve,5
2797,Himachal Pradesh,2020,December,Monday,19:26,Minor,1,Auto-Rickshaw,Rainy,Under Construction,47,Expired,Yes,Straight Road,7
2798,Chhattisgarh,2023,June,Sunday,0:40,Minor,2,Two-Wheeler,Stormy,Wet,48,Expired,Yes,Straight Road,0
2799,Sikkim,2018,May,Tuesday,0:17,Minor,3,Pedestrian,Foggy,Wet,76,Not Available,Yes,Intersection,6
2800,Nagaland,2018,December,Wednesday,23:46,Fatal,4,Cycle,Clear,Damaged,104,Valid,No,Intersection,14
2801,Chhattisgarh,2023,April,Friday,9:59,Serious,2,Truck,Rainy,Dry,96,Valid,No,Bridge,0
2802,Jammu and Kashmir,2018,March,Thursday,7:49,Fatal,1,Truck,Hazy,Dry,37,Not Available,No,Curve,4
2803,Jammu and Kashmir,2021,September,Friday,10:20,Serious,2,Bus,Stormy,Wet,84,Expired,No,Bridge,12
2804,Karnataka,2022,May,Thursday,12:25,Minor,5,Cycle,Stormy,Dry,33,Valid,No,Intersection,14
2805,Uttar Pradesh,2019,September,Sunday,16:27,Fatal,1,Two-Wheeler,Rainy,Wet,69,Valid,No,Curve,10
2806,Puducherry,2019,August,Tuesday,7:39,Fatal,3,Two-Wheeler,Stormy,Wet,38,Not Available,Yes,Straight Road,7
2807,Sikkim,2021,December,Friday,8:34,Minor,3,Pedestrian,Hazy,Damaged,90,Not Available,Yes,Bridge,3
2808,Uttarakhand,2022,November,Tuesday,4:26,Minor,3,Car,Clear,Under Construction,105,Valid,Yes,Bridge,5
2809,Madhya Pradesh,2019,August,Saturday,19:32,Minor,4,Bus,Clear,Wet,100,Not Available,No,Intersection,5
2810,Mizoram,2021,March,Thursday,9:7,Serious,4,Bus,Clear,Damaged,89,Valid,No,Intersection,9
2811,Jharkhand,2019,March,Wednesday,6:55,Minor,5,Bus,Rainy,Damaged,72,Valid,Yes,Straight Road,9
2812,Gujarat,2020,June,Sunday,6:31,Minor,4,Pedestrian,Foggy,Damaged,114,Not Available,No,Straight Road,2
2813,Odisha,2020,July,Monday,17:16,Minor,4,Cycle,Hazy,Under Construction,98,Valid,Yes,Straight Road,6
2814,Kerala,2021,October,Saturday,2:44,Serious,5,Auto-Rickshaw,Clear,Dry,32,Expired,Yes,Bridge,13
2815,Uttarakhand,2018,September,Wednesday,8:30,Fatal,2,Cycle,Rainy,Wet,50,Not Available,Yes,Curve,4
2816,Andhra Pradesh,2020,June,Monday,6:29,Minor,2,Truck,Foggy,Under Construction,45,Valid,No,Curve,13
2817,Meghalaya,2018,July,Friday,22:27,Fatal,5,Two-Wheeler,Clear,Under Construction,99,Valid,No,Straight Road,8
2818,Uttar Pradesh,2019,October,Tuesday,19:45,Minor,3,Auto-Rickshaw,Stormy,Wet,70,Expired,Yes,Bridge,9
2819,Gujarat,2023,September,Thursday,14:25,Fatal,2,Auto-Rickshaw,Rainy,Wet,35,Not Available,No,Curve,9
2820,Chhattisgarh,2022,July,Saturday,18:8,Fatal,1,Auto-Rickshaw,Foggy,Under Construction,83,Expired,No,Intersection,10
2821,West Bengal,2022,May,Saturday,13:9,Minor,3,Pedestrian,Clear,Under Construction,89,Valid,No,Curve,10
2822,Meghalaya,2020,October,Sunday,2:4,Serious,4,Auto-Rickshaw,Stormy,Dry,30,Not Available,Yes,Bridge,9
2823,Uttar Pradesh,2021,October,Friday,23:38,Serious,2,Truck,Clear,Dry,89,Not Available,Yes,Intersection,5
2824,Odisha,2019,June,Tuesday,13:14,Fatal,4,Car,Rainy,Under Construction,113,Expired,No,Straight Road,7
2825,Uttarakhand,2022,April,Saturday,13:2,Fatal,3,Cycle,Foggy,Wet,66,Expired,No,Straight Road,6
2826,Tamil Nadu,2018,September,Friday,22:57,Minor,4,Cycle,Hazy,Damaged,105,Valid,Yes,Intersection,7
2827,Gujarat,2023,July,Saturday,0:44,Serious,2,Pedestrian,Stormy,Under Construction,77,Not Available,Yes,Intersection,11
2828,Gujarat,2021,May,Tuesday,13:27,Minor,2,Truck,Rainy,Under Construction,92,Not Available,Yes,Bridge,12
2829,Mizoram,2023,October,Thursday,22:23,Minor,2,Pedestrian,Clear,Dry,94,Not Available,Yes,Intersection,10
2830,Tamil Nadu,2023,February,Friday,23:59,Minor,5,Two-Wheeler,Stormy,Wet,112,Valid,No,Bridge,2
2831,Mizoram,2020,August,Saturday,8:35,Fatal,3,Cycle,Foggy,Under Construction,70,Expired,Yes,Curve,7
2832,Karnataka,2018,March,Friday,13:23,Serious,5,Car,Hazy,Damaged,81,Not Available,No,Straight Road,3
2833,West Bengal,2023,May,Tuesday,6:17,Minor,5,Car,Hazy,Damaged,70,Expired,Yes,Intersection,2
2834,Karnataka,2023,November,Monday,15:55,Minor,4,Auto-Rickshaw,Hazy,Damaged,62,Not Available,No,Curve,4
2835,Chhattisgarh,2021,June,Tuesday,7:49,Serious,1,Auto-Rickshaw,Rainy,Damaged,35,Not Available,Yes,Curve,10
2836,West Bengal,2023,December,Monday,16:26,Minor,1,Pedestrian,Rainy,Under Construction,106,Valid,No,Bridge,2
2837,Puducherry,2022,May,Thursday,1:19,Fatal,4,Car,Rainy,Under Construction,100,Expired,No,Straight Road,6
2838,Uttar Pradesh,2019,March,Wednesday,9:53,Serious,5,Car,Hazy,Under Construction,64,Not Available,Yes,Straight Road,10
2839,Uttar Pradesh,2023,October,Monday,11:18,Minor,3,Auto-Rickshaw,Foggy,Damaged,32,Not Available,No,Curve,5
2840,Karnataka,2018,July,Tuesday,2:11,Minor,4,Pedestrian,Rainy,Wet,47,Expired,Yes,Curve,11
2841,Nagaland,2020,June,Monday,9:50,Minor,2,Pedestrian,Stormy,Dry,117,Not Available,No,Bridge,8
2842,Haryana,2021,April,Saturday,23:6,Serious,3,Cycle,Rainy,Dry,79,Valid,No,Curve,8
2843,Goa,2021,May,Thursday,0:14,Minor,1,Two-Wheeler,Stormy,Damaged,51,Valid,Yes,Straight Road,10
2844,Uttar Pradesh,2020,June,Friday,21:11,Serious,2,Cycle,Clear,Damaged,51,Expired,No,Bridge,4
2845,Tamil Nadu,2019,October,Wednesday,2:33,Fatal,2,Two-Wheeler,Rainy,Wet,36,Not Available,Yes,Bridge,6
2846,Delhi,2020,December,Thursday,18:12,Minor,2,Auto-Rickshaw,Hazy,Dry,65,Not Available,Yes,Intersection,5
2847,Tamil Nadu,2020,June,Thursday,3:45,Fatal,1,Bus,Stormy,Under Construction,107,Expired,Yes,Intersection,4
2848,Odisha,2020,February,Tuesday,14:5,Fatal,4,Cycle,Clear,Under Construction,93,Valid,Yes,Intersection,4
2849,Gujarat,2020,June,Thursday,1:38,Fatal,5,Pedestrian,Foggy,Dry,94,Not Available,Yes,Bridge,7
2850,Meghalaya,2020,July,Thursday,23:7,Fatal,5,Bus,Stormy,Dry,115,Expired,Yes,Intersection,15
2851,Tripura,2019,March,Saturday,4:10,Minor,2,Two-Wheeler,Hazy,Dry,50,Not Available,Yes,Bridge,8
2852,Manipur,2022,January,Friday,5:39,Fatal,4,Two-Wheeler,Stormy,Dry,69,Valid,No,Curve,3
2853,Assam,2019,September,Sunday,15:22,Serious,1,Bus,Foggy,Wet,112,Valid,No,Straight Road,7
2854,Delhi,2018,July,Saturday,4:43,Minor,5,Auto-Rickshaw,Clear,Under Construction,91,Not Available,Yes,Intersection,9
2855,Kerala,2019,July,Friday,22:20,Fatal,5,Truck,Clear,Damaged,87,Expired,Yes,Curve,6
2856,Puducherry,2020,November,Monday,2:38,Minor,1,Cycle,Foggy,Damaged,70,Valid,Yes,Intersection,9
2857,Andhra Pradesh,2022,November,Sunday,1:29,Serious,4,Car,Rainy,Wet,104,Not Available,Yes,Curve,3
2858,Uttarakhand,2022,January,Sunday,8:18,Minor,3,Truck,Rainy,Dry,69,Expired,Yes,Straight Road,4
2859,Tamil Nadu,2023,August,Sunday,1:59,Fatal,2,Bus,Rainy,Wet,68,Not Available,Yes,Bridge,1
2860,Punjab,2018,August,Wednesday,15:59,Serious,4,Auto-Rickshaw,Stormy,Damaged,107,Not Available,No,Intersection,6
2861,Meghalaya,2018,March,Sunday,2:29,Minor,1,Car,Rainy,Damaged,64,Expired,No,Bridge,11
2862,Delhi,2018,April,Saturday,10:52,Serious,3,Cycle,Rainy,Damaged,81,Expired,Yes,Bridge,10
2863,Telangana,2023,May,Tuesday,12:24,Minor,4,Cycle,Stormy,Wet,57,Not Available,No,Bridge,13
2864,Sikkim,2022,May,Tuesday,16:19,Serious,1,Two-Wheeler,Hazy,Damaged,91,Expired,Yes,Bridge,4
2865,Maharashtra,2021,September,Saturday,20:54,Minor,4,Car,Rainy,Damaged,72,Not Available,No,Bridge,6
2866,Punjab,2020,March,Sunday,12:49,Serious,1,Two-Wheeler,Clear,Under Construction,78,Not Available,No,Intersection,2
2867,Chandigarh,2023,November,Thursday,5:15,Minor,2,Cycle,Stormy,Dry,92,Expired,No,Bridge,6
2868,Uttar Pradesh,2023,July,Monday,3:30,Minor,5,Pedestrian,Hazy,Wet,35,Valid,Yes,Straight Road,10
2869,Rajasthan,2022,August,Monday,5:42,Minor,5,Pedestrian,Stormy,Dry,68,Valid,Yes,Curve,14
2870,Madhya Pradesh,2023,January,Monday,13:47,Serious,5,Car,Rainy,Damaged,63,Valid,No,Intersection,7
2871,Meghalaya,2019,October,Thursday,1:39,Fatal,2,Cycle,Stormy,Dry,92,Not Available,Yes,Bridge,11
2872,Telangana,2018,June,Monday,7:38,Fatal,1,Cycle,Foggy,Wet,80,Expired,Yes,Intersection,5
2873,Tripura,2019,July,Monday,16:43,Fatal,3,Truck,Hazy,Wet,59,Valid,No,Curve,3
2874,Nagaland,2019,August,Saturday,8:45,Serious,4,Auto-Rickshaw,Hazy,Damaged,115,Expired,Yes,Intersection,10
2875,Manipur,2020,March,Saturday,2:59,Minor,1,Auto-Rickshaw,Rainy,Dry,109,Not Available,Yes,Curve,2
2876,Gujarat,2019,August,Wednesday,19:9,Fatal,3,Auto-Rickshaw,Clear,Wet,82,Expired,Yes,Intersection,8
2877,Chandigarh,2020,September,Thursday,2:54,Serious,2,Cycle,Stormy,Damaged,53,Not Available,Yes,Intersection,8
2878,Meghalaya,2020,January,Thursday,3:40,Serious,1,Pedestrian,Rainy,Wet,108,Not Available,No,Curve,7
2879,Himachal Pradesh,2021,May,Saturday,10:24,Serious,2,Pedestrian,Clear,Dry,97,Not Available,No,Bridge,4
2880,Puducherry,2019,March,Monday,3:32,Minor,2,Pedestrian,Clear,Wet,47,Expired,No,Straight Road,12
2881,Chhattisgarh,2019,August,Friday,2:18,Serious,5,Car,Foggy,Under Construction,56,Valid,Yes,Bridge,10
2882,Meghalaya,2020,October,Friday,8:32,Minor,2,Bus,Stormy,Under Construction,31,Expired,Yes,Curve,13
2883,Uttarakhand,2022,January,Monday,5:7,Serious,5,Auto-Rickshaw,Clear,Wet,53,Expired,Yes,Intersection,1
2884,Tripura,2020,February,Saturday,19:0,Fatal,2,Two-Wheeler,Clear,Dry,53,Valid,No,Bridge,7
2885,Jammu and Kashmir,2019,June,Wednesday,23:57,Minor,4,Truck,Foggy,Under Construction,61,Not Available,No,Bridge,8
2886,Chhattisgarh,2023,November,Saturday,22:13,Minor,5,Two-Wheeler,Stormy,Damaged,111,Not Available,No,Straight Road,4
2887,Arunachal Pradesh,2022,October,Friday,7:30,Serious,5,Bus,Clear,Under Construction,87,Valid,No,Intersection,10
2888,Jammu and Kashmir,2018,September,Saturday,1:49,Serious,1,Cycle,Clear,Damaged,71,Expired,Yes,Curve,5
2889,Madhya Pradesh,2022,February,Friday,10:0,Serious,3,Cycle,Rainy,Damaged,115,Expired,Yes,Curve,12
2890,Rajasthan,2023,September,Sunday,13:57,Minor,1,Car,Foggy,Under Construction,34,Valid,Yes,Bridge,11
2891,Andhra Pradesh,2023,November,Friday,12:58,Minor,1,Auto-Rickshaw,Clear,Damaged,114,Expired,Yes,Intersection,5
2892,Arunachal Pradesh,2019,May,Friday,17:56,Fatal,3,Two-Wheeler,Clear,Under Construction,89,Valid,Yes,Bridge,8
2893,Bihar,2022,January,Tuesday,21:49,Minor,1,Car,Clear,Dry,94,Valid,Yes,Intersection,3
2894,Jammu and Kashmir,2021,March,Tuesday,9:4,Minor,4,Auto-Rickshaw,Stormy,Wet,31,Expired,Yes,Straight Road,8
2895,Odisha,2022,September,Saturday,3:35,Serious,3,Bus,Foggy,Wet,109,Valid,Yes,Intersection,3
2896,Madhya Pradesh,2019,December,Tuesday,7:49,Fatal,1,Car,Stormy,Dry,49,Expired,Yes,Straight Road,2
2897,West Bengal,2021,February,Saturday,2:3,Fatal,5,Car,Clear,Wet,119,Expired,No,Bridge,8
2898,Gujarat,2022,August,Saturday,6:7,Minor,4,Car,Clear,Under Construction,114,Expired,No,Intersection,8
2899,Uttarakhand,2022,February,Monday,17:45,Fatal,5,Two-Wheeler,Rainy,Damaged,56,Valid,No,Curve,11
2900,Uttarakhand,2023,October,Thursday,18:20,Fatal,5,Cycle,Rainy,Dry,120,Not Available,Yes,Intersection,5
2901,Tamil Nadu,2018,October,Sunday,22:21,Serious,1,Car,Rainy,Damaged,106,Not Available,No,Curve,2
2902,Mizoram,2018,September,Friday,21:23,Serious,2,Truck,Foggy,Wet,79,Valid,No,Straight Road,3
2903,Tripura,2022,June,Saturday,16:7,Minor,5,Auto-Rickshaw,Hazy,Dry,99,Expired,No,Straight Road,12
2904,Nagaland,2023,September,Saturday,10:23,Minor,2,Bus,Rainy,Under Construction,71,Not Available,No,Curve,1
2905,Manipur,2021,May,Tuesday,4:54,Serious,5,Truck,Hazy,Wet,58,Valid,No,Intersection,10
2906,Uttarakhand,2020,June,Saturday,13:7,Serious,4,Car,Foggy,Under Construction,54,Expired,No,Intersection,2
2907,Maharashtra,2022,February,Sunday,22:0,Minor,1,Pedestrian,Rainy,Dry,72,Valid,No,Intersection,4
2908,Karnataka,2020,December,Thursday,13:28,Minor,5,Pedestrian,Stormy,Under Construction,115,Not Available,No,Curve,13
2909,Chandigarh,2020,April,Thursday,5:49,Fatal,4,Truck,Foggy,Dry,73,Not Available,Yes,Curve,5
2910,Uttarakhand,2023,June,Tuesday,17:54,Minor,2,Auto-Rickshaw,Foggy,Wet,85,Expired,Yes,Curve,5
2911,Delhi,2020,January,Friday,9:56,Minor,1,Auto-Rickshaw,Hazy,Under Construction,30,Expired,Yes,Straight Road,4
2912,Haryana,2019,June,Wednesday,20:27,Fatal,3,Cycle,Hazy,Dry,41,Valid,Yes,Curve,7
2913,Tamil Nadu,2022,September,Monday,5:50,Minor,5,Bus,Hazy,Damaged,64,Valid,No,Bridge,6
2914,Madhya Pradesh,2018,October,Wednesday,3:42,Fatal,1,Pedestrian,Stormy,Under Construction,67,Valid,Yes,Straight Road,10
2915,Goa,2019,October,Tuesday,15:40,Serious,4,Cycle,Hazy,Dry,100,Valid,No,Straight Road,9
2916,Haryana,2023,June,Sunday,9:11,Fatal,5,Pedestrian,Clear,Under Construction,109,Not Available,Yes,Curve,10
2917,Haryana,2021,January,Thursday,8:6,Serious,3,Car,Hazy,Damaged,36,Not Available,Yes,Bridge,9
2918,Himachal Pradesh,2018,January,Saturday,10:39,Minor,5,Pedestrian,Rainy,Wet,107,Expired,Yes,Straight Road,2
2919,Andhra Pradesh,2020,October,Sunday,11:32,Minor,5,Car,Stormy,Wet,33,Valid,Yes,Straight Road,9
2920,Sikkim,2019,April,Wednesday,8:9,Fatal,1,Auto-Rickshaw,Rainy,Dry,38,Valid,No,Curve,3
2921,Himachal Pradesh,2018,March,Tuesday,14:39,Fatal,3,Auto-Rickshaw,Clear,Dry,114,Not Available,Yes,Intersection,5
2922,Karnataka,2023,July,Wednesday,21:13,Fatal,2,Pedestrian,Stormy,Wet,76,Valid,No,Bridge,8
2923,Haryana,2018,October,Wednesday,21:24,Serious,1,Pedestrian,Stormy,Damaged,50,Valid,Yes,Curve,10
2924,Odisha,2022,December,Sunday,23:55,Minor,4,Truck,Stormy,Damaged,65,Not Available,No,Curve,5
2925,Rajasthan,2023,June,Thursday,9:45,Fatal,2,Pedestrian,Rainy,Wet,93,Expired,No,Bridge,7
2926,Delhi,2018,October,Saturday,11:49,Minor,3,Truck,Clear,Under Construction,83,Valid,Yes,Straight Road,8
2927,Puducherry,2022,October,Wednesday,6:15,Serious,5,Bus,Rainy,Dry,114,Expired,Yes,Intersection,10
2928,Gujarat,2018,October,Thursday,22:54,Serious,3,Two-Wheeler,Stormy,Wet,112,Not Available,No,Bridge,4
2929,West Bengal,2020,September,Friday,16:52,Serious,2,Car,Stormy,Damaged,100,Not Available,Yes,Straight Road,13
2930,Madhya Pradesh,2022,April,Wednesday,13:35,Fatal,5,Car,Foggy,Dry,66,Not Available,Yes,Straight Road,7
2931,Kerala,2022,February,Monday,16:20,Serious,1,Truck,Foggy,Damaged,109,Not Available,Yes,Bridge,13
2932,Jharkhand,2023,January,Monday,5:5,Fatal,5,Two-Wheeler,Stormy,Under Construction,108,Valid,Yes,Intersection,6
2933,Kerala,2019,April,Thursday,7:43,Fatal,3,Bus,Rainy,Damaged,45,Not Available,No,Straight Road,12
2934,Delhi,2019,February,Tuesday,14:24,Serious,4,Two-Wheeler,Stormy,Dry,88,Valid,Yes,Bridge,5
2935,Bihar,2019,December,Sunday,14:11,Minor,4,Pedestrian,Hazy,Damaged,110,Not Available,Yes,Intersection,8
2936,Bihar,2018,August,Friday,22:19,Minor,5,Bus,Foggy,Wet,41,Expired,No,Intersection,7
2937,Arunachal Pradesh,2022,November,Wednesday,17:18,Fatal,1,Car,Hazy,Damaged,102,Not Available,No,Straight Road,6
2938,Assam,2022,January,Thursday,4:19,Minor,4,Pedestrian,Stormy,Wet,45,Expired,Yes,Intersection,14
2939,Odisha,2021,April,Sunday,4:19,Fatal,2,Cycle,Rainy,Damaged,65,Valid,Yes,Curve,5
2940,Chhattisgarh,2018,January,Tuesday,8:0,Minor,5,Auto-Rickshaw,Clear,Dry,46,Not Available,No,Straight Road,9
2941,Madhya Pradesh,2020,March,Wednesday,5:26,Fatal,2,Auto-Rickshaw,Stormy,Damaged,61,Valid,No,Straight Road,2
2942,Andhra Pradesh,2018,January,Thursday,6:38,Fatal,4,Car,Foggy,Dry,100,Valid,Yes,Straight Road,5
2943,Haryana,2023,April,Sunday,18:53,Fatal,1,Cycle,Hazy,Under Construction,71,Valid,Yes,Straight Road,10
2944,Delhi,2018,September,Monday,20:44,Fatal,4,Auto-Rickshaw,Hazy,Wet,115,Expired,Yes,Bridge,9
2945,Jammu and Kashmir,2019,March,Thursday,3:48,Minor,4,Truck,Stormy,Damaged,91,Expired,No,Bridge,11
2946,Goa,2019,January,Thursday,18:7,Fatal,1,Truck,Rainy,Wet,97,Valid,No,Curve,3
2947,Telangana,2020,July,Wednesday,21:14,Serious,2,Auto-Rickshaw,Stormy,Damaged,100,Valid,Yes,Bridge,4
2948,Telangana,2021,November,Sunday,23:2,Serious,3,Truck,Foggy,Damaged,65,Not Available,No,Straight Road,4
2949,West Bengal,2018,October,Wednesday,15:22,Serious,4,Truck,Clear,Under Construction,35,Not Available,Yes,Bridge,9
2950,West Bengal,2018,October,Wednesday,10:22,Minor,2,Car,Stormy,Damaged,86,Valid,Yes,Curve,11
2951,Tamil Nadu,2022,November,Tuesday,15:7,Minor,2,Cycle,Rainy,Under Construction,70,Valid,No,Bridge,10
2952,Odisha,2022,June,Sunday,19:6,Serious,1,Truck,Foggy,Under Construction,113,Expired,Yes,Straight Road,3
2953,Delhi,2019,February,Tuesday,7:31,Minor,3,Car,Hazy,Wet,55,Not Available,No,Intersection,8
2954,Jammu and Kashmir,2022,February,Sunday,22:42,Serious,1,Bus,Foggy,Damaged,114,Valid,No,Curve,2
2955,Himachal Pradesh,2022,August,Tuesday,4:41,Serious,4,Auto-Rickshaw,Rainy,Dry,100,Not Available,Yes,Curve,7
2956,Arunachal Pradesh,2021,June,Thursday,5:27,Serious,2,Truck,Hazy,Dry,81,Not Available,Yes,Bridge,8
2957,Jammu and Kashmir,2021,June,Tuesday,3:23,Fatal,5,Two-Wheeler,Stormy,Wet,53,Valid,No,Curve,12
2958,Uttar Pradesh,2023,February,Tuesday,3:27,Minor,4,Bus,Hazy,Wet,93,Expired,Yes,Curve,10
2959,Manipur,2019,March,Friday,20:41,Minor,3,Auto-Rickshaw,Rainy,Under Construction,52,Expired,Yes,Intersection,8
2960,Sikkim,2020,August,Monday,21:2,Serious,3,Car,Clear,Dry,101,Expired,Yes,Straight Road,10
2961,Puducherry,2023,March,Sunday,22:16,Fatal,5,Pedestrian,Clear,Wet,99,Not Available,No,Intersection,6
2962,Haryana,2021,July,Thursday,1:55,Serious,4,Auto-Rickshaw,Stormy,Wet,111,Expired,Yes,Straight Road,4
2963,Odisha,2022,December,Friday,10:2,Minor,1,Bus,Hazy,Under Construction,59,Expired,No,Intersection,8
2964,Jammu and Kashmir,2021,December,Tuesday,17:17,Minor,1,Cycle,Hazy,Wet,43,Not Available,No,Straight Road,8
2965,Meghalaya,2022,November,Tuesday,18:10,Serious,4,Truck,Clear,Damaged,46,Expired,Yes,Straight Road,12
2966,Rajasthan,2022,December,Thursday,10:15,Serious,1,Pedestrian,Stormy,Damaged,115,Expired,Yes,Straight Road,3
2967,Jammu and Kashmir,2022,March,Wednesday,9:2,Serious,3,Two-Wheeler,Stormy,Dry,108,Not Available,Yes,Straight Road,12
2968,Gujarat,2019,March,Saturday,17:47,Serious,4,Auto-Rickshaw,Hazy,Wet,84,Not Available,No,Intersection,7
2969,Telangana,2023,September,Wednesday,18:29,Minor,3,Cycle,Rainy,Dry,79,Not Available,No,Curve,6
2970,Bihar,2022,May,Wednesday,2:56,Fatal,5,Two-Wheeler,Rainy,Under Construction,114,Valid,No,Intersection,8
2971,Delhi,2023,January,Wednesday,5:29,Minor,2,Truck,Foggy,Damaged,60,Valid,Yes,Straight Road,10
2972,Tamil Nadu,2019,March,Thursday,13:32,Fatal,3,Truck,Rainy,Dry,107,Expired,Yes,Intersection,10
2973,West Bengal,2019,May,Thursday,17:46,Fatal,3,Truck,Rainy,Dry,36,Expired,No,Curve,9
2974,Chhattisgarh,2019,August,Tuesday,7:23,Fatal,2,Two-Wheeler,Hazy,Under Construction,91,Valid,Yes,Intersection,8
2975,Bihar,2020,March,Tuesday,9:11,Serious,3,Two-Wheeler,Hazy,Damaged,88,Not Available,No,Intersection,10
2976,Rajasthan,2021,February,Wednesday,21:36,Serious,3,Truck,Foggy,Damaged,50,Expired,Yes,Straight Road,7
2977,Uttarakhand,2023,July,Sunday,10:4,Minor,2,Two-Wheeler,Stormy,Under Construction,108,Not Available,Yes,Bridge,5
2978,Haryana,2023,February,Saturday,1:53,Fatal,1,Truck,Hazy,Damaged,52,Valid,Yes,Bridge,13
2979,Jammu and Kashmir,2021,November,Wednesday,13:23,Minor,3,Bus,Clear,Dry,49,Expired,No,Straight Road,2
2980,Meghalaya,2022,May,Wednesday,6:27,Fatal,5,Bus,Hazy,Wet,120,Expired,No,Intersection,3
2981,Maharashtra,2022,January,Tuesday,2:2,Minor,2,Auto-Rickshaw,Hazy,Damaged,32,Expired,Yes,Straight Road,9
2982,Uttarakhand,2018,March,Sunday,10:16,Fatal,3,Car,Hazy,Wet,76,Expired,No,Intersection,12
2983,Chandigarh,2023,August,Monday,9:59,Minor,1,Truck,Rainy,Under Construction,65,Valid,Yes,Bridge,10
2984,Kerala,2019,December,Friday,19:36,Serious,5,Truck,Clear,Damaged,44,Not Available,Yes,Curve,9
2985,Himachal Pradesh,2021,December,Friday,12:1,Serious,1,Auto-Rickshaw,Hazy,Damaged,30,Not Available,No,Straight Road,8
2986,Delhi,2023,February,Wednesday,11:56,Serious,3,Bus,Rainy,Under Construction,100,Valid,No,Intersection,14
2987,Jharkhand,2023,November,Wednesday,5:3,Fatal,1,Bus,Clear,Dry,118,Not Available,Yes,Curve,3
2988,Meghalaya,2018,June,Friday,22:52,Minor,4,Bus,Hazy,Under Construction,119,Valid,No,Curve,3
2989,Bihar,2021,March,Saturday,3:0,Minor,4,Two-Wheeler,Foggy,Damaged,72,Expired,No,Straight Road,6
2990,Meghalaya,2020,December,Sunday,2:40,Serious,5,Auto-Rickshaw,Rainy,Wet,99,Expired,Yes,Curve,10
2991,Chhattisgarh,2020,September,Friday,3:24,Minor,1,Car,Clear,Wet,107,Not Available,Yes,Straight Road,8
2992,Tripura,2018,December,Tuesday,20:47,Minor,5,Car,Rainy,Dry,33,Expired,Yes,Bridge,3
2993,Bihar,2023,August,Wednesday,2:7,Fatal,3,Pedestrian,Foggy,Under Construction,118,Valid,Yes,Straight Road,2
2994,Uttarakhand,2021,February,Monday,10:47,Fatal,5,Cycle,Hazy,Dry,78,Expired,No,Intersection,9
2995,Tamil Nadu,2021,January,Sunday,1:15,Minor,5,Truck,Foggy,Wet,74,Expired,Yes,Intersection,7
2996,Uttarakhand,2018,July,Sunday,10:12,Fatal,3,Car,Hazy,Under Construction,86,Not Available,Yes,Intersection,3
2997,Meghalaya,2021,January,Thursday,19:34,Minor,2,Two-Wheeler,Rainy,Dry,47,Valid,Yes,Intersection,13
2998,Meghalaya,2023,June,Sunday,20:54,Fatal,1,Cycle,Stormy,Under Construction,60,Expired,Yes,Bridge,11
2999,Arunachal Pradesh,2020,September,Monday,7:19,Fatal,5,Cycle,Hazy,Under Construction,40,Not Available,Yes,Bridge,4
